State,District,Year,No_of_Accounts,Credit_Limit_Cr,Amount_Outstanding_Cr,Credit_Utilization_Ratio
ANDAMAN & NICOBAR ISLANDS,NICOBAR,2019,700,30.7143,22.6322,0.7369
ANDAMAN & NICOBAR ISLANDS,NICOBAR,2020,712,35.5725,26.3212,0.7399
ANDAMAN & NICOBAR ISLANDS,NICOBAR,2021,801,42.7047,32.7415,0.7667
ANDAMAN & NICOBAR ISLANDS,NICOBAR,2022,10691,203.0258,135.9722,0.6697
ANDAMAN & NICOBAR ISLANDS,NICOBAR,2023,1053,62.5147,47.7869,0.7644
ANDAMAN & NICOBAR ISLANDS,NICOBAR,2024,1139,70.4852,51.7193,0.7338
ANDAMAN & NICOBAR ISLANDS,NORTH AND MIDDLE ANDAMAN,2019,5767,245.1288,189.5118,0.7731
ANDAMAN & NICOBAR ISLANDS,NORTH AND MIDDLE ANDAMAN,2020,6062,269.6944,200.2939,0.7427
ANDAMAN & NICOBAR ISLANDS,NORTH AND MIDDLE ANDAMAN,2021,6801,296.4958,220.2044,0.7427
ANDAMAN & NICOBAR ISLANDS,NORTH AND MIDDLE ANDAMAN,2022,7074,330.2916,247.1341,0.7482
ANDAMAN & NICOBAR ISLANDS,NORTH AND MIDDLE ANDAMAN,2023,7799,380.746,289.2887,0.7598
ANDAMAN & NICOBAR ISLANDS,NORTH AND MIDDLE ANDAMAN,2024,8476,428.7266,319.3894,0.745
ANDAMAN & NICOBAR ISLANDS,SOUTH ANDAMAN,2019,41462,2549.1418,1968.72,0.7723
ANDAMAN & NICOBAR ISLANDS,SOUTH ANDAMAN,2020,43687,3081.5161,2333.9546,0.7574
ANDAMAN & NICOBAR ISLANDS,SOUTH ANDAMAN,2021,51302,3392.676,2558.7992,0.7542
ANDAMAN & NICOBAR ISLANDS,SOUTH ANDAMAN,2022,76815,4051.7907,3078.892,0.7599
ANDAMAN & NICOBAR ISLANDS,SOUTH ANDAMAN,2023,65401,4361.2037,3367.9331,0.7722
ANDAMAN & NICOBAR ISLANDS,SOUTH ANDAMAN,2024,73551,5044.6692,3758.9983,0.7451
ANDHRA PRADESH,ALLURI SITHARAMA RAJU,2023,98844,1947.5443,1584.1213,0.8134
ANDHRA PRADESH,ALLURI SITHARAMA RAJU,2024,115378,2501.0296,2062.0919,0.8245
ANDHRA PRADESH,ANAKAPALLI,2023,566869,13337.2968,10596.5286,0.7945
ANDHRA PRADESH,ANAKAPALLI,2024,643582,16844.7846,13615.9117,0.8083
ANDHRA PRADESH,ANANTAPUR,2019,1333752,24141.5038,20669.1094,0.8562
ANDHRA PRADESH,ANANTAPUR,2020,1363952,26585.9431,22483.2437,0.8457
ANDHRA PRADESH,ANANTAPUR,2021,1475939,31786.4779,26505.9048,0.8339
ANDHRA PRADESH,ANANTAPUR,2022,1582637,37164.2323,30477.1476,0.8201
ANDHRA PRADESH,ANANTHAPURAMU,2023,994750,28448.089,22802.6161,0.8016
ANDHRA PRADESH,ANANTHAPURAMU,2024,1086760,33507.3598,27497.9215,0.8207
ANDHRA PRADESH,ANNAMAYYA,2023,635031,15939.9339,13251.103,0.8313
ANDHRA PRADESH,ANNAMAYYA,2024,756211,20767.2343,17428.3222,0.8392
ANDHRA PRADESH,BAPATLA,2023,692722,17084.3096,14281.9043,0.836
ANDHRA PRADESH,BAPATLA,2024,743765,20578.8194,17352.0355,0.8432
ANDHRA PRADESH,CHITTOOR,2019,1333487,29138.5882,23740.6295,0.8147
ANDHRA PRADESH,CHITTOOR,2020,1419795,33687.3314,27034.5316,0.8025
ANDHRA PRADESH,CHITTOOR,2021,1516738,39420.0875,31596.0543,0.8015
ANDHRA PRADESH,CHITTOOR,2022,1644665,45827.7983,36252.282,0.7911
ANDHRA PRADESH,CHITTOOR,2023,762023,20483.3093,15470.9035,0.7553
ANDHRA PRADESH,CHITTOOR,2024,934094,26103.3752,20581.166,0.7884
ANDHRA PRADESH,DR. B.R. AMBEDKAR KONASEEMA,2024,617501,23616.6945,19358.2795,0.8197
ANDHRA PRADESH,EAST GODAVARI,2019,1333299,45861.2121,36602.5891,0.7981
ANDHRA PRADESH,EAST GODAVARI,2020,1358982,46803.5362,37297.4873,0.7969
ANDHRA PRADESH,EAST GODAVARI,2021,1558757,54894.1813,43307.3548,0.7889
ANDHRA PRADESH,EAST GODAVARI,2022,1732362,62385.4686,48661.2244,0.78
ANDHRA PRADESH,EAST GODAVARI,2023,686414,29394.781,22947.9768,0.7807
ANDHRA PRADESH,EAST GODAVARI,2024,776596,40832.3661,29263.5656,0.7167
ANDHRA PRADESH,ELURU,2023,706782,23595.0626,19333.9809,0.8194
ANDHRA PRADESH,ELURU,2024,768533,28720.911,23552.2152,0.82
ANDHRA PRADESH,GUNTUR,2019,1634565,55340.8164,43474.5566,0.7856
ANDHRA PRADESH,GUNTUR,2020,1671931,58008.8458,46430.4419,0.8004
ANDHRA PRADESH,GUNTUR,2021,1880721,67366.1118,53957.5325,0.801
ANDHRA PRADESH,GUNTUR,2022,2059227,79826.4957,61976.2002,0.7764
ANDHRA PRADESH,GUNTUR,2023,1124067,60529.0648,46588.0043,0.7697
ANDHRA PRADESH,GUNTUR,2024,1246957,74144.5025,56923.5774,0.7677
ANDHRA PRADESH,KAKINADA,2023,799296,29720.5895,22784.3745,0.7666
ANDHRA PRADESH,KAKINADA,2024,903969,35871.9986,28093.9889,0.7832
ANDHRA PRADESH,KONASEEMA,2023,554059,18933.1726,15430.6682,0.815
ANDHRA PRADESH,KRISHNA,2019,1371414,91176.0589,69936.517,0.767
ANDHRA PRADESH,KRISHNA,2020,1500257,110275.1536,87006.7324,0.789
ANDHRA PRADESH,KRISHNA,2021,1640929,133093.0079,106292.174,0.7986
ANDHRA PRADESH,KRISHNA,2022,1822362,152063.3323,124897.1154,0.8213
ANDHRA PRADESH,KRISHNA,2023,1248225,87852.9686,70135.6584,0.7983
ANDHRA PRADESH,KRISHNA,2024,1231609,85091.4197,67657.695,0.7951
ANDHRA PRADESH,KURNOOL,2019,995549,21602.6966,18176.9177,0.8414
ANDHRA PRADESH,KURNOOL,2020,1020005,23955.1257,19771.4127,0.8254
ANDHRA PRADESH,KURNOOL,2021,1123900,28414.1752,23168.0314,0.8154
ANDHRA PRADESH,KURNOOL,2022,1223166,33701.5895,27228.3014,0.8079
ANDHRA PRADESH,KURNOOL,2023,729922,24060.7738,18851.4336,0.7835
ANDHRA PRADESH,KURNOOL,2024,805678,29330.1312,22905.1544,0.7809
ANDHRA PRADESH,NANDYAL,2023,621312,16732.3384,13410.4672,0.8015
ANDHRA PRADESH,NANDYAL,2024,691911,20226.9886,16359.0072,0.8088
ANDHRA PRADESH,NTR,2023,663627,76656.9558,63540.4088,0.8289
ANDHRA PRADESH,NTR,2024,873008,98327.4369,75920.8331,0.7721
ANDHRA PRADESH,PALNADU,2023,859690,22718.1481,19416.795,0.8547
ANDHRA PRADESH,PALNADU,2024,941795,27848.4194,23957.9361,0.8603
ANDHRA PRADESH,PARVATHIPURAM MANYAM,2023,179183,3990.5153,3274.2902,0.8205
ANDHRA PRADESH,PARVATHIPURAM MANYAM,2024,219265,5247.0918,4349.1577,0.8289
ANDHRA PRADESH,PRAKASAM,2019,1225364,24918.6568,21406.1944,0.859
ANDHRA PRADESH,PRAKASAM,2020,1237511,26646.3427,22630.3649,0.8493
ANDHRA PRADESH,PRAKASAM,2021,1318837,31676.402,26488.2636,0.8362
ANDHRA PRADESH,PRAKASAM,2022,1437959,36572.512,30406.8763,0.8314
ANDHRA PRADESH,PRAKASAM,2023,1057821,31179.369,25178.0538,0.8075
ANDHRA PRADESH,PRAKASAM,2024,1151565,37192.1032,29965.3175,0.8057
ANDHRA PRADESH,SRI POTTI SRIRAMULU NELLORE,2019,944651,23636.0222,19437.5914,0.8224
ANDHRA PRADESH,SRI POTTI SRIRAMULU NELLORE,2020,1015689,27116.8149,21700.8611,0.8003
ANDHRA PRADESH,SRI POTTI SRIRAMULU NELLORE,2021,1126673,30604.9667,24667.2026,0.806
ANDHRA PRADESH,SRI POTTI SRIRAMULU NELLORE,2022,1228444,35183.0882,28007.1514,0.796
ANDHRA PRADESH,SRI POTTI SRIRAMULU NELLORE,2023,1125566,36878.1589,29061.2673,0.788
ANDHRA PRADESH,SRI POTTI SRIRAMULU NELLORE,2024,1260105,46212.0485,36477.1481,0.7893
ANDHRA PRADESH,SRI SATHYA SAI,2023,733347,16794.3947,13504.031,0.8041
ANDHRA PRADESH,SRI SATHYA SAI,2024,787166,20452.4277,16335.4132,0.7987
ANDHRA PRADESH,SRIKAKULAM,2019,596602,11524.8942,9550.7183,0.8287
ANDHRA PRADESH,SRIKAKULAM,2020,609456,12241.0854,9983.4391,0.8156
ANDHRA PRADESH,SRIKAKULAM,2021,656843,14719.6786,11919.0552,0.8097
ANDHRA PRADESH,SRIKAKULAM,2022,772288,17509.5559,14060.5068,0.803
ANDHRA PRADESH,SRIKAKULAM,2023,729780,18974.1354,15204.1817,0.8013
ANDHRA PRADESH,SRIKAKULAM,2024,824865,23159.7487,18745.5361,0.8094
ANDHRA PRADESH,TIRUPATI,2023,1037781,35629.9108,27782.5933,0.7798
ANDHRA PRADESH,TIRUPATI,2024,1065778,41780.51,32592.5825,0.7801
ANDHRA PRADESH,VISAKHAPATNAM,2019,1279383,79821.5277,60323.4399,0.7557
ANDHRA PRADESH,VISAKHAPATNAM,2020,1413778,94394.608,68833.619,0.7292
ANDHRA PRADESH,VISAKHAPATNAM,2021,1594666,101026.7792,74396.3271,0.7364
ANDHRA PRADESH,VISAKHAPATNAM,2022,1829465,104800.9832,75422.5526,0.7197
ANDHRA PRADESH,VISAKHAPATNAM,2023,1363480,104249.1805,74441.8535,0.7141
ANDHRA PRADESH,VISAKHAPATNAM,2024,1498466,121664.6914,86023.2888,0.7071
ANDHRA PRADESH,VIZIANAGARAM,2019,482457,10084.2529,8221.5356,0.8153
ANDHRA PRADESH,VIZIANAGARAM,2020,475924,10427.0369,8322.7482,0.7982
ANDHRA PRADESH,VIZIANAGARAM,2021,520953,12497.1673,9954.7473,0.7966
ANDHRA PRADESH,VIZIANAGARAM,2022,541080,13862.4817,11071.8944,0.7987
ANDHRA PRADESH,VIZIANAGARAM,2023,530228,15068.2136,11974.5986,0.7947
ANDHRA PRADESH,VIZIANAGARAM,2024,614313,18839.1107,15164.0475,0.8049
ANDHRA PRADESH,WEST GODAVARI,2019,1094306,46657.2017,27327.452,0.5857
ANDHRA PRADESH,WEST GODAVARI,2020,1158340,37004.6544,30632.9609,0.8278
ANDHRA PRADESH,WEST GODAVARI,2021,1294030,42886.5151,35390.8829,0.8252
ANDHRA PRADESH,WEST GODAVARI,2022,1441379,49115.1382,40210.904,0.8187
ANDHRA PRADESH,WEST GODAVARI,2023,977498,36811.331,30048.4918,0.8163
ANDHRA PRADESH,WEST GODAVARI,2024,1115319,43910.5454,36367.7965,0.8282
ANDHRA PRADESH,Y.S.R.,2019,840472,17150.9225,14705.238,0.8574
ANDHRA PRADESH,Y.S.R.,2020,868774,19704.0645,16702.2194,0.8477
ANDHRA PRADESH,Y.S.R.,2021,942884,22683.7068,18892.0644,0.8328
ANDHRA PRADESH,Y.S.R.,2022,1016266,26484.9701,21888.2952,0.8264
ANDHRA PRADESH,Y.S.R.,2023,839458,25501.484,20375.3903,0.799
ANDHRA PRADESH,Y.S.R.,2024,936030,31146.2296,24950.5956,0.8011
ARUNACHAL PRADESH,ANJAW,2019,621,26.0839,20.3373,0.7797
ARUNACHAL PRADESH,ANJAW,2020,697,30.0698,22.2264,0.7392
ARUNACHAL PRADESH,ANJAW,2021,718,33.116,24.2856,0.7333
ARUNACHAL PRADESH,ANJAW,2022,874,42.7816,31.869,0.7449
ARUNACHAL PRADESH,ANJAW,2023,1019,48.605,36.6999,0.7551
ARUNACHAL PRADESH,ANJAW,2024,1140,54.92,42.1401,0.7673
ARUNACHAL PRADESH,CHUNGLANG,2019,3830,164.896,110.1848,0.6682
ARUNACHAL PRADESH,CHUNGLANG,2020,3895,174.9402,124.4008,0.7111
ARUNACHAL PRADESH,CHUNGLANG,2021,4761,1572.1456,1029.883,0.6551
ARUNACHAL PRADESH,CHUNGLANG,2022,4948,240.8627,179.9198,0.747
ARUNACHAL PRADESH,CHUNGLANG,2023,5828,303.6236,232.3935,0.7654
ARUNACHAL PRADESH,CHUNGLANG,2024,6982,374.8828,284.4535,0.7588
ARUNACHAL PRADESH,DIBANG VALLEY,2019,652,33.0832,23.8251,0.7202
ARUNACHAL PRADESH,DIBANG VALLEY,2020,415,21.8969,15.6246,0.7136
ARUNACHAL PRADESH,DIBANG VALLEY,2021,460,24.5389,17.6075,0.7175
ARUNACHAL PRADESH,DIBANG VALLEY,2022,563,28.7682,21.3417,0.7419
ARUNACHAL PRADESH,DIBANG VALLEY,2023,700,35.1335,26.5091,0.7545
ARUNACHAL PRADESH,DIBANG VALLEY,2024,777,45.5079,36.1604,0.7946
ARUNACHAL PRADESH,EAST KAMENG,2019,2126,130.2219,94.6114,0.7265
ARUNACHAL PRADESH,EAST KAMENG,2020,2634,151.0088,108.9716,0.7216
ARUNACHAL PRADESH,EAST KAMENG,2021,2874,169.2548,123.1299,0.7275
ARUNACHAL PRADESH,EAST KAMENG,2022,2976,192.264,138.8273,0.7221
ARUNACHAL PRADESH,EAST KAMENG,2023,3199,214.1704,155.4309,0.7257
ARUNACHAL PRADESH,EAST KAMENG,2024,3661,239.5691,176.7291,0.7377
ARUNACHAL PRADESH,EAST SIANG,2019,7643,359.5567,257.2662,0.7155
ARUNACHAL PRADESH,EAST SIANG,2020,10279,455.9707,337.6165,0.7404
ARUNACHAL PRADESH,EAST SIANG,2021,12111,511.7017,365.1231,0.7135
ARUNACHAL PRADESH,EAST SIANG,2022,12334,611.325,438.2631,0.7169
ARUNACHAL PRADESH,EAST SIANG,2023,13302,779.6154,569.7621,0.7308
ARUNACHAL PRADESH,EAST SIANG,2024,13837,956.0635,719.531,0.7526
ARUNACHAL PRADESH,KAMLE,2022,322,13.9784,10.2479,0.7331
ARUNACHAL PRADESH,KAMLE,2023,532,18.5233,13.6046,0.7345
ARUNACHAL PRADESH,KAMLE,2024,747,28.6784,22.5558,0.7865
ARUNACHAL PRADESH,KRA DAADI,2019,493,22.2436,16.9758,0.7632
ARUNACHAL PRADESH,KRA DAADI,2020,471,23.7134,16.9036,0.7128
ARUNACHAL PRADESH,KRA DAADI,2021,677,29.2791,21.9112,0.7484
ARUNACHAL PRADESH,KRA DAADI,2022,1117,37.6587,28.3276,0.7522
ARUNACHAL PRADESH,KRA DAADI,2023,1339,47.1006,36.8651,0.7827
ARUNACHAL PRADESH,KRA DAADI,2024,2013,63.3747,49.8956,0.7873
ARUNACHAL PRADESH,KURUNG KUMEY,2019,567,28.3042,19.0973,0.6747
ARUNACHAL PRADESH,KURUNG KUMEY,2020,555,30.1201,19.092,0.6339
ARUNACHAL PRADESH,KURUNG KUMEY,2021,544,33.7535,22.8722,0.6776
ARUNACHAL PRADESH,KURUNG KUMEY,2022,722,47.6533,36.7975,0.7722
ARUNACHAL PRADESH,KURUNG KUMEY,2023,983,61.0165,47.6588,0.7811
ARUNACHAL PRADESH,KURUNG KUMEY,2024,1401,73.1479,55.874,0.7638
ARUNACHAL PRADESH,LEPARADA,2022,1498,98.1103,72.9321,0.7434
ARUNACHAL PRADESH,LEPARADA,2023,1580,103.027,75.6457,0.7342
ARUNACHAL PRADESH,LEPARADA,2024,2346,144.3905,107.9029,0.7473
ARUNACHAL PRADESH,LOHIT,2019,3884,165.6988,134.2915,0.8105
ARUNACHAL PRADESH,LOHIT,2020,4010,139.0205,100.4471,0.7225
ARUNACHAL PRADESH,LOHIT,2021,5049,177.4115,129.1761,0.7281
ARUNACHAL PRADESH,LOHIT,2022,5569,213.6763,157.1178,0.7353
ARUNACHAL PRADESH,LOHIT,2023,5912,267.735,200.3592,0.7483
ARUNACHAL PRADESH,LOHIT,2024,6939,324.417,237.9494,0.7335
ARUNACHAL PRADESH,LONGDING,2019,1397,51.2043,37.9665,0.7415
ARUNACHAL PRADESH,LONGDING,2020,1385,56.9463,42.5785,0.7477
ARUNACHAL PRADESH,LONGDING,2021,1834,84.859,67.0396,0.79
ARUNACHAL PRADESH,LONGDING,2022,2512,126.1317,102.7872,0.8149
ARUNACHAL PRADESH,LONGDING,2023,2848,149.72,114.5854,0.7653
ARUNACHAL PRADESH,LONGDING,2024,4104,171.5492,130.9266,0.7632
ARUNACHAL PRADESH,LOWER DIBANG VALLEY,2019,2921,95.7725,66.6788,0.6962
ARUNACHAL PRADESH,LOWER DIBANG VALLEY,2020,3354,113.5368,78.8813,0.6948
ARUNACHAL PRADESH,LOWER DIBANG VALLEY,2021,3754,134.1052,93.1017,0.6942
ARUNACHAL PRADESH,LOWER DIBANG VALLEY,2022,4127,167.019,117.1408,0.7014
ARUNACHAL PRADESH,LOWER DIBANG VALLEY,2023,4889,211.1404,148.2631,0.7022
ARUNACHAL PRADESH,LOWER DIBANG VALLEY,2024,6132,291.9296,210.149,0.7199
ARUNACHAL PRADESH,LOWER SIANG,2019,2480,117.9421,81.1946,0.6884
ARUNACHAL PRADESH,LOWER SIANG,2020,2700,142.5725,100.0257,0.7016
ARUNACHAL PRADESH,LOWER SIANG,2021,3171,163.0794,122.3665,0.7503
ARUNACHAL PRADESH,LOWER SIANG,2022,1468,98.723,74.908,0.7588
ARUNACHAL PRADESH,LOWER SIANG,2023,1818,136.3925,106.5104,0.7809
ARUNACHAL PRADESH,LOWER SIANG,2024,2829,197.2338,154.4191,0.7829
ARUNACHAL PRADESH,LOWER SUBANSIRI,2019,5377,282.9929,207.6769,0.7339
ARUNACHAL PRADESH,LOWER SUBANSIRI,2020,5464,305.5395,220.2786,0.7209
ARUNACHAL PRADESH,LOWER SUBANSIRI,2021,5876,327.6981,229.4787,0.7003
ARUNACHAL PRADESH,LOWER SUBANSIRI,2022,6120,363.217,255.2804,0.7028
ARUNACHAL PRADESH,LOWER SUBANSIRI,2023,6246,410.5288,300.7678,0.7326
ARUNACHAL PRADESH,LOWER SUBANSIRI,2024,7240,477.5071,357.5172,0.7487
ARUNACHAL PRADESH,NAMSAI,2019,3596,123.1507,89.3681,0.7257
ARUNACHAL PRADESH,NAMSAI,2020,4164,152.9003,117.6697,0.7696
ARUNACHAL PRADESH,NAMSAI,2021,4722,186.6758,144.3996,0.7735
ARUNACHAL PRADESH,NAMSAI,2022,5145,246.5389,185.1957,0.7512
ARUNACHAL PRADESH,NAMSAI,2023,5685,324.4797,244.8127,0.7545
ARUNACHAL PRADESH,NAMSAI,2024,7080,413.5384,317.8459,0.7686
ARUNACHAL PRADESH,PAKKE KESSANG,2019,647,20.9095,16.0776,0.7689
ARUNACHAL PRADESH,PAKKE KESSANG,2020,636,22.504,16.9105,0.7514
ARUNACHAL PRADESH,PAKKE KESSANG,2021,597,24.0241,17.4448,0.7261
ARUNACHAL PRADESH,PAKKE KESSANG,2022,711,29.272,21.1823,0.7236
ARUNACHAL PRADESH,PAKKE KESSANG,2023,859,36.2856,26.3267,0.7255
ARUNACHAL PRADESH,PAKKE KESSANG,2024,1158,47.4712,35.8958,0.7562
ARUNACHAL PRADESH,PAPUMPARE,2019,33541,2454.7214,1950.7877,0.7947
ARUNACHAL PRADESH,PAPUMPARE,2020,46663,2881.6451,2200.454,0.7636
ARUNACHAL PRADESH,PAPUMPARE,2021,52586,3466.2038,2574.5145,0.7427
ARUNACHAL PRADESH,PAPUMPARE,2022,55594,3977.0837,3007.4659,0.7562
ARUNACHAL PRADESH,PAPUMPARE,2023,60028,4806.7124,3741.7938,0.7785
ARUNACHAL PRADESH,PAPUMPARE,2024,59713,5715.0534,4374.6813,0.7655
ARUNACHAL PRADESH,SHI-YOMI,2021,205,12.2342,8.3533,0.6828
ARUNACHAL PRADESH,SHI-YOMI,2022,200,13.3791,9.5993,0.7175
ARUNACHAL PRADESH,SHI-YOMI,2023,198,14.5395,10.2121,0.7024
ARUNACHAL PRADESH,SHI-YOMI,2024,230,17.9035,11.4486,0.6395
ARUNACHAL PRADESH,SIANG,2019,315,13.2995,9.4869,0.7133
ARUNACHAL PRADESH,SIANG,2020,350,17.9443,13.097,0.7299
ARUNACHAL PRADESH,SIANG,2021,481,25.6276,20.0062,0.7807
ARUNACHAL PRADESH,SIANG,2022,555,30.6259,23.1328,0.7553
ARUNACHAL PRADESH,SIANG,2023,681,42.7052,32.8261,0.7687
ARUNACHAL PRADESH,SIANG,2024,1125,67.9655,52.8913,0.7782
ARUNACHAL PRADESH,TAWANG,2019,2787,147.105,108.8228,0.7398
ARUNACHAL PRADESH,TAWANG,2020,7225,170.4574,121.4444,0.7125
ARUNACHAL PRADESH,TAWANG,2021,9319,179.2617,121.4103,0.6773
ARUNACHAL PRADESH,TAWANG,2022,3993,198.9931,136.54,0.6862
ARUNACHAL PRADESH,TAWANG,2023,6036,244.5399,176.9115,0.7234
ARUNACHAL PRADESH,TAWANG,2024,5302,322.6118,228.2461,0.7075
ARUNACHAL PRADESH,TIRAP,2019,3293,134.7412,96.2666,0.7145
ARUNACHAL PRADESH,TIRAP,2020,3403,153.0848,108.9492,0.7117
ARUNACHAL PRADESH,TIRAP,2021,3453,166.1037,117.54,0.7076
ARUNACHAL PRADESH,TIRAP,2022,3713,192.7978,139.7493,0.7248
ARUNACHAL PRADESH,TIRAP,2023,3798,219.441,160.5214,0.7315
ARUNACHAL PRADESH,TIRAP,2024,4952,256.0185,186.6609,0.7291
ARUNACHAL PRADESH,UPPER SIANG,2019,1347,68.3914,48.173,0.7044
ARUNACHAL PRADESH,UPPER SIANG,2020,1335,64.3151,42.8111,0.6656
ARUNACHAL PRADESH,UPPER SIANG,2021,1360,70.7995,47.9107,0.6767
ARUNACHAL PRADESH,UPPER SIANG,2022,1748,91.4593,63.1579,0.6906
ARUNACHAL PRADESH,UPPER SIANG,2023,1606,93.8419,66.7468,0.7113
ARUNACHAL PRADESH,UPPER SIANG,2024,2106,126.2384,94.1204,0.7456
ARUNACHAL PRADESH,UPPER SUBANSIRI,2019,3734,203.4744,153.6787,0.7553
ARUNACHAL PRADESH,UPPER SUBANSIRI,2020,3725,221.4333,162.8124,0.7353
ARUNACHAL PRADESH,UPPER SUBANSIRI,2021,4110,246.8165,181.5233,0.7355
ARUNACHAL PRADESH,UPPER SUBANSIRI,2022,4895,299.3708,220.5842,0.7368
ARUNACHAL PRADESH,UPPER SUBANSIRI,2023,4988,339.0273,259.1586,0.7644
ARUNACHAL PRADESH,UPPER SUBANSIRI,2024,5637,392.8665,302.4663,0.7699
ARUNACHAL PRADESH,WEST KAMENG,2019,4569,212.2897,145.9381,0.6874
ARUNACHAL PRADESH,WEST KAMENG,2020,5252,242.1408,173.8444,0.7179
ARUNACHAL PRADESH,WEST KAMENG,2021,5932,292.6338,211.2154,0.7218
ARUNACHAL PRADESH,WEST KAMENG,2022,6803,375.5519,280.9738,0.7482
ARUNACHAL PRADESH,WEST KAMENG,2023,8050,517.1612,395.3569,0.7645
ARUNACHAL PRADESH,WEST KAMENG,2024,9313,677.9418,513.3477,0.7572
ARUNACHAL PRADESH,WEST SIANG,2019,5802,252.9749,180.0634,0.7118
ARUNACHAL PRADESH,WEST SIANG,2020,5622,274.3862,193.177,0.704
ARUNACHAL PRADESH,WEST SIANG,2021,5489,285.9901,206.9534,0.7236
ARUNACHAL PRADESH,WEST SIANG,2022,7099,399.2356,299.9114,0.7512
ARUNACHAL PRADESH,WEST SIANG,2023,6656,439.6999,330.0003,0.7505
ARUNACHAL PRADESH,WEST SIANG,2024,7057,493.9876,368.4651,0.7459
ASSAM,BAJALI,2023,47432,1018.8997,756.1959,0.7422
ASSAM,BAJALI,2024,45668,1237.8798,916.9743,0.7408
ASSAM,BAKSA,2019,35991,353.6348,310.7872,0.8788
ASSAM,BAKSA,2020,66406,666.1923,541.0302,0.8121
ASSAM,BAKSA,2021,58413,778.2691,599.9795,0.7709
ASSAM,BAKSA,2022,69562,1029.2846,803.5633,0.7807
ASSAM,BAKSA,2023,66953,1274.7194,962.7656,0.7553
ASSAM,BAKSA,2024,65491,1602.9448,1196.3927,0.7464
ASSAM,BARPETA,2019,225274,2987.7021,2430.1637,0.8134
ASSAM,BARPETA,2020,241526,3232.592,2554.0815,0.7901
ASSAM,BARPETA,2021,271909,3752.3139,2924.7033,0.7794
ASSAM,BARPETA,2022,248254,4041.8311,3122.152,0.7725
ASSAM,BARPETA,2023,188296,3638.7292,2796.5969,0.7686
ASSAM,BARPETA,2024,182684,4406.0864,3346.447,0.7595
ASSAM,BISWANATH,2019,66795,885.2008,714.0141,0.8066
ASSAM,BISWANATH,2020,85503,1046.4116,795.876,0.7606
ASSAM,BISWANATH,2021,110550,1302.5569,1006.8146,0.773
ASSAM,BISWANATH,2022,101693,1501.1653,1144.3373,0.7623
ASSAM,BISWANATH,2023,78682,1575.051,1159.1791,0.736
ASSAM,BISWANATH,2024,70831,1798.4068,1326.457,0.7376
ASSAM,BONGAIGAON,2019,90516,1590.3294,1232.3193,0.7749
ASSAM,BONGAIGAON,2020,123694,1983.7189,1496.1174,0.7542
ASSAM,BONGAIGAON,2021,150956,2351.9378,1783.1231,0.7582
ASSAM,BONGAIGAON,2022,114303,2657.5389,1989.4802,0.7486
ASSAM,BONGAIGAON,2023,107408,3119.7607,2323.0373,0.7446
ASSAM,BONGAIGAON,2024,109352,3772.9499,2795.6532,0.741
ASSAM,CACHAR,2019,257998,3882.6289,3139.6365,0.8086
ASSAM,CACHAR,2020,289511,4378.6282,3436.7891,0.7849
ASSAM,CACHAR,2021,352370,5110.9645,4001.4671,0.7829
ASSAM,CACHAR,2022,331267,5563.5744,4320.0901,0.7765
ASSAM,CACHAR,2023,303858,6214.1055,4708.7379,0.7577
ASSAM,CACHAR,2024,315975,7436.3287,5570.5336,0.7491
ASSAM,CHARAIDEO,2019,45468,443.7686,369.0717,0.8317
ASSAM,CHARAIDEO,2020,44244,505.3207,396.3335,0.7843
ASSAM,CHARAIDEO,2021,58839,645.5519,506.7259,0.7849
ASSAM,CHARAIDEO,2022,42220,688.9695,519.8379,0.7545
ASSAM,CHARAIDEO,2023,40525,850.5718,623.1495,0.7326
ASSAM,CHARAIDEO,2024,40773,1063.1752,758.965,0.7139
ASSAM,CHIRANG,2019,32077,253.2846,229.5989,0.9065
ASSAM,CHIRANG,2020,50357,742.3302,582.4398,0.7846
ASSAM,CHIRANG,2021,57634,804.6933,620.2492,0.7708
ASSAM,CHIRANG,2022,53143,906.1893,687.9315,0.7591
ASSAM,CHIRANG,2023,49359,1053.1972,777.4105,0.7381
ASSAM,CHIRANG,2024,47266,1252.4776,934.8781,0.7464
ASSAM,DARRANG,2019,112147,1394.9675,1131.9581,0.8115
ASSAM,DARRANG,2020,142012,1625.374,1277.718,0.7861
ASSAM,DARRANG,2021,170002,1911.12,1492.8188,0.7811
ASSAM,DARRANG,2022,151404,2111.1789,1616.5737,0.7657
ASSAM,DARRANG,2023,136102,2499.1218,1890.9888,0.7567
ASSAM,DARRANG,2024,129303,2997.2118,2222.5585,0.7415
ASSAM,DHEMAJI,2019,58968,885.6932,726.381,0.8201
ASSAM,DHEMAJI,2020,90700,1138.3215,889.529,0.7814
ASSAM,DHEMAJI,2021,103530,1379.1995,1073.3802,0.7783
ASSAM,DHEMAJI,2022,96612,1600.4934,1231.3167,0.7693
ASSAM,DHEMAJI,2023,98455,1942.1825,1485.566,0.7649
ASSAM,DHEMAJI,2024,88557,2323.2808,1751.1659,0.7537
ASSAM,DHUBRI,2019,179043,2019.3712,1673.9342,0.8289
ASSAM,DHUBRI,2020,162707,1796.5332,1460.2985,0.8128
ASSAM,DHUBRI,2021,202164,2195.1115,1767.2646,0.8051
ASSAM,DHUBRI,2022,177170,2353.3805,1845.4396,0.7842
ASSAM,DHUBRI,2023,149725,2636.3739,1990.7487,0.7551
ASSAM,DHUBRI,2024,146884,3197.5823,2339.7243,0.7317
ASSAM,DIBRUGARH,2019,263440,5163.102,4041.2897,0.7827
ASSAM,DIBRUGARH,2020,313470,5813.603,4425.3285,0.7612
ASSAM,DIBRUGARH,2021,302622,6474.257,4823.1516,0.745
ASSAM,DIBRUGARH,2022,299525,7511.3271,5391.7504,0.7178
ASSAM,DIBRUGARH,2023,287469,8762.0403,6325.6352,0.7219
ASSAM,DIBRUGARH,2024,277606,10455.048,7393.5628,0.7072
ASSAM,DIMA HASAO,2023,16549,668.8262,492.0681,0.7357
ASSAM,DIMA HASAO,2024,18710,816.5644,598.2928,0.7327
ASSAM,GOALPARA,2019,72979,1092.0619,874.8771,0.8011
ASSAM,GOALPARA,2020,109709,1360.8606,1058.0075,0.7775
ASSAM,GOALPARA,2021,105008,1497.1704,1123.3511,0.7503
ASSAM,GOALPARA,2022,105337,1746.7536,1300.5343,0.7445
ASSAM,GOALPARA,2023,103918,2147.4972,1568.7067,0.7305
ASSAM,GOALPARA,2024,105310,2608.7871,1926.6421,0.7385
ASSAM,GOLAGHAT,2019,225714,2670.1546,2206.977,0.8265
ASSAM,GOLAGHAT,2020,265063,2849.0887,2195.3839,0.7706
ASSAM,GOLAGHAT,2021,296928,3280.7077,2518.5662,0.7677
ASSAM,GOLAGHAT,2022,240442,4278.8523,2754.0542,0.6436
ASSAM,GOLAGHAT,2023,221439,4958.0118,3326.2704,0.6709
ASSAM,GOLAGHAT,2024,202563,5963.7925,4229.7146,0.7092
ASSAM,HAILAKANDI,2019,52897,674.1637,519.7513,0.771
ASSAM,HAILAKANDI,2020,60483,759.9237,600.7954,0.7906
ASSAM,HAILAKANDI,2021,69564,900.5813,710.5852,0.789
ASSAM,HAILAKANDI,2022,68509,1009.8038,783.0078,0.7754
ASSAM,HAILAKANDI,2023,64545,1119.9205,846.9638,0.7563
ASSAM,HAILAKANDI,2024,63211,1312.2441,963.7651,0.7344
ASSAM,HOJAI,2019,64743,959.856,772.7447,0.8051
ASSAM,HOJAI,2020,85061,1143.6288,873.5946,0.7639
ASSAM,HOJAI,2021,93883,1277.5698,989.3005,0.7744
ASSAM,HOJAI,2022,87797,1426.8783,1093.9785,0.7667
ASSAM,HOJAI,2023,74924,1584.7105,1191.0395,0.7516
ASSAM,HOJAI,2024,69661,1848.059,1362.0481,0.737
ASSAM,JORHAT,2019,251111,4469.6019,3367.6707,0.7535
ASSAM,JORHAT,2020,278395,4793.11,3594.7444,0.75
ASSAM,JORHAT,2021,288916,5412.2407,4036.8628,0.7459
ASSAM,JORHAT,2022,240784,5989.5993,4449.6959,0.7429
ASSAM,JORHAT,2023,229344,7019.6767,5164.5893,0.7357
ASSAM,JORHAT,2024,225669,8276.5615,6153.9028,0.7435
ASSAM,KAMRUP,2019,447194,16937.7455,12065.6897,0.7124
ASSAM,KAMRUP,2020,375291,6876.6744,4976.2712,0.7236
ASSAM,KAMRUP,2021,405695,5330.7464,3865.261,0.7251
ASSAM,KAMRUP,2022,390871,9383.407,6065.9273,0.6465
ASSAM,KAMRUP,2023,361030,10538.1385,6648.5819,0.6309
ASSAM,KAMRUP,2024,294630,8991.5464,6090.8204,0.6774
ASSAM,KAMRUP METROPOLITAN,2019,433904,17519.933,12162.2027,0.6942
ASSAM,KAMRUP METROPOLITAN,2020,615864,30747.7697,20438.1256,0.6647
ASSAM,KAMRUP METROPOLITAN,2021,749259,37331.3464,25074.7407,0.6717
ASSAM,KAMRUP METROPOLITAN,2022,741875,50600.1535,30239.5662,0.5976
ASSAM,KAMRUP METROPOLITAN,2023,749395,59433.9839,37188.17,0.6257
ASSAM,KAMRUP METROPOLITAN,2024,923457,69798.3529,46091.3359,0.6603
ASSAM,KARBI ANGLONG,2019,55781,1067.2959,827.9389,0.7757
ASSAM,KARBI ANGLONG,2020,70041,1229.2726,903.3293,0.7348
ASSAM,KARBI ANGLONG,2021,77872,1430.6603,1067.3353,0.746
ASSAM,KARBI ANGLONG,2022,87992,1765.632,1310.9158,0.7425
ASSAM,KARBI ANGLONG,2023,88519,2121.5855,1577.9203,0.7437
ASSAM,KARBI ANGLONG,2024,83365,2487.0492,1803.5039,0.7252
ASSAM,KARIMGANJ,2019,125678,1350.887,1092.8649,0.809
ASSAM,KARIMGANJ,2020,133793,1495.3261,1190.7178,0.7963
ASSAM,KARIMGANJ,2021,169055,1772.615,1423.2785,0.8029
ASSAM,KARIMGANJ,2022,144106,1894.7566,1479.7245,0.781
ASSAM,KARIMGANJ,2023,127376,2049.6603,1567.3002,0.7647
ASSAM,KARIMGANJ,2024,124697,2561.3966,1928.0667,0.7527
ASSAM,KOKRAJHAR,2019,46188,1128.9173,746.2798,0.6611
ASSAM,KOKRAJHAR,2020,70236,1149.1883,868.8783,0.7561
ASSAM,KOKRAJHAR,2021,89806,1525.9909,1171.3277,0.7676
ASSAM,KOKRAJHAR,2022,90759,1873.2096,1426.6931,0.7616
ASSAM,KOKRAJHAR,2023,95925,2226.8806,1684.2646,0.7563
ASSAM,KOKRAJHAR,2024,102732,2699.6234,2024.2294,0.7498
ASSAM,LAKHIMPUR,2019,162352,2054.8054,1712.4979,0.8334
ASSAM,LAKHIMPUR,2020,190629,2407.8868,1914.4312,0.7951
ASSAM,LAKHIMPUR,2021,215915,2817.0247,2190.3623,0.7775
ASSAM,LAKHIMPUR,2022,205488,3150.7893,2440.4541,0.7746
ASSAM,LAKHIMPUR,2023,203663,3676.7708,2839.798,0.7724
ASSAM,LAKHIMPUR,2024,188153,4414.6446,3382.2277,0.7661
ASSAM,MAJULI,2019,10095,98.6131,84.0108,0.8519
ASSAM,MAJULI,2020,14844,122.657,100.0928,0.816
ASSAM,MAJULI,2021,16250,166.2981,127.7809,0.7684
ASSAM,MAJULI,2022,14692,228.179,177.915,0.7797
ASSAM,MAJULI,2023,14944,314.4222,244.2855,0.7769
ASSAM,MAJULI,2024,14428,394.434,299.0886,0.7583
ASSAM,MORIGAON,2019,147358,1433.7754,1244.4391,0.8679
ASSAM,MORIGAON,2020,137552,1488.6775,1226.77,0.8241
ASSAM,MORIGAON,2021,146239,1652.1211,1322.3648,0.8004
ASSAM,MORIGAON,2022,136509,1754.337,1372.7751,0.7825
ASSAM,MORIGAON,2023,120762,1922.3651,1492.8348,0.7766
ASSAM,MORIGAON,2024,114374,2293.212,1698.5602,0.7407
ASSAM,NAGAON,2019,312179,3852.3004,3176.4022,0.8245
ASSAM,NAGAON,2020,387597,4557.5912,3594.1724,0.7886
ASSAM,NAGAON,2021,451259,5254.3436,4109.6322,0.7821
ASSAM,NAGAON,2022,367375,5514.9157,4213.1163,0.7639
ASSAM,NAGAON,2023,337434,6383.9462,4830.9344,0.7567
ASSAM,NAGAON,2024,322211,7755.0999,5802.8223,0.7483
ASSAM,NALBARI,2019,129007,1722.3517,1349.6457,0.7836
ASSAM,NALBARI,2020,163671,1964.7658,1501.1372,0.764
ASSAM,NALBARI,2021,164147,2230.6637,1686.1708,0.7559
ASSAM,NALBARI,2022,165389,2577.8119,1958.4832,0.7597
ASSAM,NALBARI,2023,156931,2952.4029,2200.3582,0.7453
ASSAM,NALBARI,2024,143862,3404.1874,2532.4296,0.7439
ASSAM,NORTH CACHAR HILLS,2019,15346,443.4318,330.1457,0.7445
ASSAM,NORTH CACHAR HILLS,2020,13267,387.3577,286.1139,0.7386
ASSAM,NORTH CACHAR HILLS,2021,13846,449.3873,328.61,0.7312
ASSAM,NORTH CACHAR HILLS,2022,15515,547.9996,403.1712,0.7357
ASSAM,SIBSAGAR,2019,168591,2780.0443,2117.6898,0.7617
ASSAM,SIBSAGAR,2020,203961,3167.2753,2342.0309,0.7394
ASSAM,SIBSAGAR,2021,220166,3555.5807,2645.7706,0.7441
ASSAM,SIBSAGAR,2022,193486,3950.0125,2891.504,0.732
ASSAM,SIBSAGAR,2023,181815,4584.626,3363.174,0.7336
ASSAM,SIBSAGAR,2024,172513,5248.357,3819.8471,0.7278
ASSAM,SONITPUR,2019,217144,3366.7273,2722.1896,0.8086
ASSAM,SONITPUR,2020,226585,3703.2478,2906.8498,0.7849
ASSAM,SONITPUR,2021,261170,4246.8381,3318.048,0.7813
ASSAM,SONITPUR,2022,222557,4622.6689,3535.7932,0.7649
ASSAM,SONITPUR,2023,214218,5461.0029,4104.9048,0.7517
ASSAM,SONITPUR,2024,214221,6670.6931,5007.8488,0.7507
ASSAM,SOUTH SALMARA-MANKACHAR,2019,9136,122.2227,100.7092,0.824
ASSAM,SOUTH SALMARA-MANKACHAR,2020,10627,169.983,136.1937,0.8012
ASSAM,SOUTH SALMARA-MANKACHAR,2021,11343,193.1948,151.8343,0.7859
ASSAM,SOUTH SALMARA-MANKACHAR,2022,11122,226.7327,167.2434,0.7376
ASSAM,SOUTH SALMARA-MANKACHAR,2023,11327,286.9814,208.1482,0.7253
ASSAM,SOUTH SALMARA-MANKACHAR,2024,12149,350.9793,249.524,0.7109
ASSAM,TINSUKIA,2019,181865,3877.1025,3114.6791,0.8034
ASSAM,TINSUKIA,2020,197617,4281.3706,3310.1804,0.7732
ASSAM,TINSUKIA,2021,225475,4674.3803,3550.1361,0.7595
ASSAM,TINSUKIA,2022,203086,5206.2315,3862.0475,0.7418
ASSAM,TINSUKIA,2023,193461,5979.1902,4433.7604,0.7415
ASSAM,TINSUKIA,2024,187032,7061.7806,5292.7686,0.7495
ASSAM,UDALGURI,2019,49555,612.3433,588.2918,0.9607
ASSAM,UDALGURI,2020,89839,1045.4519,881.5289,0.8432
ASSAM,UDALGURI,2021,85076,1222.9957,988.5968,0.8083
ASSAM,UDALGURI,2022,92391,1379.8072,1118.1775,0.8104
ASSAM,UDALGURI,2023,90436,1613.3186,1277.8439,0.7921
ASSAM,UDALGURI,2024,90140,1856.4285,1451.1228,0.7817
ASSAM,WEST KARBI ANGLONG,2019,18774,239.9942,183.5751,0.7649
ASSAM,WEST KARBI ANGLONG,2020,18437,267.2912,198.926,0.7442
ASSAM,WEST KARBI ANGLONG,2021,19022,304.4174,235.681,0.7742
ASSAM,WEST KARBI ANGLONG,2022,20602,358.9611,275.0794,0.7663
ASSAM,WEST KARBI ANGLONG,2023,21254,433.3039,322.0084,0.7431
ASSAM,WEST KARBI ANGLONG,2024,21326,530.7109,381.8528,0.7195
BIHAR,ARARIA,2019,219527,2027.1755,1645.479,0.8117
BIHAR,ARARIA,2020,253630,2878.0835,2261.311,0.7857
BIHAR,ARARIA,2021,303670,3456.0035,2675.0401,0.774
BIHAR,ARARIA,2022,283528,3920.9852,2982.6871,0.7607
BIHAR,ARARIA,2023,326855,4736.3621,3588.7073,0.7577
BIHAR,ARARIA,2024,362212,5838.599,4386.8768,0.7514
BIHAR,ARWAL,2019,44448,446.7365,390.1238,0.8733
BIHAR,ARWAL,2020,49016,566.4059,458.5444,0.8096
BIHAR,ARWAL,2021,54363,656.2667,498.7256,0.7599
BIHAR,ARWAL,2022,52140,746.5442,561.6254,0.7523
BIHAR,ARWAL,2023,52108,864.1023,655.012,0.758
BIHAR,ARWAL,2024,58379,1056.6432,806.7173,0.7635
BIHAR,AURANGABAD,2019,295386,4297.3919,3498.4458,0.8141
BIHAR,AURANGABAD,2020,245273,4364.0844,3544.7923,0.8123
BIHAR,AURANGABAD,2021,264119,3540.1589,2815.4618,0.7953
BIHAR,AURANGABAD,2022,229482,5877.6159,4541.6063,0.7727
BIHAR,AURANGABAD,2023,242077,6463.4471,5213.9866,0.8067
BIHAR,AURANGABAD,2024,262046,7544.5919,5625.2835,0.7456
BIHAR,BANKA,2019,271819,2176.9917,1250.141,0.5743
BIHAR,BANKA,2020,159745,1701.0081,1359.8142,0.7994
BIHAR,BANKA,2021,184275,1934.0125,1528.5665,0.7904
BIHAR,BANKA,2022,174754,2156.2541,1678.5028,0.7784
BIHAR,BANKA,2023,175416,2494.0592,1924.7246,0.7717
BIHAR,BANKA,2024,190257,3010.645,2295.5446,0.7625
BIHAR,BEGUSARAI,2019,341531,4781.1435,3743.8709,0.783
BIHAR,BEGUSARAI,2020,396133,5572.5254,4259.2673,0.7643
BIHAR,BEGUSARAI,2021,427135,6455.1861,4883.4815,0.7565
BIHAR,BEGUSARAI,2022,436391,7483.9444,5709.6515,0.7629
BIHAR,BEGUSARAI,2023,480734,9153.8918,6899.4984,0.7537
BIHAR,BEGUSARAI,2024,524174,11013.3071,8357.0573,0.7588
BIHAR,BHAGALPUR,2019,313977,6768.6003,3743.2953,0.553
BIHAR,BHAGALPUR,2020,369219,7627.366,4257.4347,0.5582
BIHAR,BHAGALPUR,2021,399191,6444.2321,4852.2358,0.753
BIHAR,BHAGALPUR,2022,379572,7481.0382,5585.2579,0.7466
BIHAR,BHAGALPUR,2023,399127,9175.8986,6859.4809,0.7476
BIHAR,BHAGALPUR,2024,444017,11535.1912,8605.7605,0.746
BIHAR,BHOJPUR,2019,216944,5952.9524,2787.3233,0.4682
BIHAR,BHOJPUR,2020,302170,3539.1765,2814.8093,0.7953
BIHAR,BHOJPUR,2021,333380,4029.7784,3205.3603,0.7954
BIHAR,BHOJPUR,2022,370662,4716.7792,3679.0843,0.78
BIHAR,BHOJPUR,2023,428428,5815.5246,4421.7783,0.7603
BIHAR,BHOJPUR,2024,472171,7005.9021,5219.4686,0.745
BIHAR,BUXAR,2019,182842,2212.9951,1838.7136,0.8309
BIHAR,BUXAR,2020,199550,2693.5715,2163.156,0.8031
BIHAR,BUXAR,2021,218973,2954.9921,2384.2617,0.8069
BIHAR,BUXAR,2022,224342,3110.7628,2539.2691,0.8163
BIHAR,BUXAR,2023,235710,3623.9786,2853.8179,0.7875
BIHAR,BUXAR,2024,246923,4126.7932,3187.7,0.7724
BIHAR,DARBHANGA,2019,255079,4135.2173,2967.9485,0.7177
BIHAR,DARBHANGA,2020,288040,4915.7386,3382.9741,0.6882
BIHAR,DARBHANGA,2021,332575,5844.1405,4009.06,0.686
BIHAR,DARBHANGA,2022,380663,7011.4651,4822.1267,0.6877
BIHAR,DARBHANGA,2023,486354,8813.6452,5944.4156,0.6745
BIHAR,DARBHANGA,2024,576711,10922.8762,7426.188,0.6799
BIHAR,GAYA,2019,456356,6352.6463,4934.6068,0.7768
BIHAR,GAYA,2020,639702,7033.4527,5356.3235,0.7615
BIHAR,GAYA,2021,597940,7697.234,5929.0097,0.7703
BIHAR,GAYA,2022,600586,8932.5698,6778.8052,0.7589
BIHAR,GAYA,2023,708861,11241.3611,8423.9561,0.7494
BIHAR,GAYA,2024,910590,14857.9076,10910.9411,0.7344
BIHAR,GOPALGANJ,2019,250070,2353.8137,1926.9821,0.8187
BIHAR,GOPALGANJ,2020,271318,2809.7948,2189.4947,0.7792
BIHAR,GOPALGANJ,2021,291359,3322.6447,2542.8147,0.7653
BIHAR,GOPALGANJ,2022,305451,3959.3259,3018.7073,0.7624
BIHAR,GOPALGANJ,2023,366123,4939.8405,3708.5143,0.7507
BIHAR,GOPALGANJ,2024,388103,5836.2075,4352.7385,0.7458
BIHAR,JAMUI,2019,167735,1738.8155,1411.1296,0.8115
BIHAR,JAMUI,2020,176827,1946.3581,1534.665,0.7885
BIHAR,JAMUI,2021,198078,2245.6196,1756.1461,0.782
BIHAR,JAMUI,2022,188827,2488.6111,1918.5206,0.7709
BIHAR,JAMUI,2023,203250,2905.7707,2243.4206,0.7721
BIHAR,JAMUI,2024,215775,3384.5498,2582.6358,0.7631
BIHAR,JEHANABAD,2019,79636,899.4915,762.8947,0.8481
BIHAR,JEHANABAD,2020,80403,1219.0628,971.9151,0.7973
BIHAR,JEHANABAD,2021,94752,1376.2131,1075.9969,0.7819
BIHAR,JEHANABAD,2022,87366,1547.1048,1191.0896,0.7699
BIHAR,JEHANABAD,2023,96518,1933.928,1480.8829,0.7657
BIHAR,JEHANABAD,2024,109761,2376.4814,1795.5486,0.7555
BIHAR,KAIMUR,2019,154192,1930.2548,1619.1334,0.8388
BIHAR,KAIMUR,2020,172448,2254.4143,1862.5156,0.8262
BIHAR,KAIMUR,2021,187852,2397.6933,1957.0549,0.8162
BIHAR,KAIMUR,2022,167035,2580.9669,2104.0677,0.8152
BIHAR,KAIMUR,2023,168386,2926.499,2322.8754,0.7937
BIHAR,KAIMUR,2024,175877,3437.9485,2678.4088,0.7791
BIHAR,KATIHAR,2019,245614,3004.05,2459.8132,0.8188
BIHAR,KATIHAR,2020,284535,3648.0782,2835.7611,0.7773
BIHAR,KATIHAR,2021,312713,4259.0289,3333.7857,0.7828
BIHAR,KATIHAR,2022,324088,5144.2973,4006.9949,0.7789
BIHAR,KATIHAR,2023,386434,6757.2717,4949.4102,0.7325
BIHAR,KATIHAR,2024,439872,7856.835,5853.2104,0.745
BIHAR,KHAGARIA,2019,153949,1951.1285,1501.122,0.7694
BIHAR,KHAGARIA,2020,168712,2280.6516,1713.6803,0.7514
BIHAR,KHAGARIA,2021,178750,2305.3951,1832.9044,0.7951
BIHAR,KHAGARIA,2022,171045,2620.0357,2027.8385,0.774
BIHAR,KHAGARIA,2023,185646,3059.0448,2328.727,0.7613
BIHAR,KHAGARIA,2024,209996,3602.367,2698.1249,0.749
BIHAR,KISHANGANJ,2019,206220,1898.6438,1606.3281,0.846
BIHAR,KISHANGANJ,2020,207416,2209.1466,1756.2241,0.795
BIHAR,KISHANGANJ,2021,242956,2579.9444,2040.2626,0.7908
BIHAR,KISHANGANJ,2022,214315,2939.8762,2209.4746,0.7516
BIHAR,KISHANGANJ,2023,233786,3403.7439,2536.3288,0.7452
BIHAR,KISHANGANJ,2024,230334,4066.7562,3157.2353,0.7764
BIHAR,LAKHISARAI,2019,113107,1347.133,1112.2747,0.8257
BIHAR,LAKHISARAI,2020,105186,1147.1299,931.816,0.8123
BIHAR,LAKHISARAI,2021,112204,1294.6374,1059.4473,0.8183
BIHAR,LAKHISARAI,2022,110619,1474.2471,1194.4365,0.8102
BIHAR,LAKHISARAI,2023,118084,1772.4052,1416.4192,0.7992
BIHAR,LAKHISARAI,2024,130712,2104.4208,1638.0165,0.7784
BIHAR,MADHEPURA,2019,152916,1610.3205,1367.196,0.849
BIHAR,MADHEPURA,2020,161783,1959.9553,1517.4266,0.7742
BIHAR,MADHEPURA,2021,193052,2277.9793,1760.5912,0.7729
BIHAR,MADHEPURA,2022,174241,2541.9496,1938.9083,0.7628
BIHAR,MADHEPURA,2023,208306,3255.6307,2436.2948,0.7483
BIHAR,MADHEPURA,2024,248287,3998.5165,2955.0432,0.739
BIHAR,MADHUBANI,2019,262126,2927.5609,2283.168,0.7799
BIHAR,MADHUBANI,2020,279277,3532.897,2605.0322,0.7374
BIHAR,MADHUBANI,2021,315260,4301.5741,3099.617,0.7206
BIHAR,MADHUBANI,2022,307514,5119.993,3563.3406,0.696
BIHAR,MADHUBANI,2023,372952,6617.11,4581.038,0.6923
BIHAR,MADHUBANI,2024,437281,8122.2321,5684.6375,0.6999
BIHAR,MUNGER,2019,146052,2675.3584,1633.13,0.6104
BIHAR,MUNGER,2020,140969,2784.9553,1668.5025,0.5991
BIHAR,MUNGER,2021,170203,3073.3877,1871.3342,0.6089
BIHAR,MUNGER,2022,147382,3277.7042,2003.5025,0.6113
BIHAR,MUNGER,2023,153671,3732.7797,2327.5342,0.6235
BIHAR,MUNGER,2024,174196,4005.7397,2752.5505,0.6872
BIHAR,MUZAFFARPUR,2019,591497,10681.0924,7312.4897,0.6846
BIHAR,MUZAFFARPUR,2020,676535,11762.9889,8237.5003,0.7003
BIHAR,MUZAFFARPUR,2021,708932,11979.4867,9115.1898,0.7609
BIHAR,MUZAFFARPUR,2022,754918,14356.1202,10389.5107,0.7237
BIHAR,MUZAFFARPUR,2023,847770,18632.3589,14248.9055,0.7647
BIHAR,MUZAFFARPUR,2024,998476,22802.8851,17278.3359,0.7577
BIHAR,NALANDA,2019,234324,3222.7355,2704.2442,0.8391
BIHAR,NALANDA,2020,256592,3666.439,2971.4886,0.8105
BIHAR,NALANDA,2021,273148,4057.06,3238.056,0.7981
BIHAR,NALANDA,2022,271838,4644.0332,3624.1536,0.7804
BIHAR,NALANDA,2023,287600,5567.9718,4270.6695,0.767
BIHAR,NALANDA,2024,376875,7042.436,5340.3487,0.7583
BIHAR,NAWADA,2019,186202,1850.2239,1664.9036,0.8998
BIHAR,NAWADA,2020,184724,2072.4678,1785.0371,0.8613
BIHAR,NAWADA,2021,210699,2452.8963,2062.2044,0.8407
BIHAR,NAWADA,2022,190099,2774.1238,2251.136,0.8115
BIHAR,NAWADA,2023,196862,3359.9191,2705.9973,0.8054
BIHAR,NAWADA,2024,211395,4019.9655,3180.442,0.7912
BIHAR,PASCHIMI CHAMPARAN,2019,339943,3426.7866,2814.9349,0.8215
BIHAR,PASCHIMI CHAMPARAN,2020,375998,4145.2407,3181.4392,0.7675
BIHAR,PASCHIMI CHAMPARAN,2021,397641,4882.2635,3661.5116,0.75
BIHAR,PASCHIMI CHAMPARAN,2022,388979,5611.3244,4193.8418,0.7474
BIHAR,PASCHIMI CHAMPARAN,2023,434110,6806.1912,5033.6907,0.7396
BIHAR,PASCHIMI CHAMPARAN,2024,456987,8233.774,6049.4813,0.7347
BIHAR,PATNA,2019,882418,51175.6022,34603.4336,0.6762
BIHAR,PATNA,2020,1506800,54536.1141,38131.4148,0.6992
BIHAR,PATNA,2021,1688146,71744.2254,50064.5645,0.6978
BIHAR,PATNA,2022,2126439,91099.3663,64023.1458,0.7028
BIHAR,PATNA,2023,2451780,101266.3249,71977.2422,0.7108
BIHAR,PATNA,2024,3016217,115242.2539,84084.7617,0.7296
BIHAR,PURBI CHAMPARAN,2019,466117,4728.1261,3993.4304,0.8446
BIHAR,PURBI CHAMPARAN,2020,508827,5538.6841,4560.0061,0.8233
BIHAR,PURBI CHAMPARAN,2021,553441,6550.0311,5351.0261,0.8169
BIHAR,PURBI CHAMPARAN,2022,552951,7661.7281,6158.5157,0.8038
BIHAR,PURBI CHAMPARAN,2023,623264,9794.1904,7677.7587,0.7839
BIHAR,PURBI CHAMPARAN,2024,738186,12366.6936,9521.1013,0.7699
BIHAR,PURNIA,2019,349819,5432.788,4493.6235,0.8271
BIHAR,PURNIA,2020,364599,5798.7438,4589.182,0.7914
BIHAR,PURNIA,2021,421424,6789.7358,5407.2802,0.7964
BIHAR,PURNIA,2022,413611,7815.2599,6144.0253,0.7862
BIHAR,PURNIA,2023,465314,9461.2704,7319.9531,0.7737
BIHAR,PURNIA,2024,528975,11641.5074,8735.5355,0.7504
BIHAR,ROHTAS,2019,285134,4337.4484,3723.9562,0.8586
BIHAR,ROHTAS,2020,269272,4317.0617,3615.2156,0.8374
BIHAR,ROHTAS,2021,296043,4740.9033,3934.6382,0.8299
BIHAR,ROHTAS,2022,276236,5205.0478,4196.2485,0.8062
BIHAR,ROHTAS,2023,289808,6026.9551,4745.438,0.7874
BIHAR,ROHTAS,2024,320022,7202.1611,5617.7761,0.78
BIHAR,SAHARSA,2019,183626,2719.9897,2115.3865,0.7777
BIHAR,SAHARSA,2020,175255,2297.6612,1712.9706,0.7455
BIHAR,SAHARSA,2021,195576,2725.443,2001.1601,0.7343
BIHAR,SAHARSA,2022,189010,3144.0865,2314.2954,0.7361
BIHAR,SAHARSA,2023,201199,3817.1874,2844.0804,0.7451
BIHAR,SAHARSA,2024,213610,4549.9985,3371.4689,0.741
BIHAR,SAMASTIPUR,2019,443738,4899.2679,4062.9408,0.8293
BIHAR,SAMASTIPUR,2020,455856,5512.9918,4369.8384,0.7926
BIHAR,SAMASTIPUR,2021,524326,6429.2701,4946.9058,0.7694
BIHAR,SAMASTIPUR,2022,475375,7126.0755,5460.109,0.7662
BIHAR,SAMASTIPUR,2023,531076,8576.3996,6525.0862,0.7608
BIHAR,SAMASTIPUR,2024,599777,10566.711,8002.1994,0.7573
BIHAR,SARAN,2019,380923,3249.4264,2693.2205,0.8288
BIHAR,SARAN,2020,400139,4020.194,3198.0824,0.7955
BIHAR,SARAN,2021,448417,4703.7176,3733.5606,0.7937
BIHAR,SARAN,2022,435823,5642.2888,4352.8609,0.7715
BIHAR,SARAN,2023,492955,7073.5512,5250.8301,0.7423
BIHAR,SARAN,2024,532115,8614.1694,6362.9371,0.7387
BIHAR,SHEIKHPURA,2019,63114,688.8839,566.5256,0.8224
BIHAR,SHEIKHPURA,2020,69901,855.2731,663.9044,0.7762
BIHAR,SHEIKHPURA,2021,77053,972.5361,744.8246,0.7659
BIHAR,SHEIKHPURA,2022,74622,1072.6688,825.7384,0.7698
BIHAR,SHEIKHPURA,2023,74745,1224.2675,939.3904,0.7673
BIHAR,SHEIKHPURA,2024,82118,1478.4559,1119.1027,0.7569
BIHAR,SHEOHAR,2019,41652,383.8906,323.7171,0.8433
BIHAR,SHEOHAR,2020,46031,522.504,409.1429,0.783
BIHAR,SHEOHAR,2021,50726,626.3287,476.0074,0.76
BIHAR,SHEOHAR,2022,53734,742.0128,566.1359,0.763
BIHAR,SHEOHAR,2023,57415,925.8624,694.4992,0.7501
BIHAR,SHEOHAR,2024,62389,1104.5135,806.3956,0.7301
BIHAR,SITAMARHI,2019,218008,2605.423,2105.9074,0.8083
BIHAR,SITAMARHI,2020,230318,2977.7171,2252.686,0.7565
BIHAR,SITAMARHI,2021,258008,3572.7669,2653.5185,0.7427
BIHAR,SITAMARHI,2022,255978,4197.9016,3065.6395,0.7303
BIHAR,SITAMARHI,2023,287293,5313.2637,3884.2508,0.731
BIHAR,SITAMARHI,2024,313492,6416.7238,4646.0282,0.724
BIHAR,SIWAN,2019,321340,3094.1916,2532.6642,0.8185
BIHAR,SIWAN,2020,742345,4831.3461,3588.9298,0.7428
BIHAR,SIWAN,2021,790740,5418.9132,4021.4813,0.7421
BIHAR,SIWAN,2022,916568,6707.8184,4955.6383,0.7388
BIHAR,SIWAN,2023,987524,8231.5024,5796.1411,0.7041
BIHAR,SIWAN,2024,1012177,9489.4852,6680.0648,0.7039
BIHAR,SUPAUL,2019,168687,2008.1065,1560.2118,0.777
BIHAR,SUPAUL,2020,182221,2319.724,1696.7439,0.7314
BIHAR,SUPAUL,2021,193715,2678.6346,1932.5801,0.7215
BIHAR,SUPAUL,2022,194256,3083.8373,2230.3899,0.7233
BIHAR,SUPAUL,2023,205335,3780.0272,2722.656,0.7203
BIHAR,SUPAUL,2024,217125,4473.2189,3245.7983,0.7256
BIHAR,VAISHALI,2019,393759,4016.5888,3241.0378,0.8069
BIHAR,VAISHALI,2020,1249906,7272.0145,5180.8824,0.7124
BIHAR,VAISHALI,2021,1221758,7762.1764,5508.6348,0.7097
BIHAR,VAISHALI,2022,1416474,9523.2824,6785.4084,0.7125
BIHAR,VAISHALI,2023,1633568,11819.6569,8105.2841,0.6857
BIHAR,VAISHALI,2024,1889276,14587.9533,9776.9754,0.6702
CHANDIGARH,CHANDIGARH,2019,573780,112815.5586,77956.086,0.691
CHANDIGARH,CHANDIGARH,2020,689948,117807.5748,78001.5399,0.6621
CHANDIGARH,CHANDIGARH,2021,722264,124132.0783,80792.8591,0.6509
CHANDIGARH,CHANDIGARH,2022,688165,136755.2087,82007.4504,0.5997
CHANDIGARH,CHANDIGARH,2023,719278,129725.3935,77839.0663,0.6
CHANDIGARH,CHANDIGARH,2024,732454,140653.3978,86601.08,0.6157
CHHATTISGARH,BALOD,2019,46205,945.4588,704.9886,0.7457
CHHATTISGARH,BALOD,2020,47355,1090.7065,800.7199,0.7341
CHHATTISGARH,BALOD,2021,60768,1319.7738,985.6944,0.7469
CHHATTISGARH,BALOD,2022,70398,1576.9316,1196.0178,0.7584
CHHATTISGARH,BALOD,2023,70247,1776.213,1332.5446,0.7502
CHHATTISGARH,BALOD,2024,70792,2155.815,1570.9494,0.7287
CHHATTISGARH,BALODABAZAR,2019,63262,1584.0382,1165.7494,0.7359
CHHATTISGARH,BALODABAZAR,2020,219943,2692.7746,1877.0783,0.6971
CHHATTISGARH,BALODABAZAR,2021,255878,3527.7517,2467.8087,0.6995
CHHATTISGARH,BALODABAZAR,2022,273099,3964.0768,2823.4174,0.7123
CHHATTISGARH,BALODABAZAR,2023,222885,4109.7518,2860.8365,0.6961
CHHATTISGARH,BALODABAZAR,2024,229261,4817.0049,3355.0213,0.6965
CHHATTISGARH,BALRAMPUR,2019,35826,596.5372,464.1902,0.7781
CHHATTISGARH,BALRAMPUR,2020,35596,593.0926,431.6627,0.7278
CHHATTISGARH,BALRAMPUR,2021,35878,730.6277,537.0079,0.735
CHHATTISGARH,BALRAMPUR,2022,39903,866.4036,641.5148,0.7404
CHHATTISGARH,BALRAMPUR,2023,41065,994.2692,724.1927,0.7284
CHHATTISGARH,BALRAMPUR,2024,42838,1238.1045,917.6618,0.7412
CHHATTISGARH,BASTAR,2019,75028,2599.3877,1977.8801,0.7609
CHHATTISGARH,BASTAR,2020,70827,2526.5211,1855.1834,0.7343
CHHATTISGARH,BASTAR,2021,80643,2974.2528,2210.5698,0.7432
CHHATTISGARH,BASTAR,2022,85578,3333.5634,2462.2446,0.7386
CHHATTISGARH,BASTAR,2023,91673,4041.9483,3018.5128,0.7468
CHHATTISGARH,BASTAR,2024,109551,4896.06,3661.6809,0.7479
CHHATTISGARH,BEMETARA,2019,32537,630.8477,502.3376,0.7963
CHHATTISGARH,BEMETARA,2020,34524,785.0416,607.6291,0.774
CHHATTISGARH,BEMETARA,2021,39117,1050.4078,822.662,0.7832
CHHATTISGARH,BEMETARA,2022,39603,1226.2918,935.7005,0.763
CHHATTISGARH,BEMETARA,2023,49752,1644.5861,1264.1601,0.7687
CHHATTISGARH,BEMETARA,2024,50068,1905.0086,1440.9582,0.7564
CHHATTISGARH,BIJAPUR,2019,13023,328.5834,253.9632,0.7729
CHHATTISGARH,BIJAPUR,2020,6618,263.1244,196.1369,0.7454
CHHATTISGARH,BIJAPUR,2021,16263,374.3257,275.9943,0.7373
CHHATTISGARH,BIJAPUR,2022,20058,458.4564,341.1571,0.7441
CHHATTISGARH,BIJAPUR,2023,10585,552.4382,418.5497,0.7576
CHHATTISGARH,BIJAPUR,2024,11926,684.0869,520.0814,0.7603
CHHATTISGARH,BILASPUR,2019,195384,10780.5639,8051.6202,0.7469
CHHATTISGARH,BILASPUR,2020,236816,12458.3006,9398.999,0.7544
CHHATTISGARH,BILASPUR,2021,239930,13275.6213,9276.2449,0.6987
CHHATTISGARH,BILASPUR,2022,248330,16377.6436,10754.2757,0.6566
CHHATTISGARH,BILASPUR,2023,282504,19388.5717,13715.4845,0.7074
CHHATTISGARH,BILASPUR,2024,306084,24311.8764,17103.2329,0.7035
CHHATTISGARH,DAKSHIN BASTAR DANTEWADA,2023,18769,3527.1178,3034.0432,0.8602
CHHATTISGARH,DAKSHIN BASTAR DANTEWADA,2024,20906,3688.2286,2480.2283,0.6725
CHHATTISGARH,DANTEWADA,2019,20067,2438.8325,1008.599,0.4136
CHHATTISGARH,DANTEWADA,2020,14228,1064.7199,841.2602,0.7901
CHHATTISGARH,DANTEWADA,2021,16343,1498.7555,1274.558,0.8504
CHHATTISGARH,DANTEWADA,2022,17219,2346.5577,1681.509,0.7166
CHHATTISGARH,DHAMTARI,2019,77055,2089.2754,1533.9305,0.7342
CHHATTISGARH,DHAMTARI,2020,88344,2414.8085,1723.3172,0.7136
CHHATTISGARH,DHAMTARI,2021,105862,2833.3305,2098.1623,0.7405
CHHATTISGARH,DHAMTARI,2022,112517,3189.2791,2326.978,0.7296
CHHATTISGARH,DHAMTARI,2023,116581,3800.7008,2779.0312,0.7312
CHHATTISGARH,DHAMTARI,2024,118109,4373.3472,3172.9397,0.7255
CHHATTISGARH,DURG,2019,220753,13620.6215,10021.5185,0.7358
CHHATTISGARH,DURG,2020,300105,14505.507,10338.2844,0.7127
CHHATTISGARH,DURG,2021,329735,15958.3727,11052.9673,0.6926
CHHATTISGARH,DURG,2022,341109,17952.2834,12266.5231,0.6833
CHHATTISGARH,DURG,2023,380624,20917.5205,13949.2067,0.6669
CHHATTISGARH,DURG,2024,408837,25358.115,16993.876,0.6702
CHHATTISGARH,GARIYABAND,2019,22128,407.7872,298.5821,0.7322
CHHATTISGARH,GARIYABAND,2020,32147,675.2013,480.8015,0.7121
CHHATTISGARH,GARIYABAND,2021,38821,842.4434,604.0907,0.7171
CHHATTISGARH,GARIYABAND,2022,42499,1013.7628,741.9029,0.7318
CHHATTISGARH,GARIYABAND,2023,48004,1231.1494,904.6165,0.7348
CHHATTISGARH,GARIYABAND,2024,49221,1437.3923,1057.065,0.7354
CHHATTISGARH,GAURELA-PENDRA-MARWAHI,2020,19261,400.0216,283.4682,0.7086
CHHATTISGARH,GAURELA-PENDRA-MARWAHI,2021,22394,477.6634,355.3115,0.7439
CHHATTISGARH,GAURELA-PENDRA-MARWAHI,2022,24896,555.9302,404.8798,0.7283
CHHATTISGARH,GAURELA-PENDRA-MARWAHI,2023,28176,673.29,494.6907,0.7347
CHHATTISGARH,GAURELA-PENDRA-MARWAHI,2024,33470,856.715,616.8201,0.72
CHHATTISGARH,JANJGIR-CHAMPA,2019,130017,2392.4783,1897.155,0.793
CHHATTISGARH,JANJGIR-CHAMPA,2020,130304,2743.0323,1996.2589,0.7278
CHHATTISGARH,JANJGIR-CHAMPA,2021,161404,26101.0507,2425.5141,0.0929
CHHATTISGARH,JANJGIR-CHAMPA,2022,161533,3700.6025,2812.6702,0.7601
CHHATTISGARH,JANJGIR-CHAMPA,2023,137278,3557.1176,2665.064,0.7492
CHHATTISGARH,JANJGIR-CHAMPA,2024,158163,4484.1741,3340.3244,0.7449
CHHATTISGARH,JASHPUR,2019,35946,934.4763,739.0162,0.7908
CHHATTISGARH,JASHPUR,2020,36244,1050.4785,794.7248,0.7565
CHHATTISGARH,JASHPUR,2021,42215,1268.0975,968.7055,0.7639
CHHATTISGARH,JASHPUR,2022,50338,1546.1479,1181.865,0.7644
CHHATTISGARH,JASHPUR,2023,56552,1927.1877,1451.416,0.7531
CHHATTISGARH,JASHPUR,2024,61578,2366.427,1791.7694,0.7572
CHHATTISGARH,KABEERDHAM,2023,56971,1962.398,1521.8634,0.7755
CHHATTISGARH,KABEERDHAM,2024,64642,2396.1219,1867.7012,0.7795
CHHATTISGARH,KANKER,2019,52079,1199.0289,909.084,0.7582
CHHATTISGARH,KANKER,2020,50317,1280.7622,924.4797,0.7218
CHHATTISGARH,KANKER,2021,64676,1534.55,1133.7116,0.7388
CHHATTISGARH,KANKER,2022,73183,1863.0105,1391.753,0.747
CHHATTISGARH,KAWARDHA,2019,48347,1159.5632,907.8748,0.7829
CHHATTISGARH,KAWARDHA,2020,49945,1282.204,969.8859,0.7564
CHHATTISGARH,KAWARDHA,2021,55559,1450.4608,1129.125,0.7785
CHHATTISGARH,KAWARDHA,2022,56200,1678.3585,1305.9733,0.7781
CHHATTISGARH,KHAIRAGARH-CHHUIKHADAN-GANDAI,2023,20372,586.1623,473.2949,0.8074
CHHATTISGARH,KHAIRAGARH-CHHUIKHADAN-GANDAI,2024,21920,713.316,562.3711,0.7884
CHHATTISGARH,KONDAGAON,2019,21847,443.5675,333.7379,0.7524
CHHATTISGARH,KONDAGAON,2020,28570,726.392,522.8971,0.7199
CHHATTISGARH,KONDAGAON,2021,30946,894.7482,663.3452,0.7414
CHHATTISGARH,KONDAGAON,2022,36379,1124.4763,845.4026,0.7518
CHHATTISGARH,KONDAGAON,2023,42592,1387.1323,1042.2256,0.7514
CHHATTISGARH,KONDAGAON,2024,46325,1634.5143,1197.4294,0.7326
CHHATTISGARH,KORBA,2019,92222,5075.1154,3408.552,0.6716
CHHATTISGARH,KORBA,2020,98989,5569.0271,3486.1696,0.626
CHHATTISGARH,KORBA,2021,132548,5819.344,4136.7125,0.7109
CHHATTISGARH,KORBA,2022,146608,6785.3807,4851.4545,0.715
CHHATTISGARH,KORBA,2023,167112,8625.5121,6154.836,0.7136
CHHATTISGARH,KORBA,2024,182433,9880.5755,7021.6248,0.7106
CHHATTISGARH,KORIYA,2019,49141,1155.3846,897.0003,0.7764
CHHATTISGARH,KORIYA,2020,53830,1411.2559,1068.2898,0.757
CHHATTISGARH,KORIYA,2021,345270,5570.991,1972.1449,0.354
CHHATTISGARH,KORIYA,2022,210061,3917.1303,2253.4393,0.5753
CHHATTISGARH,KORIYA,2023,18389,711.4779,475.497,0.6683
CHHATTISGARH,KORIYA,2024,22111,907.6067,660.6663,0.7279
CHHATTISGARH,MAHASAMUND,2019,90902,2118.5101,1656.4317,0.7819
CHHATTISGARH,MAHASAMUND,2020,104295,2372.9162,1782.8611,0.7513
CHHATTISGARH,MAHASAMUND,2021,132634,2753.2362,2120.4574,0.7702
CHHATTISGARH,MAHASAMUND,2022,145114,3175.4419,2448.659,0.7711
CHHATTISGARH,MAHASAMUND,2023,147610,3745.0309,2909.0663,0.7768
CHHATTISGARH,MAHASAMUND,2024,153321,4521.4061,3484.6282,0.7707
CHHATTISGARH,MANENDRAGARH-CHIRMIRI-BHARATPUR,2023,205804,3687.2727,2103.673,0.5705
CHHATTISGARH,MANENDRAGARH-CHIRMIRI-BHARATPUR,2024,192287,3877.7426,2231.0029,0.5753
CHHATTISGARH,MOHLA-MANPUR-AMBAGARH CHOUKI,2023,10828,272.9478,201.2784,0.7374
CHHATTISGARH,MOHLA-MANPUR-AMBAGARH CHOUKI,2024,11976,354.1735,265.1846,0.7487
CHHATTISGARH,MUNGELI,2019,42906,766.1099,625.2286,0.8161
CHHATTISGARH,MUNGELI,2020,32953,808.0264,598.4253,0.7406
CHHATTISGARH,MUNGELI,2021,46275,937.4287,729.6617,0.7784
CHHATTISGARH,MUNGELI,2022,42049,1054.5931,829.8443,0.7869
CHHATTISGARH,MUNGELI,2023,46863,1307.8694,1007.0458,0.77
CHHATTISGARH,MUNGELI,2024,50041,1520.9069,1168.6859,0.7684
CHHATTISGARH,NARAYANPUR,2019,2775,98.3533,80.4416,0.8179
CHHATTISGARH,NARAYANPUR,2020,5086,176.3855,130.2066,0.7382
CHHATTISGARH,NARAYANPUR,2021,9633,236.0348,178.7171,0.7572
CHHATTISGARH,NARAYANPUR,2022,7495,274.6638,203.6385,0.7414
CHHATTISGARH,NARAYANPUR,2023,8632,339.218,257.1321,0.758
CHHATTISGARH,NARAYANPUR,2024,9715,420.4089,320.4726,0.7623
CHHATTISGARH,RAIGARH,2019,140480,7158.5845,4444.2155,0.6208
CHHATTISGARH,RAIGARH,2020,150761,7705.5652,4615.557,0.599
CHHATTISGARH,RAIGARH,2021,175910,10712.1373,7040.3794,0.6572
CHHATTISGARH,RAIGARH,2022,206262,10736.6034,8049.9093,0.7498
CHHATTISGARH,RAIGARH,2023,182879,11889.3928,8652.3958,0.7277
CHHATTISGARH,RAIGARH,2024,201013,11526.4592,7908.4973,0.6861
CHHATTISGARH,RAIPUR,2019,453062,68207.1787,47294.1194,0.6934
CHHATTISGARH,RAIPUR,2020,532280,77307.268,53242.9662,0.6887
CHHATTISGARH,RAIPUR,2021,566237,84991.5013,54719.1685,0.6438
CHHATTISGARH,RAIPUR,2022,576377,126458.5259,68027.5083,0.5379
CHHATTISGARH,RAIPUR,2023,619542,120637.5498,80231.5522,0.6651
CHHATTISGARH,RAIPUR,2024,758181,144238.5911,94541.7346,0.6555
CHHATTISGARH,RAJNANDGAON,2019,108525,3134.1126,2383.0645,0.7604
CHHATTISGARH,RAJNANDGAON,2020,114512,3523.5366,2627.9145,0.7458
CHHATTISGARH,RAJNANDGAON,2021,132771,3952.5659,2950.5826,0.7465
CHHATTISGARH,RAJNANDGAON,2022,137899,4417.4561,3275.9988,0.7416
CHHATTISGARH,RAJNANDGAON,2023,118850,4601.4392,3372.1534,0.7328
CHHATTISGARH,RAJNANDGAON,2024,132299,5839.7333,4232.4385,0.7248
CHHATTISGARH,SAKTI,2023,39079,1003.295,795.5216,0.7929
CHHATTISGARH,SAKTI,2024,42630,1242.2438,981.9331,0.7905
CHHATTISGARH,SARANGARH-BILAIGARH,2023,96363,1129.2017,853.7901,0.7561
CHHATTISGARH,SARANGARH-BILAIGARH,2024,116407,1751.7564,1310.9358,0.7484
CHHATTISGARH,SUKMA,2019,2665,60.8401,42.8934,0.705
CHHATTISGARH,SUKMA,2020,5984,233.9222,174.7562,0.7471
CHHATTISGARH,SUKMA,2021,7377,311.9818,240.5942,0.7712
CHHATTISGARH,SUKMA,2022,8004,384.0573,291.2289,0.7583
CHHATTISGARH,SUKMA,2023,8841,464.9346,351.6468,0.7563
CHHATTISGARH,SUKMA,2024,10131,573.1925,428.3625,0.7473
CHHATTISGARH,SURAJPUR,2019,37569,664.406,516.7929,0.7778
CHHATTISGARH,SURAJPUR,2020,43438,1164.9972,866.5602,0.7438
CHHATTISGARH,SURAJPUR,2021,44314,1338.6723,989.9441,0.7395
CHHATTISGARH,SURAJPUR,2022,52211,1539.1884,1116.8676,0.7256
CHHATTISGARH,SURAJPUR,2023,56347,1857.4534,1340.4908,0.7217
CHHATTISGARH,SURAJPUR,2024,57329,2165.078,1545.3137,0.7137
CHHATTISGARH,SURGUJA,2019,86611,2912.2714,2284.8279,0.7846
CHHATTISGARH,SURGUJA,2020,77995,2624.95,2010.6766,0.766
CHHATTISGARH,SURGUJA,2021,80562,3054.3161,2298.9812,0.7527
CHHATTISGARH,SURGUJA,2022,89374,3512.4397,2640.9181,0.7519
CHHATTISGARH,SURGUJA,2023,101699,4314.6762,3243.8664,0.7518
CHHATTISGARH,SURGUJA,2024,101129,5007.197,3722.4401,0.7434
CHHATTISGARH,UTTAR BASTAR KANKER,2023,80486,2301.1535,1725.9121,0.75
CHHATTISGARH,UTTAR BASTAR KANKER,2024,90310,2818.928,2098.2562,0.7443
DADRA & NAGAR HAVELI,DADRA&NAGAR HAVELI,2019,67879,3992.0124,2709.4302,0.6787
DADRA AND NAGAR HAVELI AND DAMAN AND DIU,DADRA&NAGAR HAVELI,2020,79124,7358.8161,5045.6143,0.6857
DADRA AND NAGAR HAVELI AND DAMAN AND DIU,DADRA&NAGAR HAVELI,2021,87391,6006.795,4340.7185,0.7226
DADRA AND NAGAR HAVELI AND DAMAN AND DIU,DADRA&NAGAR HAVELI,2022,94410,6535.184,4956.6384,0.7585
DADRA AND NAGAR HAVELI AND DAMAN AND DIU,DADRA&NAGAR HAVELI,2023,100268,7556.7282,5443.3734,0.7203
DADRA AND NAGAR HAVELI AND DAMAN AND DIU,DADRA&NAGAR HAVELI,2024,117971,7583.0705,5320.3922,0.7016
DADRA AND NAGAR HAVELI AND DAMAN AND DIU,DAMAN,2020,37948,2080.4547,1364.0807,0.6557
DADRA AND NAGAR HAVELI AND DAMAN AND DIU,DAMAN,2021,40599,2449.3778,1627.7343,0.6646
DADRA AND NAGAR HAVELI AND DAMAN AND DIU,DAMAN,2022,44180,2585.521,1693.9208,0.6552
DADRA AND NAGAR HAVELI AND DAMAN AND DIU,DAMAN,2023,46827,2921.8555,1875.0236,0.6417
DADRA AND NAGAR HAVELI AND DAMAN AND DIU,DAMAN,2024,52123,3696.444,2339.987,0.633
DADRA AND NAGAR HAVELI AND DAMAN AND DIU,DIU,2020,2769,74.3937,48.0222,0.6455
DADRA AND NAGAR HAVELI AND DAMAN AND DIU,DIU,2021,4195,139.2568,98.0317,0.704
DADRA AND NAGAR HAVELI AND DAMAN AND DIU,DIU,2022,4974,167.138,114.9649,0.6878
DADRA AND NAGAR HAVELI AND DAMAN AND DIU,DIU,2023,5508,208.516,144.2201,0.6917
DADRA AND NAGAR HAVELI AND DAMAN AND DIU,DIU,2024,6160,241.2445,165.3441,0.6854
DAMAN & DIU,DAMAN,2019,34120,2117.2875,1452.573,0.6861
DAMAN & DIU,DIU,2019,1867,52.1829,37.0183,0.7094
GOA,NORTH GOA,2019,274068,18971.1742,12139.5716,0.6399
GOA,NORTH GOA,2020,308538,19753.6473,12697.62,0.6428
GOA,NORTH GOA,2021,339584,24378.4624,14463.5051,0.5933
GOA,NORTH GOA,2022,355487,25783.7618,16064.2567,0.623
GOA,NORTH GOA,2023,381688,58760.1916,18162.52,0.3091
GOA,NORTH GOA,2024,365241,58215.0794,19693.1253,0.3383
GOA,SOUTH GOA,2019,165255,10370.1011,7276.6355,0.7017
GOA,SOUTH GOA,2020,183334,11199.1431,7448.1051,0.6651
GOA,SOUTH GOA,2021,189931,11714.6863,7702.536,0.6575
GOA,SOUTH GOA,2022,189620,12281.6972,8027.3943,0.6536
GOA,SOUTH GOA,2023,195151,13544.7169,8841.1224,0.6527
GOA,SOUTH GOA,2024,258265,17147.3971,11829.2362,0.6899
GUJARAT,AHMEDABAD,2019,1846797,363377.7411,241267.2428,0.664
GUJARAT,AHMEDABAD,2020,2392741,373439.6159,244712.7321,0.6553
GUJARAT,AHMEDABAD,2021,2542662,417698.2699,264396.0895,0.633
GUJARAT,AHMEDABAD,2022,3121577,510434.5221,319138.5215,0.6252
GUJARAT,AHMEDABAD,2023,3045388,537812.7371,311824.8893,0.5798
GUJARAT,AHMEDABAD,2024,3508206,598070.0993,352493.2358,0.5894
GUJARAT,AMRELI,2019,153669,5213.0436,3994.463,0.7662
GUJARAT,AMRELI,2020,162953,5641.7107,4172.3918,0.7396
GUJARAT,AMRELI,2021,176020,6333.0309,4753.206,0.7505
GUJARAT,AMRELI,2022,188350,7226.5971,5449.4539,0.7541
GUJARAT,AMRELI,2023,200875,8442.9784,6356.6446,0.7529
GUJARAT,AMRELI,2024,212003,9613.5117,7204.8801,0.7495
GUJARAT,ANAND,2019,297649,11210.892,7601.5204,0.678
GUJARAT,ANAND,2020,372521,12302.8858,8195.3123,0.6661
GUJARAT,ANAND,2021,455385,14684.8614,9605.2609,0.6541
GUJARAT,ANAND,2022,485200,16785.2282,10802.9821,0.6436
GUJARAT,ANAND,2023,522950,19337.8157,12807.8618,0.6623
GUJARAT,ANAND,2024,622169,24118.6844,16214.4952,0.6723
GUJARAT,ARAVALLI,2019,52420,1816.5041,1387.8406,0.764
GUJARAT,ARAVALLI,2020,114431,2707.6005,2015.4367,0.7444
GUJARAT,ARAVALLI,2021,130159,3124.358,2354.6557,0.7536
GUJARAT,ARAVALLI,2022,166853,4320.916,3296.3904,0.7629
GUJARAT,ARAVALLI,2023,185094,4947.0784,3691.4114,0.7462
GUJARAT,ARAVALLI,2024,207380,6205.5164,4626.7824,0.7456
GUJARAT,BANAS KANTHA,2019,258872,11606.9866,8736.607,0.7527
GUJARAT,BANAS KANTHA,2020,291792,12350.3178,9232.2008,0.7475
GUJARAT,BANAS KANTHA,2021,326015,13303.9693,9843.5725,0.7399
GUJARAT,BANAS KANTHA,2022,364940,15742.5966,11355.0072,0.7213
GUJARAT,BANAS KANTHA,2023,411638,18734.7007,13191.579,0.7041
GUJARAT,BANAS KANTHA,2024,486763,23491.2443,16991.1637,0.7233
GUJARAT,BHARUCH,2019,289193,27636.1419,15218.9032,0.5507
GUJARAT,BHARUCH,2020,341709,28214.4679,16114.8705,0.5712
GUJARAT,BHARUCH,2021,389820,30940.7112,17425.4974,0.5632
GUJARAT,BHARUCH,2022,424789,27290.2163,16947.9054,0.621
GUJARAT,BHARUCH,2023,462109,31727.9988,19556.6786,0.6164
GUJARAT,BHARUCH,2024,537781,38680.823,24026.1476,0.6211
GUJARAT,BHAVNAGAR,2019,240069,12815.2242,9048.0301,0.706
GUJARAT,BHAVNAGAR,2020,277972,13805.358,9409.7167,0.6816
GUJARAT,BHAVNAGAR,2021,307073,15141.6057,10256.3904,0.6774
GUJARAT,BHAVNAGAR,2022,325351,16966.5385,11271.5047,0.6643
GUJARAT,BHAVNAGAR,2023,370837,20685.6715,13857.0318,0.6699
GUJARAT,BHAVNAGAR,2024,424250,25641.7266,17400.2841,0.6786
GUJARAT,BOTAD,2019,44076,1568.3167,1253.73,0.7994
GUJARAT,BOTAD,2020,57871,1714.7768,1281.5571,0.7474
GUJARAT,BOTAD,2021,61738,2003.6786,1534.1273,0.7657
GUJARAT,BOTAD,2022,69960,2336.4308,1835.8815,0.7858
GUJARAT,BOTAD,2023,82935,2827.0443,2113.9265,0.7478
GUJARAT,BOTAD,2024,96631,3320.9101,2581.7201,0.7774
GUJARAT,CHHOTAUDEPUR,2019,49027,1236.4462,1003.7607,0.8118
GUJARAT,CHHOTAUDEPUR,2020,82537,1786.1759,1421.4238,0.7958
GUJARAT,CHHOTAUDEPUR,2021,98937,2048.7898,1627.2749,0.7943
GUJARAT,CHHOTAUDEPUR,2022,111919,2286.164,1778.6958,0.778
GUJARAT,CHHOTAUDEPUR,2023,116526,2610.9986,1985.7856,0.7605
GUJARAT,CHHOTAUDEPUR,2024,120105,3042.047,2344.3833,0.7707
GUJARAT,DANGS,2019,6332,105.7158,76.9229,0.7276
GUJARAT,DANGS,2020,6712,117.506,84.0339,0.7151
GUJARAT,DANGS,2021,6231,127.0771,90.8169,0.7147
GUJARAT,DANGS,2022,6986,164.1046,118.327,0.721
GUJARAT,DANGS,2023,7305,207.5278,154.4221,0.7441
GUJARAT,DANGS,2024,10067,266.3148,193.3149,0.7259
GUJARAT,DEVBHUMI DWARKA,2019,79056,1728.676,1321.9093,0.7647
GUJARAT,DEVBHUMI DWARKA,2020,90927,2268.6849,1687.9847,0.744
GUJARAT,DEVBHUMI DWARKA,2021,102712,2690.8033,2032.6153,0.7554
GUJARAT,DEVBHUMI DWARKA,2022,116679,3153.6619,2391.4314,0.7583
GUJARAT,DEVBHUMI DWARKA,2023,130334,3705.0777,2814.5665,0.7597
GUJARAT,DEVBHUMI DWARKA,2024,146800,4575.9522,3535.1507,0.7725
GUJARAT,DOHAD,2019,112528,2255.7703,1630.7235,0.7229
GUJARAT,DOHAD,2020,232917,2858.9895,2034.3051,0.7115
GUJARAT,DOHAD,2021,246264,3295.5967,2398.4861,0.7278
GUJARAT,DOHAD,2022,263073,4134.9248,3034.0073,0.7338
GUJARAT,DOHAD,2023,275060,4981.4941,3685.9991,0.7399
GUJARAT,DOHAD,2024,296027,5830.7417,4334.9598,0.7435
GUJARAT,GANDHINAGAR,2019,224196,21755.8757,13292.9357,0.611
GUJARAT,GANDHINAGAR,2020,277066,21564.7225,14438.8596,0.6696
GUJARAT,GANDHINAGAR,2021,320082,21058.2254,14592.4283,0.693
GUJARAT,GANDHINAGAR,2022,346862,25501.1633,17155.8314,0.6727
GUJARAT,GANDHINAGAR,2023,374785,28837.5163,19805.5425,0.6868
GUJARAT,GANDHINAGAR,2024,444726,38864.4017,27285.4729,0.7021
GUJARAT,GIR SOMNATH,2019,73169,2454.9984,1826.9794,0.7442
GUJARAT,GIR SOMNATH,2020,83450,2915.0467,2081.4373,0.714
GUJARAT,GIR SOMNATH,2021,93517,3513.7567,2488.2207,0.7081
GUJARAT,GIR SOMNATH,2022,111719,4312.8481,3174.8709,0.7361
GUJARAT,GIR SOMNATH,2023,124129,5045.0255,3687.518,0.7309
GUJARAT,GIR SOMNATH,2024,141360,5903.5773,4239.4576,0.7181
GUJARAT,JAMNAGAR,2019,284021,18835.5888,15091.8298,0.8012
GUJARAT,JAMNAGAR,2020,320010,18807.6107,14193.1843,0.7547
GUJARAT,JAMNAGAR,2021,350789,19071.3283,13168.0185,0.6905
GUJARAT,JAMNAGAR,2022,366274,19670.19,13113.5861,0.6667
GUJARAT,JAMNAGAR,2023,410534,21585.2195,14804.5462,0.6859
GUJARAT,JAMNAGAR,2024,471339,27212.6893,18933.3979,0.6958
GUJARAT,JUNAGADH,2019,204658,8123.0653,5968.4017,0.7347
GUJARAT,JUNAGADH,2020,217486,9024.1183,6438.1537,0.7134
GUJARAT,JUNAGADH,2021,239267,10386.5329,7487.32,0.7209
GUJARAT,JUNAGADH,2022,255559,11498.7136,8055.4886,0.7006
GUJARAT,JUNAGADH,2023,291550,13433.5765,9319.6171,0.6938
GUJARAT,JUNAGADH,2024,325371,16062.4416,11091.6166,0.6905
GUJARAT,KACHCHH,2019,325459,19298.2155,14500.1246,0.7514
GUJARAT,KACHCHH,2020,381549,22597.9336,15856.0989,0.7017
GUJARAT,KACHCHH,2021,435650,25541.1828,17593.9561,0.6888
GUJARAT,KACHCHH,2022,499583,30072.3507,19951.7987,0.6635
GUJARAT,KACHCHH,2023,554408,35818.4014,23882.4087,0.6668
GUJARAT,KACHCHH,2024,629562,42980.649,28796.8996,0.67
GUJARAT,KHEDA,2019,251107,6717.1322,4979.7305,0.7413
GUJARAT,KHEDA,2020,323757,7509.4537,5456.4167,0.7266
GUJARAT,KHEDA,2021,373471,8372.7621,6000.1606,0.7166
GUJARAT,KHEDA,2022,412497,9597.1179,6842.8093,0.713
GUJARAT,KHEDA,2023,397724,11185.3383,7765.2003,0.6942
GUJARAT,KHEDA,2024,371585,13472.8979,9432.1903,0.7001
GUJARAT,MAHESANA,2019,297051,16808.8127,12152.08,0.723
GUJARAT,MAHESANA,2020,339620,18198.7663,12332.0472,0.6776
GUJARAT,MAHESANA,2021,373817,18982.3798,13300.9672,0.7007
GUJARAT,MAHESANA,2022,423236,22079.0323,15534.7846,0.7036
GUJARAT,MAHESANA,2023,471595,25904.6737,18423.0371,0.7112
GUJARAT,MAHESANA,2024,519537,31897.1381,21587.4496,0.6768
GUJARAT,MAHISAGAR,2019,77488,1372.3782,1021.9847,0.7447
GUJARAT,MAHISAGAR,2020,144215,1825.7005,1319.1296,0.7225
GUJARAT,MAHISAGAR,2021,155753,2036.2864,1494.4144,0.7339
GUJARAT,MAHISAGAR,2022,164108,2336.5887,1708.919,0.7314
GUJARAT,MAHISAGAR,2023,180876,2753.4699,2004.5819,0.728
GUJARAT,MAHISAGAR,2024,190173,3828.856,2878.8612,0.7519
GUJARAT,MORBI,2019,99396,16179.1069,11963.8565,0.7395
GUJARAT,MORBI,2020,122848,18040.5527,12636.6817,0.7005
GUJARAT,MORBI,2021,134592,20423.374,13733.2042,0.6724
GUJARAT,MORBI,2022,159660,27568.617,19065.7531,0.6916
GUJARAT,MORBI,2023,179155,31878.1087,21698.6833,0.6807
GUJARAT,MORBI,2024,194904,35767.6015,23238.3489,0.6497
GUJARAT,NARMADA,2019,49117,1050.2035,847.7851,0.8073
GUJARAT,NARMADA,2020,70581,1195.8838,940.3285,0.7863
GUJARAT,NARMADA,2021,81388,1372.3059,1082.5624,0.7889
GUJARAT,NARMADA,2022,76885,1502.295,1162.5018,0.7738
GUJARAT,NARMADA,2023,82394,1749.282,1354.8337,0.7745
GUJARAT,NARMADA,2024,95217,2212.1673,1652.7562,0.7471
GUJARAT,NAVSARI,2019,175935,6725.1929,4883.4173,0.7261
GUJARAT,NAVSARI,2020,208032,7816.9839,5572.6501,0.7129
GUJARAT,NAVSARI,2021,234264,8820.6221,6256.0417,0.7093
GUJARAT,NAVSARI,2022,256066,10135.2585,7195.8047,0.71
GUJARAT,NAVSARI,2023,281647,11774.6729,8439.6777,0.7168
GUJARAT,NAVSARI,2024,305335,13781.6657,9843.15,0.7142
GUJARAT,PANCH MAHALS,2019,184755,4272.5846,2867.4508,0.6711
GUJARAT,PANCH MAHALS,2020,220208,4500.2922,3044.4909,0.6765
GUJARAT,PANCH MAHALS,2021,248074,5246.914,3424.9075,0.6527
GUJARAT,PANCH MAHALS,2022,269156,6206.6296,3989.0508,0.6427
GUJARAT,PANCH MAHALS,2023,300163,7141.9605,4817.2501,0.6745
GUJARAT,PANCH MAHALS,2024,445676,10357.0576,7436.4029,0.718
GUJARAT,PATAN,2019,115955,4108.4703,3107.1533,0.7563
GUJARAT,PATAN,2020,126790,4299.7306,3268.9326,0.7603
GUJARAT,PATAN,2021,148193,4732.9627,3643.5711,0.7698
GUJARAT,PATAN,2022,161754,5298.473,4082.0665,0.7704
GUJARAT,PATAN,2023,183184,6088.1588,4647.6526,0.7634
GUJARAT,PATAN,2024,214424,7272.268,5604.8967,0.7707
GUJARAT,PORBANDAR,2019,71605,3129.8863,2282.2912,0.7292
GUJARAT,PORBANDAR,2020,80499,3794.1434,2687.7142,0.7084
GUJARAT,PORBANDAR,2021,88854,4143.1793,2888.0463,0.6971
GUJARAT,PORBANDAR,2022,90429,4467.4391,3065.7604,0.6862
GUJARAT,PORBANDAR,2023,101405,5095.4931,3545.7094,0.6959
GUJARAT,PORBANDAR,2024,95057,5308.0732,3666.4279,0.6907
GUJARAT,RAJKOT,2019,600437,54107.2474,37703.9383,0.6968
GUJARAT,RAJKOT,2020,701622,58833.0852,40397.5293,0.6866
GUJARAT,RAJKOT,2021,782431,66612.7625,46185.6477,0.6933
GUJARAT,RAJKOT,2022,926678,78165.3622,51919.0532,0.6642
GUJARAT,RAJKOT,2023,1086544,91614.3117,60858.8348,0.6643
GUJARAT,RAJKOT,2024,1246570,115754.8052,76421.8387,0.6602
GUJARAT,SABAR KANTHA,2019,223804,9298.7614,6905.7268,0.7427
GUJARAT,SABAR KANTHA,2020,249606,9853.6128,7031.511,0.7136
GUJARAT,SABAR KANTHA,2021,277650,10732.7336,7818.7397,0.7285
GUJARAT,SABAR KANTHA,2022,296892,11419.9006,8069.3381,0.7066
GUJARAT,SABAR KANTHA,2023,322368,12971.1808,9136.4916,0.7044
GUJARAT,SABAR KANTHA,2024,355157,15587.4871,11148.6203,0.7152
GUJARAT,SURAT,2019,1160002,113503.4883,80127.5188,0.7059
GUJARAT,SURAT,2020,1426128,122209.813,84723.3504,0.6933
GUJARAT,SURAT,2021,1609918,141498.7261,95955.0186,0.6781
GUJARAT,SURAT,2022,1776205,149004.0783,100996.2876,0.6778
GUJARAT,SURAT,2023,2045091,179945.2772,118938.7666,0.661
GUJARAT,SURAT,2024,2344202,227813.9268,146818.6349,0.6445
GUJARAT,SURENDRANAGAR,2019,177181,6855.329,5331.8051,0.7778
GUJARAT,SURENDRANAGAR,2020,198249,7707.0473,5835.9221,0.7572
GUJARAT,SURENDRANAGAR,2021,226552,8737.6866,6619.4122,0.7576
GUJARAT,SURENDRANAGAR,2022,235351,9464.8556,6926.5141,0.7318
GUJARAT,SURENDRANAGAR,2023,262277,11038.5222,8265.0979,0.7488
GUJARAT,SURENDRANAGAR,2024,302490,13610.7089,9938.2115,0.7302
GUJARAT,TAPI,2019,38859,1155.6831,838.4968,0.7255
GUJARAT,TAPI,2020,53874,1374.1552,1035.7478,0.7537
GUJARAT,TAPI,2021,63528,1593.0338,1195.465,0.7504
GUJARAT,TAPI,2022,70180,1985.6818,1494.3646,0.7526
GUJARAT,TAPI,2023,78756,2338.8179,1748.7512,0.7477
GUJARAT,TAPI,2024,90182,3230.0841,2212.699,0.685
GUJARAT,VADODARA,2019,1076741,104142.399,63080.5427,0.6057
GUJARAT,VADODARA,2020,1251568,105242.9798,60710.1254,0.5769
GUJARAT,VADODARA,2021,1317694,98618.8836,55977.3718,0.5676
GUJARAT,VADODARA,2022,1373768,107490.5422,63447.1047,0.5903
GUJARAT,VADODARA,2023,1458567,128289.6128,75960.5041,0.5921
GUJARAT,VADODARA,2024,1648016,160313.7503,97868.8126,0.6105
GUJARAT,VALSAD,2019,264325,15652.185,10216.849,0.6527
GUJARAT,VALSAD,2020,315860,17200.2232,11136.7338,0.6475
GUJARAT,VALSAD,2021,371237,19340.2156,12548.4118,0.6488
GUJARAT,VALSAD,2022,409435,23301.3312,14496.1009,0.6221
GUJARAT,VALSAD,2023,472583,28627.9119,17218.2388,0.6014
GUJARAT,VALSAD,2024,529332,37682.2622,22216.8839,0.5896
HARYANA,AMBALA,2019,282809,12177.4323,8625.5393,0.7083
HARYANA,AMBALA,2020,339317,12455.9876,8615.0954,0.6916
HARYANA,AMBALA,2021,347467,13438.1625,9286.3044,0.691
HARYANA,AMBALA,2022,362131,16444.6323,10790.944,0.6562
HARYANA,AMBALA,2023,411268,19252.6286,12563.0807,0.6525
HARYANA,AMBALA,2024,445896,22731.414,15269.7739,0.6717
HARYANA,BHIWANI,2019,188668,6289.2479,4821.44,0.7666
HARYANA,BHIWANI,2020,208495,6842.6904,5172.4987,0.7559
HARYANA,BHIWANI,2021,227435,7555.8892,5640.7474,0.7465
HARYANA,BHIWANI,2022,245118,8700.7771,6506.9497,0.7479
HARYANA,BHIWANI,2023,281016,10472.8367,7806.9841,0.7455
HARYANA,BHIWANI,2024,329627,12590.0803,9232.6329,0.7333
HARYANA,CHARKI DADRI,2019,50458,2883.1199,1513.7332,0.525
HARYANA,CHARKI DADRI,2020,53998,3079.328,1614.9141,0.5244
HARYANA,CHARKI DADRI,2021,58365,3334.7028,1806.0189,0.5416
HARYANA,CHARKI DADRI,2022,62845,3688.0646,2032.8182,0.5512
HARYANA,CHARKI DADRI,2023,76451,3217.8689,2460.6496,0.7647
HARYANA,CHARKI DADRI,2024,89349,5016.5824,3092.742,0.6165
HARYANA,FARIDABAD,2019,540238,44787.8808,25866.8659,0.5775
HARYANA,FARIDABAD,2020,652095,47153.638,26342.114,0.5586
HARYANA,FARIDABAD,2021,671718,46930.6769,28562.674,0.6086
HARYANA,FARIDABAD,2022,716305,55365.5092,33183.2682,0.5993
HARYANA,FARIDABAD,2023,773000,67068.55,39657.7541,0.5913
HARYANA,FARIDABAD,2024,849588,82557.9404,50634.6194,0.6133
HARYANA,FATEHABAD,2019,165247,6009.6673,4813.1066,0.8009
HARYANA,FATEHABAD,2020,202173,6710.9538,5312.2537,0.7916
HARYANA,FATEHABAD,2021,215813,7405.12,5798.8128,0.7831
HARYANA,FATEHABAD,2022,232478,8375.1922,6636.8619,0.7924
HARYANA,FATEHABAD,2023,261002,9685.3409,7488.3056,0.7732
HARYANA,FATEHABAD,2024,287077,11809.5347,9030.5414,0.7647
HARYANA,GURGAON,2019,1148716,166545.6895,104369.0447,0.6267
HARYANA,GURGAON,2020,1801417,196777.6283,117561.5565,0.5974
HARYANA,GURGAON,2021,1914606,207595.5658,122940.322,0.5922
HARYANA,GURGAON,2022,1980995,249717.0055,145828.9531,0.584
HARYANA,GURUGRAM,2023,2141509,303730.6896,185625.0943,0.6112
HARYANA,GURUGRAM,2024,2387260,408495.4877,257783.0814,0.6311
HARYANA,HISAR,2019,304340,20400.2036,13341.5606,0.654
HARYANA,HISAR,2020,373159,20496.7717,13843.6557,0.6754
HARYANA,HISAR,2021,418984,23129.5452,15701.4005,0.6788
HARYANA,HISAR,2022,443618,26773.1623,17809.8124,0.6652
HARYANA,HISAR,2023,498697,31596.1435,21708.4193,0.6871
HARYANA,HISAR,2024,551939,38262.3944,26601.5247,0.6952
HARYANA,JHAJJAR,2019,133776,5048.1307,3770.5504,0.7469
HARYANA,JHAJJAR,2020,166323,7033.9728,5011.4938,0.7125
HARYANA,JHAJJAR,2021,184479,9784.5216,7448.0163,0.7612
HARYANA,JHAJJAR,2022,194333,11782.264,8579.4785,0.7282
HARYANA,JHAJJAR,2023,214303,13151.6857,9323.6888,0.7089
HARYANA,JHAJJAR,2024,240618,16490.0887,11121.356,0.6744
HARYANA,JIND,2019,200517,7344.7337,5839.2586,0.795
HARYANA,JIND,2020,227904,7810.1993,6137.8756,0.7859
HARYANA,JIND,2021,247881,8539.7167,6598.2821,0.7727
HARYANA,JIND,2022,275314,9791.4189,7579.1722,0.7741
HARYANA,JIND,2023,315747,11690.044,8903.3423,0.7616
HARYANA,JIND,2024,356505,13974.9099,10335.3599,0.7396
HARYANA,KAITHAL,2019,183689,7959.8194,5902.1068,0.7415
HARYANA,KAITHAL,2020,215847,8154.6635,6240.8801,0.7653
HARYANA,KAITHAL,2021,229870,9001.0529,6788.4682,0.7542
HARYANA,KAITHAL,2022,258276,10578.3742,7895.7419,0.7464
HARYANA,KAITHAL,2023,291637,12257.6284,9204.0441,0.7509
HARYANA,KAITHAL,2024,319452,14853.8984,11013.0572,0.7414
HARYANA,KARNAL,2019,327047,22896.9022,17393.1635,0.7596
HARYANA,KARNAL,2020,400907,23985.1819,17448.4909,0.7275
HARYANA,KARNAL,2021,455548,24823.2027,18404.8816,0.7414
HARYANA,KARNAL,2022,471747,28552.2608,21328.2029,0.747
HARYANA,KARNAL,2023,538724,34703.8115,25586.6119,0.7373
HARYANA,KARNAL,2024,582141,41984.4466,30702.6481,0.7313
HARYANA,KURUKSHETRA,2019,201498,8481.0556,6614.5155,0.7799
HARYANA,KURUKSHETRA,2020,263421,9297.7247,7063.5647,0.7597
HARYANA,KURUKSHETRA,2021,288661,20139.0576,7560.7799,0.3754
HARYANA,KURUKSHETRA,2022,315701,11691.9095,8663.6377,0.741
HARYANA,KURUKSHETRA,2023,341918,13369.1107,9886.3255,0.7395
HARYANA,KURUKSHETRA,2024,360611,16044.4407,11772.2428,0.7337
HARYANA,MAHENDRAGARH,2019,113377,3584.8193,2733.146,0.7624
HARYANA,MAHENDRAGARH,2020,122880,3906.0602,2964.1737,0.7589
HARYANA,MAHENDRAGARH,2021,135154,4393.6153,3343.8416,0.7611
HARYANA,MAHENDRAGARH,2022,149837,5161.6463,3891.0077,0.7538
HARYANA,MAHENDRAGARH,2023,176343,6233.1512,4658.5215,0.7474
HARYANA,MAHENDRAGARH,2024,199921,7497.7209,5490.1107,0.7322
HARYANA,MEWAT,2019,44310,1078.2037,884.1589,0.82
HARYANA,MEWAT,2020,56112,1312.8385,1080.0839,0.8227
HARYANA,MEWAT,2021,64393,1471.7096,1179.0683,0.8012
HARYANA,MEWAT,2022,73453,2299.7539,1428.2314,0.621
HARYANA,MEWAT,2023,77510,2638.2485,1721.8372,0.6526
HARYANA,NUH,2024,87745,2646.2995,1986.1508,0.7505
HARYANA,PALWAL,2019,119080,3098.0899,2432.5287,0.7852
HARYANA,PALWAL,2020,126592,3512.8032,2636.3313,0.7505
HARYANA,PALWAL,2021,137071,4049.2637,2940.3092,0.7261
HARYANA,PALWAL,2022,148854,4477.3463,3226.8609,0.7207
HARYANA,PALWAL,2023,169304,5509.8681,3864.2754,0.7013
HARYANA,PALWAL,2024,188571,6827.7279,4884.8327,0.7154
HARYANA,PANCHKULA,2019,210249,26402.0578,19045.8037,0.7214
HARYANA,PANCHKULA,2020,235624,53673.2238,26979.9012,0.5027
HARYANA,PANCHKULA,2021,246503,39582.2224,17031.9511,0.4303
HARYANA,PANCHKULA,2022,242897,27638.2123,16108.1529,0.5828
HARYANA,PANCHKULA,2023,255815,29032.2361,18250.1193,0.6286
HARYANA,PANCHKULA,2024,286776,33817.4324,20288.2366,0.5999
HARYANA,PANIPAT,2019,230915,21042.8467,12781.1148,0.6074
HARYANA,PANIPAT,2020,303920,21011.1383,13680.4807,0.6511
HARYANA,PANIPAT,2021,338573,26119.5017,16052.5202,0.6146
HARYANA,PANIPAT,2022,392751,40471.87,19471.3698,0.4811
HARYANA,PANIPAT,2023,453226,38483.3482,23078.2813,0.5997
HARYANA,PANIPAT,2024,505857,42987.2374,27767.2358,0.6459
HARYANA,REWARI,2019,158782,6992.664,4883.1585,0.6983
HARYANA,REWARI,2020,246874,8082.0554,5436.2406,0.6726
HARYANA,REWARI,2021,282125,9418.1982,6601.7936,0.701
HARYANA,REWARI,2022,307041,11338.1798,7778.6452,0.6861
HARYANA,REWARI,2023,348361,13863.2978,9670.9872,0.6976
HARYANA,REWARI,2024,377781,16711.1507,11446.2995,0.6849
HARYANA,ROHTAK,2019,210887,13163.2579,9336.1128,0.7093
HARYANA,ROHTAK,2020,266207,14096.1056,9479.4348,0.6725
HARYANA,ROHTAK,2021,293438,15219.5412,10502.5628,0.6901
HARYANA,ROHTAK,2022,311683,18694.7452,12808.2232,0.6851
HARYANA,ROHTAK,2023,344402,22029.9681,15398.0854,0.699
HARYANA,ROHTAK,2024,382518,27010.0797,18582.0917,0.688
HARYANA,SIRSA,2019,237152,10014.4153,7804.2375,0.7793
HARYANA,SIRSA,2020,300455,11075.4709,8455.1153,0.7634
HARYANA,SIRSA,2021,314642,11905.6145,8980.9852,0.7543
HARYANA,SIRSA,2022,333850,13498.9664,10205.3079,0.756
HARYANA,SIRSA,2023,372970,15841.854,11981.4524,0.7563
HARYANA,SIRSA,2024,415853,19102.0388,14367.4499,0.7521
HARYANA,SONIPAT,2019,222515,19671.111,8978.8522,0.4564
HARYANA,SONIPAT,2020,244538,20894.6427,9251.4949,0.4428
HARYANA,SONIPAT,2021,277650,23053.0023,10054.7889,0.4362
HARYANA,SONIPAT,2022,292799,25342.9448,11275.8392,0.4449
HARYANA,SONIPAT,2023,323494,24763.2282,13216.6088,0.5337
HARYANA,SONIPAT,2024,368758,29971.941,17141.3741,0.5719
HARYANA,YAMUNANAGAR,2019,197088,9287.8177,7124.5668,0.7671
HARYANA,YAMUNANAGAR,2020,244565,10471.7889,7730.6249,0.7382
HARYANA,YAMUNANAGAR,2021,293209,11871.7669,8711.3887,0.7338
HARYANA,YAMUNANAGAR,2022,310252,13699.9935,9925.405,0.7245
HARYANA,YAMUNANAGAR,2023,350319,16156.5795,11482.8082,0.7107
HARYANA,YAMUNANAGAR,2024,391693,19315.8186,13562.3581,0.7021
HIMACHAL PRADESH,BILASPUR,2019,45126,1630.0247,1189.8609,0.73
HIMACHAL PRADESH,BILASPUR,2020,46750,1709.9979,1224.3139,0.716
HIMACHAL PRADESH,BILASPUR,2021,53514,1809.9546,1305.7897,0.7214
HIMACHAL PRADESH,BILASPUR,2022,54649,2041.585,1475.1901,0.7226
HIMACHAL PRADESH,BILASPUR,2023,56980,2143.177,1558.198,0.7271
HIMACHAL PRADESH,BILASPUR,2024,62893,2527.1351,1823.8187,0.7217
HIMACHAL PRADESH,CHAMBA,2019,49007,1392.7642,1011.7767,0.7265
HIMACHAL PRADESH,CHAMBA,2020,51678,1553.7708,1116.3971,0.7185
HIMACHAL PRADESH,CHAMBA,2021,57487,1751.8176,1249.4875,0.7133
HIMACHAL PRADESH,CHAMBA,2022,59761,1994.317,1409.2985,0.7067
HIMACHAL PRADESH,CHAMBA,2023,64135,2308.3588,1633.4739,0.7076
HIMACHAL PRADESH,CHAMBA,2024,72062,2745.1323,1934.1507,0.7046
HIMACHAL PRADESH,HAMIRPUR,2019,64492,1837.2647,1418.0061,0.7718
HIMACHAL PRADESH,HAMIRPUR,2020,68242,1997.1307,1458.6282,0.7304
HIMACHAL PRADESH,HAMIRPUR,2021,77915,2252.2842,1648.1009,0.7317
HIMACHAL PRADESH,HAMIRPUR,2022,83163,2681.4469,1945.9417,0.7257
HIMACHAL PRADESH,HAMIRPUR,2023,90643,3285.5221,2325.7885,0.7079
HIMACHAL PRADESH,HAMIRPUR,2024,100412,3913.3253,2740.7824,0.7004
HIMACHAL PRADESH,KANGRA,2019,180878,6147.5585,4504.3835,0.7327
HIMACHAL PRADESH,KANGRA,2020,200125,6863.3183,4823.1262,0.7027
HIMACHAL PRADESH,KANGRA,2021,224414,7565.4848,5474.6053,0.7236
HIMACHAL PRADESH,KANGRA,2022,236320,8673.2417,6136.4804,0.7075
HIMACHAL PRADESH,KANGRA,2023,248370,10162.111,7028.8564,0.6917
HIMACHAL PRADESH,KANGRA,2024,273165,12096.7191,8292.4719,0.6855
HIMACHAL PRADESH,KINNAUR,2019,13617,457.1951,356.535,0.7798
HIMACHAL PRADESH,KINNAUR,2020,13421,465.0444,352.4399,0.7579
HIMACHAL PRADESH,KINNAUR,2021,14516,499.2406,378.2635,0.7577
HIMACHAL PRADESH,KINNAUR,2022,15407,570.5107,433.7059,0.7602
HIMACHAL PRADESH,KINNAUR,2023,16942,666.8012,513.798,0.7705
HIMACHAL PRADESH,KINNAUR,2024,18803,766.1997,579.3889,0.7562
HIMACHAL PRADESH,KULU,2019,61450,2844.0355,2166.8007,0.7619
HIMACHAL PRADESH,KULU,2020,63076,3065.0764,2299.2257,0.7501
HIMACHAL PRADESH,KULU,2021,71881,3425.8815,2577.6874,0.7524
HIMACHAL PRADESH,KULU,2022,75021,3852.7776,2887.3282,0.7494
HIMACHAL PRADESH,KULU,2023,78974,4436.7377,3245.9847,0.7316
HIMACHAL PRADESH,KULU,2024,86809,5149.0634,3763.891,0.731
HIMACHAL PRADESH,LAHUL & SPITI,2019,4811,297.1518,235.6821,0.7931
HIMACHAL PRADESH,LAHUL & SPITI,2020,4161,143.1718,105.4109,0.7363
HIMACHAL PRADESH,LAHUL & SPITI,2021,4046,124.2792,94.9398,0.7639
HIMACHAL PRADESH,LAHUL & SPITI,2022,4443,161.0498,124.5852,0.7736
HIMACHAL PRADESH,LAHUL & SPITI,2023,4788,196.5259,157.0155,0.799
HIMACHAL PRADESH,LAHUL & SPITI,2024,5312,232.0112,181.5278,0.7824
HIMACHAL PRADESH,MANDI,2019,109483,3961.6739,2871.5696,0.7248
HIMACHAL PRADESH,MANDI,2020,114307,4123.052,2886.2123,0.7
HIMACHAL PRADESH,MANDI,2021,129002,4529.4952,3243.39,0.7161
HIMACHAL PRADESH,MANDI,2022,134992,5246.989,3730.093,0.7109
HIMACHAL PRADESH,MANDI,2023,144049,5862.978,4127.0093,0.7039
HIMACHAL PRADESH,MANDI,2024,160273,7148.0482,4928.309,0.6895
HIMACHAL PRADESH,SHIMLA,2019,147654,8159.3749,6160.5754,0.755
HIMACHAL PRADESH,SHIMLA,2020,157025,9356.2842,6619.1227,0.7075
HIMACHAL PRADESH,SHIMLA,2021,182429,10583.0477,7414.7687,0.7006
HIMACHAL PRADESH,SHIMLA,2022,198764,11260.1657,7978.2405,0.7085
HIMACHAL PRADESH,SHIMLA,2023,217069,12623.0634,8888.4133,0.7041
HIMACHAL PRADESH,SHIMLA,2024,238981,14896.7541,10219.0382,0.686
HIMACHAL PRADESH,SIRMAUR,2019,64408,3539.5843,2693.2509,0.7609
HIMACHAL PRADESH,SIRMAUR,2020,65748,3775.8301,2779.1916,0.736
HIMACHAL PRADESH,SIRMAUR,2021,73424,4262.0638,3101.2637,0.7276
HIMACHAL PRADESH,SIRMAUR,2022,78394,5052.9005,3695.4124,0.7313
HIMACHAL PRADESH,SIRMAUR,2023,83388,5894.6553,4251.8188,0.7213
HIMACHAL PRADESH,SIRMAUR,2024,91623,7116.7825,5051.2308,0.7098
HIMACHAL PRADESH,SOLAN,2019,124710,8394.1043,6062.0465,0.7222
HIMACHAL PRADESH,SOLAN,2020,139125,9568.7841,6800.7877,0.7107
HIMACHAL PRADESH,SOLAN,2021,157836,10454.0677,7313.1298,0.6995
HIMACHAL PRADESH,SOLAN,2022,172186,12415.8048,8655.1675,0.6971
HIMACHAL PRADESH,SOLAN,2023,181374,14531.0952,10165.9552,0.6996
HIMACHAL PRADESH,SOLAN,2024,195509,17652.585,12446.7406,0.7051
HIMACHAL PRADESH,UNA,2019,73469,2228.3227,1661.6822,0.7457
HIMACHAL PRADESH,UNA,2020,79302,2529.6607,1862.009,0.7361
HIMACHAL PRADESH,UNA,2021,88444,2855.5851,2097.8028,0.7346
HIMACHAL PRADESH,UNA,2022,92387,3430.0043,2470.3114,0.7202
HIMACHAL PRADESH,UNA,2023,97993,4025.5957,2823.856,0.7015
HIMACHAL PRADESH,UNA,2024,107072,4727.5362,3312.8081,0.7007
JAMMU & KASHMIR,ANANTNAG,2019,136227,4287.0409,3245.7227,0.7571
JAMMU & KASHMIR,ANANTNAG,2020,177312,4709.0715,3492.6353,0.7417
JAMMU & KASHMIR,ANANTNAG,2021,183314,5512.774,4147.6621,0.7524
JAMMU & KASHMIR,ANANTNAG,2022,179504,5953.5283,4455.114,0.7483
JAMMU & KASHMIR,ANANTNAG,2023,190601,6903.0252,5110.9907,0.7404
JAMMU & KASHMIR,ANANTNAG,2024,224485,7993.2264,5795.9639,0.7251
JAMMU & KASHMIR,BADGAM,2019,107022,3094.9239,2357.066,0.7616
JAMMU & KASHMIR,BADGAM,2020,136352,3525.7994,2676.446,0.7591
JAMMU & KASHMIR,BADGAM,2021,140086,4222.7853,3246.4113,0.7688
JAMMU & KASHMIR,BADGAM,2022,153540,5301.5046,4041.2013,0.7623
JAMMU & KASHMIR,BADGAM,2023,167697,6218.8608,4784.4912,0.7694
JAMMU & KASHMIR,BADGAM,2024,198971,6878.792,5192.3182,0.7548
JAMMU & KASHMIR,BANDIPORA,2019,45623,1088.7664,832.1687,0.7643
JAMMU & KASHMIR,BANDIPORA,2020,81030,1333.4043,999.315,0.7494
JAMMU & KASHMIR,BANDIPORA,2021,81095,1531.9159,1161.9755,0.7585
JAMMU & KASHMIR,BANDIPORA,2022,81155,1712.567,1287.9769,0.7521
JAMMU & KASHMIR,BANDIPORA,2023,85093,1980.5983,1490.8503,0.7527
JAMMU & KASHMIR,BANDIPORA,2024,87008,2127.888,1582.2883,0.7436
JAMMU & KASHMIR,BARAMULLA,2019,163872,4949.8376,3860.4181,0.7799
JAMMU & KASHMIR,BARAMULLA,2020,256245,5653.6609,4237.6316,0.7495
JAMMU & KASHMIR,BARAMULLA,2021,248329,6453.6235,4949.388,0.7669
JAMMU & KASHMIR,BARAMULLA,2022,255690,7217.7091,5490.3597,0.7607
JAMMU & KASHMIR,BARAMULLA,2023,270715,8268.8505,6214.3082,0.7515
JAMMU & KASHMIR,BARAMULLA,2024,309145,9654.2558,7123.1608,0.7378
JAMMU & KASHMIR,DODA,2019,47655,1310.8356,1001.0649,0.7637
JAMMU & KASHMIR,DODA,2020,69562,1416.508,1081.1117,0.7632
JAMMU & KASHMIR,DODA,2021,79606,1772.2397,1382.0481,0.7798
JAMMU & KASHMIR,DODA,2022,83312,2193.7456,1697.5318,0.7738
JAMMU & KASHMIR,DODA,2023,88156,2700.8317,2064.5859,0.7644
JAMMU & KASHMIR,DODA,2024,106403,3149.1061,2343.4267,0.7442
JAMMU & KASHMIR,GANDERBAL,2019,40646,1125.5504,855.2605,0.7599
JAMMU & KASHMIR,GANDERBAL,2020,56232,1375.0442,1044.0224,0.7593
JAMMU & KASHMIR,GANDERBAL,2021,60427,1644.129,1261.1191,0.767
JAMMU & KASHMIR,GANDERBAL,2022,63013,1930.6206,1470.7085,0.7618
JAMMU & KASHMIR,GANDERBAL,2023,69465,2159.7845,1619.2773,0.7497
JAMMU & KASHMIR,GANDERBAL,2024,84302,2526.6242,1872.2007,0.741
JAMMU & KASHMIR,JAMMU,2019,311659,16617.5771,12192.663,0.7337
JAMMU & KASHMIR,JAMMU,2020,406561,18563.0583,13117.1907,0.7066
JAMMU & KASHMIR,JAMMU,2021,439044,21462.9117,15157.7047,0.7062
JAMMU & KASHMIR,JAMMU,2022,468444,25461.0706,17992.3852,0.7067
JAMMU & KASHMIR,JAMMU,2023,525537,30254.1464,21742.1525,0.7187
JAMMU & KASHMIR,JAMMU,2024,601663,35528.2177,25112.7601,0.7068
JAMMU & KASHMIR,KARGIL,2019,23408,812.7423,607.8751,0.7479
JAMMU & KASHMIR,KATHUA,2019,80700,3405.3992,2373.9601,0.6971
JAMMU & KASHMIR,KATHUA,2020,109942,3925.0301,2660.3985,0.6778
JAMMU & KASHMIR,KATHUA,2021,126780,4512.7837,3014.5088,0.668
JAMMU & KASHMIR,KATHUA,2022,126731,5220.3376,3473.3317,0.6653
JAMMU & KASHMIR,KATHUA,2023,139509,6175.7526,4219.5819,0.6832
JAMMU & KASHMIR,KATHUA,2024,163854,7371.7047,5031.2571,0.6825
JAMMU & KASHMIR,KISHTWAR,2019,19359,538.6858,416.7546,0.7737
JAMMU & KASHMIR,KISHTWAR,2020,38484,782.5523,591.9467,0.7564
JAMMU & KASHMIR,KISHTWAR,2021,52212,1006.9551,780.9352,0.7755
JAMMU & KASHMIR,KISHTWAR,2022,52965,1260.7149,971.889,0.7709
JAMMU & KASHMIR,KISHTWAR,2023,58289,1585.3524,1209.9494,0.7632
JAMMU & KASHMIR,KISHTWAR,2024,71856,1903.1329,1424.2103,0.7484
JAMMU & KASHMIR,KULGAM,2019,59979,1446.8865,1109.399,0.7667
JAMMU & KASHMIR,KULGAM,2020,86478,1760.7044,1340.1967,0.7612
JAMMU & KASHMIR,KULGAM,2021,85708,2078.0306,1584.7151,0.7626
JAMMU & KASHMIR,KULGAM,2022,99132,2801.269,2101.0892,0.75
JAMMU & KASHMIR,KULGAM,2023,102586,2969.1887,2217.2117,0.7467
JAMMU & KASHMIR,KULGAM,2024,124148,3396.887,2511.7157,0.7394
JAMMU & KASHMIR,KUPWARA,2019,97187,2613.2006,2076.6837,0.7947
JAMMU & KASHMIR,KUPWARA,2020,183075,3190.7095,2455.8404,0.7697
JAMMU & KASHMIR,KUPWARA,2021,185308,3817.7058,3008.7161,0.7881
JAMMU & KASHMIR,KUPWARA,2022,188802,4423.4481,3420.051,0.7732
JAMMU & KASHMIR,KUPWARA,2023,196208,5016.1355,3778.7964,0.7533
JAMMU & KASHMIR,KUPWARA,2024,221043,5874.618,4378.7307,0.7454
JAMMU & KASHMIR,LEH LADAKH,2019,31252,1318.1296,943.7222,0.716
JAMMU & KASHMIR,POONCH,2019,37326,1127.697,869.5414,0.7711
JAMMU & KASHMIR,POONCH,2020,55607,1354.9241,1047.5878,0.7732
JAMMU & KASHMIR,POONCH,2021,71086,1705.2663,1343.5659,0.7879
JAMMU & KASHMIR,POONCH,2022,70984,2050.9817,1586.8251,0.7737
JAMMU & KASHMIR,POONCH,2023,75941,2361.3962,1780.5632,0.754
JAMMU & KASHMIR,POONCH,2024,83939,2724.1403,2024.1601,0.743
JAMMU & KASHMIR,PULWAMA,2019,87118,3177.6089,2467.5705,0.7765
JAMMU & KASHMIR,PULWAMA,2020,128152,3687.8299,2798.6329,0.7589
JAMMU & KASHMIR,PULWAMA,2021,130799,4462.9369,3459.139,0.7751
JAMMU & KASHMIR,PULWAMA,2022,127794,4875.5796,3774.1693,0.7741
JAMMU & KASHMIR,PULWAMA,2023,133891,5539.2422,4177.8987,0.7542
JAMMU & KASHMIR,PULWAMA,2024,158667,6498.8295,4861.6948,0.7481
JAMMU & KASHMIR,RAJOURI,2019,67978,1910.0783,1426.6715,0.7469
JAMMU & KASHMIR,RAJOURI,2020,100087,2351.1521,1747.8334,0.7434
JAMMU & KASHMIR,RAJOURI,2021,107730,2845.8993,2172.7135,0.7635
JAMMU & KASHMIR,RAJOURI,2022,113966,3449.5776,2599.8901,0.7537
JAMMU & KASHMIR,RAJOURI,2023,125787,4117.8592,3060.5154,0.7432
JAMMU & KASHMIR,RAJOURI,2024,142300,4868.2843,3562.9864,0.7319
JAMMU & KASHMIR,RAMBAN,2019,18587,560.169,434.2617,0.7752
JAMMU & KASHMIR,RAMBAN,2020,41080,808.8638,604.2175,0.747
JAMMU & KASHMIR,RAMBAN,2021,44342,1006.8797,773.4005,0.7681
JAMMU & KASHMIR,RAMBAN,2022,47555,1285.7416,975.993,0.7591
JAMMU & KASHMIR,RAMBAN,2023,68501,1720.2078,1294.2739,0.7524
JAMMU & KASHMIR,RAMBAN,2024,64152,1822.0742,1354.876,0.7436
JAMMU & KASHMIR,REASI,2019,31152,1033.4172,744.1545,0.7201
JAMMU & KASHMIR,REASI,2020,58200,1457.2787,1051.381,0.7215
JAMMU & KASHMIR,REASI,2021,64043,1654.8684,1228.4743,0.7423
JAMMU & KASHMIR,REASI,2022,61530,2496.9356,1706.547,0.6835
JAMMU & KASHMIR,REASI,2023,65177,2266.2502,1607.5595,0.7093
JAMMU & KASHMIR,REASI,2024,75900,2560.1843,1848.6189,0.7221
JAMMU & KASHMIR,SAMBA,2019,37936,2443.7331,1880.4329,0.7695
JAMMU & KASHMIR,SAMBA,2020,68515,3265.6526,2367.4094,0.7249
JAMMU & KASHMIR,SAMBA,2021,84583,3816.8468,2752.4625,0.7211
JAMMU & KASHMIR,SAMBA,2022,85237,4491.8247,3226.5769,0.7183
JAMMU & KASHMIR,SAMBA,2023,94316,5379.1572,3815.6697,0.7093
JAMMU & KASHMIR,SAMBA,2024,105570,6284.7126,4351.9729,0.6925
JAMMU & KASHMIR,SHOPIAN,2019,42384,1375.6331,1096.4188,0.797
JAMMU & KASHMIR,SHOPIAN,2020,68933,1637.3568,1295.5209,0.7912
JAMMU & KASHMIR,SHOPIAN,2021,60786,1949.8933,1536.7887,0.7881
JAMMU & KASHMIR,SHOPIAN,2022,68170,2462.1003,1944.7781,0.7899
JAMMU & KASHMIR,SHOPIAN,2023,74107,2669.3335,2113.0272,0.7916
JAMMU & KASHMIR,SHOPIAN,2024,86188,2969.0714,2319.5042,0.7812
JAMMU & KASHMIR,SRINAGAR,2019,252649,19475.2403,11927.3851,0.6124
JAMMU & KASHMIR,SRINAGAR,2020,309551,20526.7377,12972.437,0.632
JAMMU & KASHMIR,SRINAGAR,2021,291735,22866.1079,15011.2048,0.6565
JAMMU & KASHMIR,SRINAGAR,2022,302904,21368.8925,15449.7828,0.723
JAMMU & KASHMIR,SRINAGAR,2023,338772,23933.4785,16947.3775,0.7081
JAMMU & KASHMIR,SRINAGAR,2024,396117,26760.4826,18531.5014,0.6925
JAMMU & KASHMIR,UDHAMPUR,2019,65439,2137.5564,1562.6288,0.731
JAMMU & KASHMIR,UDHAMPUR,2020,104186,2286.1445,1620.3558,0.7088
JAMMU & KASHMIR,UDHAMPUR,2021,108530,2684.4341,1935.0848,0.7209
JAMMU & KASHMIR,UDHAMPUR,2022,108319,3185.161,2295.0897,0.7206
JAMMU & KASHMIR,UDHAMPUR,2023,120517,4017.5137,2901.8543,0.7223
JAMMU & KASHMIR,UDHAMPUR,2024,133176,4863.7663,3389.2617,0.6968
JHARKHAND,BOKARO,2019,209921,7149.7468,4615.3281,0.6455
JHARKHAND,BOKARO,2020,241628,7691.2505,4955.5866,0.6443
JHARKHAND,BOKARO,2021,283062,8439.3778,5601.1875,0.6637
JHARKHAND,BOKARO,2022,283417,9017.7126,6353.4009,0.7045
JHARKHAND,BOKARO,2023,302292,10492.2353,7125.8779,0.6792
JHARKHAND,BOKARO,2024,313901,11927.4309,8152.4726,0.6835
JHARKHAND,CHATRA,2019,67769,739.3938,577.017,0.7804
JHARKHAND,CHATRA,2020,82317,986.8663,739.8341,0.7497
JHARKHAND,CHATRA,2021,89252,1138.1754,855.0412,0.7512
JHARKHAND,CHATRA,2022,95650,1322.8548,964.0589,0.7288
JHARKHAND,CHATRA,2023,106310,1631.9946,1131.9652,0.6936
JHARKHAND,CHATRA,2024,112356,1932.7966,1338.8637,0.6927
JHARKHAND,DEOGHAR,2019,147471,2350.4687,1812.815,0.7713
JHARKHAND,DEOGHAR,2020,157079,2644.275,1967.4032,0.744
JHARKHAND,DEOGHAR,2021,172824,3029.8444,2237.6744,0.7385
JHARKHAND,DEOGHAR,2022,137620,3178.6418,2345.679,0.738
JHARKHAND,DEOGHAR,2023,192623,4406.9826,3123.8063,0.7088
JHARKHAND,DEOGHAR,2024,201554,5341.8418,3748.0086,0.7016
JHARKHAND,DHANBAD,2019,325778,9697.5501,7132.8108,0.7355
JHARKHAND,DHANBAD,2020,365710,11311.9707,8311.457,0.7347
JHARKHAND,DHANBAD,2021,396546,13416.7882,9987.6788,0.7444
JHARKHAND,DHANBAD,2022,405496,14672.9152,10331.4939,0.7041
JHARKHAND,DHANBAD,2023,441795,17440.8843,12399.1194,0.7109
JHARKHAND,DHANBAD,2024,481200,21515.9869,14973.0884,0.6959
JHARKHAND,DUMKA,2019,151711,1743.6802,1348.5551,0.7734
JHARKHAND,DUMKA,2020,190358,1711.5267,1254.5857,0.733
JHARKHAND,DUMKA,2021,174981,1897.1226,1370.7431,0.7225
JHARKHAND,DUMKA,2022,215129,2539.2316,1823.3886,0.7181
JHARKHAND,DUMKA,2023,156554,2561.9241,1789.9042,0.6987
JHARKHAND,DUMKA,2024,158583,3002.5501,2101.7895,0.7
JHARKHAND,GARHWA,2019,71532,792.8478,644.6307,0.8131
JHARKHAND,GARHWA,2020,93793,1041.4512,804.3774,0.7724
JHARKHAND,GARHWA,2021,102966,1342.7846,956.8729,0.7126
JHARKHAND,GARHWA,2022,115941,1614.0639,1128.3746,0.6991
JHARKHAND,GARHWA,2023,127577,2041.9081,1336.3191,0.6544
JHARKHAND,GARHWA,2024,138489,2430.703,1573.8196,0.6475
JHARKHAND,GIRIDIH,2019,188111,2931.1768,2210.4205,0.7541
JHARKHAND,GIRIDIH,2020,210087,3005.0798,2166.7447,0.721
JHARKHAND,GIRIDIH,2021,232357,3922.1458,2486.7916,0.634
JHARKHAND,GIRIDIH,2022,230596,4620.9528,2907.4033,0.6292
JHARKHAND,GIRIDIH,2023,249793,5688.8857,3497.2601,0.6148
JHARKHAND,GIRIDIH,2024,271186,6844.4485,4313.4208,0.6302
JHARKHAND,GODDA,2019,107963,1238.2109,988.7201,0.7985
JHARKHAND,GODDA,2020,115356,1408.5912,1083.8123,0.7694
JHARKHAND,GODDA,2021,137136,1715.3712,1294.0432,0.7544
JHARKHAND,GODDA,2022,129644,1939.5437,1439.9442,0.7424
JHARKHAND,GODDA,2023,131786,2288.3945,1654.9332,0.7232
JHARKHAND,GODDA,2024,136099,2645.4079,1938.4783,0.7328
JHARKHAND,GUMLA,2019,73646,709.3346,520.8006,0.7342
JHARKHAND,GUMLA,2020,79657,924.1827,640.8554,0.6934
JHARKHAND,GUMLA,2021,81618,1052.4407,716.5003,0.6808
JHARKHAND,GUMLA,2022,87521,1229.9164,845.6556,0.6876
JHARKHAND,GUMLA,2023,91850,1517.053,997.1847,0.6573
JHARKHAND,GUMLA,2024,94706,1776.4849,1193.8615,0.672
JHARKHAND,HAZARIBAG,2019,238612,4904.1483,3622.8975,0.7387
JHARKHAND,HAZARIBAG,2020,221163,4404.3468,3242.9847,0.7363
JHARKHAND,HAZARIBAG,2021,254007,5153.5388,3764.4741,0.7305
JHARKHAND,HAZARIBAG,2022,243711,5872.834,4189.9352,0.7134
JHARKHAND,HAZARIBAG,2023,264766,7009.1616,4974.9,0.7098
JHARKHAND,HAZARIBAG,2024,282170,8179.4363,5747.5528,0.7027
JHARKHAND,JAMTARA,2019,46296,300.7939,241.4801,0.8028
JHARKHAND,JAMTARA,2020,64794,721.5649,561.2736,0.7779
JHARKHAND,JAMTARA,2021,77988,832.8977,623.0219,0.748
JHARKHAND,JAMTARA,2022,73473,941.6608,692.7163,0.7356
JHARKHAND,JAMTARA,2023,76831,1135.1896,811.4501,0.7148
JHARKHAND,JAMTARA,2024,78211,1319.7289,927.0031,0.7024
JHARKHAND,KHUNTI,2019,23321,245.8754,183.2974,0.7455
JHARKHAND,KHUNTI,2020,42313,651.6271,458.6507,0.7039
JHARKHAND,KHUNTI,2021,48292,781.008,561.72,0.7192
JHARKHAND,KHUNTI,2022,48117,928.5839,669.1394,0.7206
JHARKHAND,KHUNTI,2023,50653,1108.9353,780.4991,0.7038
JHARKHAND,KHUNTI,2024,63075,1360.414,949.9793,0.6983
JHARKHAND,KODERMA,2019,61806,1015.2046,766.5988,0.7551
JHARKHAND,KODERMA,2020,91978,1415.5833,1034.1457,0.7305
JHARKHAND,KODERMA,2021,94654,1516.5849,1090.2188,0.7189
JHARKHAND,KODERMA,2022,107961,1716.685,1233.8105,0.7187
JHARKHAND,KODERMA,2023,115729,2048.0931,1454.6553,0.7102
JHARKHAND,KODERMA,2024,114021,2383.289,1672.2789,0.7017
JHARKHAND,LATEHAR,2019,44716,548.2372,414.7523,0.7565
JHARKHAND,LATEHAR,2020,46165,664.7787,473.3544,0.712
JHARKHAND,LATEHAR,2021,50685,823.7692,574.4929,0.6974
JHARKHAND,LATEHAR,2022,55884,973.3717,693.5144,0.7125
JHARKHAND,LATEHAR,2023,59945,1259.8177,881.5601,0.6998
JHARKHAND,LATEHAR,2024,91075,1623.9493,1137.9857,0.7008
JHARKHAND,LOHARDAGGA,2019,45842,540.519,417.6091,0.7726
JHARKHAND,LOHARDAGGA,2020,54925,737.3716,545.121,0.7393
JHARKHAND,LOHARDAGGA,2021,55718,839.4862,605.0314,0.7207
JHARKHAND,LOHARDAGGA,2022,65611,969.3267,708.8768,0.7313
JHARKHAND,LOHARDAGGA,2023,66928,1182.7522,821.545,0.6946
JHARKHAND,LOHARDAGGA,2024,68032,1371.5006,942.2477,0.687
JHARKHAND,PAKUR,2019,76554,737.2079,597.5009,0.8105
JHARKHAND,PAKUR,2020,80105,825.1204,657.3197,0.7966
JHARKHAND,PAKUR,2021,106130,1048.678,830.2091,0.7917
JHARKHAND,PAKUR,2022,93012,1200.1909,954.9581,0.7957
JHARKHAND,PAKUR,2023,93820,1408.516,1089.5538,0.7735
JHARKHAND,PAKUR,2024,100241,1677.7958,1272.208,0.7583
JHARKHAND,PALAMAU,2019,150658,4979.9766,2870.8368,0.5765
JHARKHAND,PALAMAU,2020,169400,5333.2583,3000.2688,0.5626
JHARKHAND,PALAMAU,2021,200137,5850.9291,2930.9313,0.5009
JHARKHAND,PALAMAU,2022,201132,6315.1565,3193.3725,0.5057
JHARKHAND,PALAMAU,2023,225771,7040.8425,2862.332,0.4065
JHARKHAND,PALAMAU,2024,237418,7545.9467,3207.4222,0.4251
JHARKHAND,PASCHIMI SINGHBHUM,2019,122692,3143.8159,2261.4912,0.7193
JHARKHAND,PASCHIMI SINGHBHUM,2020,132133,3760.9707,2732.0769,0.7264
JHARKHAND,PASCHIMI SINGHBHUM,2021,139797,4204.2975,2566.3975,0.6104
JHARKHAND,PASCHIMI SINGHBHUM,2022,148991,3104.0553,2059.9424,0.6636
JHARKHAND,PASCHIMI SINGHBHUM,2023,157488,3663.412,2551.1281,0.6964
JHARKHAND,PASCHIMI SINGHBHUM,2024,157096,6315.7483,3781.7357,0.5988
JHARKHAND,PURBI SINGHBHUM,2019,368913,16417.106,11286.7514,0.6875
JHARKHAND,PURBI SINGHBHUM,2020,394448,17385.0468,11597.6542,0.6671
JHARKHAND,PURBI SINGHBHUM,2021,488796,19793.4016,13179.452,0.6659
JHARKHAND,PURBI SINGHBHUM,2022,499032,24150.8675,15005.2332,0.6213
JHARKHAND,PURBI SINGHBHUM,2023,572406,29179.4349,18545.8378,0.6356
JHARKHAND,PURBI SINGHBHUM,2024,632791,33309.3221,21928.9675,0.6583
JHARKHAND,RAMGARH,2019,85615,2029.2417,1520.4327,0.7493
JHARKHAND,RAMGARH,2020,116624,2955.4769,2069.3961,0.7002
JHARKHAND,RAMGARH,2021,145348,3364.4511,2411.7006,0.7168
JHARKHAND,RAMGARH,2022,142187,3936.9517,2819.4639,0.7162
JHARKHAND,RAMGARH,2023,142923,4565.647,3222.5798,0.7058
JHARKHAND,RAMGARH,2024,151839,5285.3293,3675.3653,0.6954
JHARKHAND,RANCHI,2019,490654,23630.1917,16964.7534,0.7179
JHARKHAND,RANCHI,2020,1137917,28750.6337,19738.9637,0.6866
JHARKHAND,RANCHI,2021,1285034,33566.8967,22451.0324,0.6688
JHARKHAND,RANCHI,2022,1493994,41345.893,27588.1693,0.6673
JHARKHAND,RANCHI,2023,1705018,49964.5367,33255.9037,0.6656
JHARKHAND,RANCHI,2024,1897189,59798.978,40281.0326,0.6736
JHARKHAND,SAHEBGANJ,2019,84027,881.9561,695.2773,0.7883
JHARKHAND,SAHEBGANJ,2020,106305,1092.75,836.3375,0.7654
JHARKHAND,SAHEBGANJ,2021,112760,1264.2939,938.6595,0.7424
JHARKHAND,SAHEBGANJ,2022,114837,1499.588,1108.2672,0.739
JHARKHAND,SAHEBGANJ,2023,116040,1767.9828,1252.8052,0.7086
JHARKHAND,SAHEBGANJ,2024,114642,2008.7193,1406.542,0.7002
JHARKHAND,SERAIKELA-KHARSAWAN,2019,109141,1792.8427,1318.781,0.7356
JHARKHAND,SERAIKELA-KHARSAWAN,2020,182877,2783.2378,1889.7603,0.679
JHARKHAND,SERAIKELA-KHARSAWAN,2021,190051,3236.07,2314.1074,0.7151
JHARKHAND,SERAIKELA-KHARSAWAN,2022,214025,3792.8627,2715.0405,0.7158
JHARKHAND,SERAIKELA-KHARSAWAN,2023,239976,4678.144,3332.3626,0.7123
JHARKHAND,SERAIKELA-KHARSAWAN,2024,266198,5925.276,4106.159,0.693
JHARKHAND,SIMDEGA,2019,35379,340.582,231.8167,0.6806
JHARKHAND,SIMDEGA,2020,36959,451.7934,293.0594,0.6487
JHARKHAND,SIMDEGA,2021,39723,515.1256,330.9578,0.6425
JHARKHAND,SIMDEGA,2022,45084,607.2794,416.222,0.6854
JHARKHAND,SIMDEGA,2023,48074,750.9446,488.7894,0.6509
JHARKHAND,SIMDEGA,2024,48377,861.4339,566.9142,0.6581
KARNATAKA,BAGALKOTE,2019,341031,10397.4824,8471.5475,0.8148
KARNATAKA,BAGALKOTE,2020,375453,9613.7489,8142.7278,0.847
KARNATAKA,BAGALKOTE,2021,413683,10657.614,8799.5794,0.8257
KARNATAKA,BAGALKOTE,2022,439140,11516.3417,9464.2479,0.8218
KARNATAKA,BAGALKOTE,2023,481874,14036.2951,10987.3808,0.7828
KARNATAKA,BAGALKOTE,2024,520306,16249.4542,12589.9588,0.7748
KARNATAKA,BALLARI,2023,367102,21139.8614,13795.9656,0.6526
KARNATAKA,BALLARI,2024,396156,24034.7326,15302.8514,0.6367
KARNATAKA,BANGALORE URBAN,2019,6722983,693450.7051,446286.9509,0.6436
KARNATAKA,BANGALORE URBAN,2020,7462635,770116.2286,483802.0523,0.6282
KARNATAKA,BANGALORE URBAN,2021,7776919,823898.7417,503303.6164,0.6109
KARNATAKA,BANGALORE URBAN,2022,8133092,924115.2647,568134.0019,0.6148
KARNATAKA,BANGALURU RURAL,2019,392953,17483.2261,13210.5064,0.7556
KARNATAKA,BANGALURU RURAL,2020,421249,17127.8343,11309.537,0.6603
KARNATAKA,BANGALURU RURAL,2021,433599,16665.7948,11509.1215,0.6906
KARNATAKA,BANGALURU RURAL,2022,449991,18572.3346,12252.8763,0.6597
KARNATAKA,BANGALURU RURAL,2023,467731,24192.1008,15992.3497,0.6611
KARNATAKA,BELAGAVI,2023,1088058,40465.1093,27162.5087,0.6713
KARNATAKA,BELAGAVI,2024,1191375,46784.534,32128.275,0.6867
KARNATAKA,BELGAUM,2019,848537,30332.581,23976.4707,0.7905
KARNATAKA,BELGAUM,2020,959953,27006.4588,20272.1111,0.7506
KARNATAKA,BELGAUM,2021,1009552,30073.6711,21993.8602,0.7313
KARNATAKA,BELGAUM,2022,1043488,32977.5676,24336.5563,0.738
KARNATAKA,BELLARY,2019,427190,17983.7278,12880.8693,0.7163
KARNATAKA,BELLARY,2020,488158,18369.5092,13492.2516,0.7345
KARNATAKA,BELLARY,2021,535445,18877.2397,14186.0103,0.7515
KARNATAKA,BELLARY,2022,389282,18463.5445,12018.0523,0.6509
KARNATAKA,BENGALURU RURAL,2024,622694,30766.8928,21879.0202,0.7111
KARNATAKA,BENGALURU URBAN,2023,8606258,1048646.681,653939.5017,0.6236
KARNATAKA,BENGALURU URBAN,2024,9332069,1253932.4,789360.1751,0.6295
KARNATAKA,BIDAR,2019,222519,7126.8737,5731.9913,0.8043
KARNATAKA,BIDAR,2020,254853,4851.3082,3910.5398,0.8061
KARNATAKA,BIDAR,2021,272149,5887.1174,4527.2276,0.769
KARNATAKA,BIDAR,2022,258743,6049.1573,4904.218,0.8107
KARNATAKA,BIDAR,2023,260042,7007.197,5632.3621,0.8038
KARNATAKA,BIDAR,2024,274765,7991.4146,6385.3731,0.799
KARNATAKA,BIJAPUR,2019,287099,8560.6511,7505.5809,0.8768
KARNATAKA,BIJAPUR,2020,336711,9366.9826,8010.5817,0.8552
KARNATAKA,BIJAPUR,2021,375761,10558.6623,8927.1369,0.8455
KARNATAKA,BIJAPUR,2022,382597,11594.9335,9681.135,0.8349
KARNATAKA,CHAMARAJANAGAR,2019,204122,3261.8352,2486.9717,0.7624
KARNATAKA,CHAMARAJANAGAR,2020,298890,3812.3989,2763.1026,0.7248
KARNATAKA,CHAMARAJANAGAR,2021,338312,4477.2183,3276.5629,0.7318
KARNATAKA,CHAMARAJANAGAR,2022,354901,5123.3564,3787.2925,0.7392
KARNATAKA,CHAMARAJANAGAR,2023,332700,6681.6346,4290.3041,0.6421
KARNATAKA,CHAMARAJANAGAR,2024,369290,8027.4171,5499.6186,0.6851
KARNATAKA,CHIKKABALLAPURA,2019,199404,3187.3517,2950.5991,0.9257
KARNATAKA,CHIKKABALLAPURA,2020,335696,4611.2085,3918.6393,0.8498
KARNATAKA,CHIKKABALLAPURA,2021,342372,5246.1879,4458.204,0.8498
KARNATAKA,CHIKKABALLAPURA,2022,350120,5863.218,4875.5685,0.8316
KARNATAKA,CHIKKABALLAPURA,2023,327129,6595.053,5417.1845,0.8214
KARNATAKA,CHIKKABALLAPURA,2024,368734,8936.1535,7307.8672,0.8178
KARNATAKA,CHIKKAMAGALURU,2023,370452,12121.1886,9448.9985,0.7795
KARNATAKA,CHIKKAMAGALURU,2024,399409,14044.342,10886.472,0.7752
KARNATAKA,CHIKMAGALUR,2019,269877,8245.5904,6550.6697,0.7944
KARNATAKA,CHIKMAGALUR,2020,271597,8745.1924,6895.3554,0.7885
KARNATAKA,CHIKMAGALUR,2021,299364,9725.742,7653.2826,0.7869
KARNATAKA,CHIKMAGALUR,2022,317315,10551.4299,8246.4275,0.7815
KARNATAKA,CHITRADURGA,2019,363395,6793.8828,5660.6717,0.8332
KARNATAKA,CHITRADURGA,2020,383350,7466.9328,5898.3268,0.7899
KARNATAKA,CHITRADURGA,2021,464383,8629.5566,6841.7435,0.7928
KARNATAKA,CHITRADURGA,2022,475307,7972.3495,6861.1205,0.8606
KARNATAKA,CHITRADURGA,2023,488293,9518.1984,8118.9901,0.853
KARNATAKA,CHITRADURGA,2024,583840,11615.6945,9689.8614,0.8342
KARNATAKA,DAKSHIN KANNAD,2019,479796,34814.7839,26684.8889,0.7665
KARNATAKA,DAKSHIN KANNAD,2020,512905,32690.21,23291.6442,0.7125
KARNATAKA,DAKSHIN KANNAD,2021,587628,38910.91,26989.6196,0.6936
KARNATAKA,DAKSHIN KANNAD,2022,653754,48330.4287,30364.6488,0.6283
KARNATAKA,DAKSHIN KANNAD,2023,739023,56946.0112,34840.6118,0.6118
KARNATAKA,DAKSHIN KANNAD,2024,883342,75995.9561,43883.651,0.5774
KARNATAKA,DAVANGERE,2019,450024,10960.2195,8619.7607,0.7865
KARNATAKA,DAVANGERE,2020,495257,11794.9442,9094.296,0.771
KARNATAKA,DAVANGERE,2021,522992,13186.6843,10227.7829,0.7756
KARNATAKA,DAVANGERE,2022,549211,14936.4426,11538.2104,0.7725
KARNATAKA,DAVANGERE,2023,540828,16512.2139,12979.6051,0.7861
KARNATAKA,DAVANGERE,2024,588124,20143.1726,15338.0049,0.7614
KARNATAKA,DHARWAD,2019,676411,19779.4335,14950.8868,0.7559
KARNATAKA,DHARWAD,2020,535285,21836.0801,16595.5491,0.76
KARNATAKA,DHARWAD,2021,577023,24557.7786,18673.5176,0.7604
KARNATAKA,DHARWAD,2022,611134,28700.6878,21366.3367,0.7445
KARNATAKA,DHARWAD,2023,704242,34202.9662,25163.1017,0.7357
KARNATAKA,DHARWAD,2024,836743,42458.5484,31208.8726,0.735
KARNATAKA,GADAG,2019,200399,4434.6733,3916.5992,0.8832
KARNATAKA,GADAG,2020,210361,4841.1127,4051.208,0.8368
KARNATAKA,GADAG,2021,230444,5435.6739,4571.5919,0.841
KARNATAKA,GADAG,2022,241405,6334.0036,5147.4312,0.8127
KARNATAKA,GADAG,2023,272588,7664.9477,5810.5075,0.7581
KARNATAKA,GADAG,2024,291202,8666.4805,6682.9349,0.7711
KARNATAKA,GULBARGA,2019,421631,10237.1967,8522.7145,0.8325
KARNATAKA,GULBARGA,2020,468649,10984.9036,8952.1664,0.815
KARNATAKA,GULBARGA,2021,513425,12714.0803,10378.4907,0.8163
KARNATAKA,GULBARGA,2022,524586,14275.2552,11684.2718,0.8185
KARNATAKA,HASSAN,2019,496729,10255.392,8309.7757,0.8103
KARNATAKA,HASSAN,2020,601012,11111.7242,8705.6652,0.7835
KARNATAKA,HASSAN,2021,631479,12821.2458,10157.2738,0.7922
KARNATAKA,HASSAN,2022,647600,14324.9872,11353.9995,0.7926
KARNATAKA,HASSAN,2023,674225,16902.6611,13284.1326,0.7859
KARNATAKA,HASSAN,2024,684025,18245.1016,15037.5402,0.8242
KARNATAKA,HAVERI,2019,387059,6808.1805,5759.3809,0.846
KARNATAKA,HAVERI,2020,492516,7662.3252,6211.8987,0.8107
KARNATAKA,HAVERI,2021,562418,8903.3915,7216.7604,0.8106
KARNATAKA,HAVERI,2022,616748,10441.3312,8301.7361,0.7951
KARNATAKA,HAVERI,2023,656487,12727.4714,10097.9278,0.7934
KARNATAKA,HAVERI,2024,863112,16278.7479,12675.4547,0.7787
KARNATAKA,KALABURAGI,2023,543243,16501.2479,13353.4155,0.8092
KARNATAKA,KALABURAGI,2024,561330,19339.9337,15569.0401,0.805
KARNATAKA,KODAGU,2019,140452,4357.0378,3479.1313,0.7985
KARNATAKA,KODAGU,2020,152918,4925.9588,3865.1614,0.7847
KARNATAKA,KODAGU,2021,162106,5362.4274,4310.7771,0.8039
KARNATAKA,KODAGU,2022,165514,5822.648,4663.1476,0.8009
KARNATAKA,KODAGU,2023,176487,6657.3994,5256.2697,0.7895
KARNATAKA,KODAGU,2024,182025,7598.7842,5928.6059,0.7802
KARNATAKA,KOLAR,2019,311762,8243.1363,6749.3689,0.8188
KARNATAKA,KOLAR,2020,330764,7056.2903,5719.9755,0.8106
KARNATAKA,KOLAR,2021,348608,7977.0978,6607.4956,0.8283
KARNATAKA,KOLAR,2022,374401,8992.7437,7287.0685,0.8103
KARNATAKA,KOLAR,2023,449696,10483.3108,8360.0693,0.7975
KARNATAKA,KOLAR,2024,485795,12574.252,9853.9111,0.7837
KARNATAKA,KOPPAL,2019,215719,5166.8595,4147.9926,0.8028
KARNATAKA,KOPPAL,2020,228220,5597.5674,4222.9847,0.7544
KARNATAKA,KOPPAL,2021,249641,6300.5679,4835.1206,0.7674
KARNATAKA,KOPPAL,2022,257171,6882.9767,5272.1249,0.766
KARNATAKA,KOPPAL,2023,269357,8431.1431,5941.9721,0.7048
KARNATAKA,KOPPAL,2024,343937,9765.6974,6881.0938,0.7046
KARNATAKA,MANDYA,2019,428682,6889.8731,5239.401,0.7604
KARNATAKA,MANDYA,2020,563220,7985.4271,5981.4434,0.749
KARNATAKA,MANDYA,2021,604249,9526.459,7315.53,0.7679
KARNATAKA,MANDYA,2022,615929,10863.6611,8459.8415,0.7787
KARNATAKA,MANDYA,2023,687159,13204.0013,10145.5325,0.7684
KARNATAKA,MANDYA,2024,747272,15123.5845,12120.6841,0.8014
KARNATAKA,MYSORE,2019,922876,28239.1218,21586.4879,0.7644
KARNATAKA,MYSORE,2020,1227995,32337.8795,23609.5217,0.7301
KARNATAKA,MYSORE,2021,1343260,37283.9683,27637.1587,0.7413
KARNATAKA,MYSORE,2022,1361565,41069.262,30389.6669,0.74
KARNATAKA,MYSURU,2023,1488721,49279.531,35439.3605,0.7191
KARNATAKA,MYSURU,2024,1602031,60589.7416,44208.2601,0.7296
KARNATAKA,RAICHUR,2019,313187,9275.5918,7897.5837,0.8514
KARNATAKA,RAICHUR,2020,349163,9640.4566,7892.504,0.8187
KARNATAKA,RAICHUR,2021,362292,10644.0585,8717.7166,0.819
KARNATAKA,RAICHUR,2022,371682,11599.3063,9348.1032,0.8059
KARNATAKA,RAICHUR,2023,391760,13463.0994,10759.7315,0.7992
KARNATAKA,RAICHUR,2024,415995,15666.4959,12268.7166,0.7831
KARNATAKA,RAMANAGARA,2019,296534,5208.4908,4031.4835,0.774
KARNATAKA,RAMANAGARA,2020,1610372,11149.3425,7760.7724,0.6961
KARNATAKA,RAMANAGARA,2021,1778703,12176.5295,8663.6621,0.7115
KARNATAKA,RAMANAGARA,2022,1820490,13467.0083,9520.9148,0.707
KARNATAKA,RAMANAGARA,2023,2078653,15693.9947,10699.9959,0.6818
KARNATAKA,RAMANAGARA,2024,2574746,19999.2931,13985.1609,0.6993
KARNATAKA,SHIMOGA,2019,411063,11859.5059,8901.7204,0.7506
KARNATAKA,SHIMOGA,2020,444068,12712.2407,9324.2986,0.7335
KARNATAKA,SHIMOGA,2021,492495,14205.661,10579.0481,0.7447
KARNATAKA,SHIMOGA,2022,508582,15866.9309,11944.8468,0.7528
KARNATAKA,SHIVAMOGGA,2023,578520,18656.3997,14161.4908,0.7591
KARNATAKA,SHIVAMOGGA,2024,619453,21919.4848,16721.5198,0.7629
KARNATAKA,TUMAKURU,2023,634438,20307.5573,14591.2115,0.7185
KARNATAKA,TUMAKURU,2024,686702,23887.5118,17788.6049,0.7447
KARNATAKA,TUMKUR,2019,507177,12079.399,9621.6382,0.7965
KARNATAKA,TUMKUR,2020,566863,12935.1211,9856.1839,0.762
KARNATAKA,TUMKUR,2021,576771,14279.5019,11191.0813,0.7837
KARNATAKA,TUMKUR,2022,581145,16134.4702,12467.7487,0.7727
KARNATAKA,UDIPI,2019,285720,15504.5666,11075.691,0.7144
KARNATAKA,UDIPI,2020,292783,16292.3835,11423.0993,0.7011
KARNATAKA,UDIPI,2021,309789,18263.2407,11876.3885,0.6503
KARNATAKA,UDIPI,2022,321649,17372.3547,12656.234,0.7285
KARNATAKA,UDIPI,2023,348588,19529.6359,14253.9904,0.7299
KARNATAKA,UDIPI,2024,365846,22336.7772,15921.9923,0.7128
KARNATAKA,UTTAR KANNAD,2019,208737,7320.3972,3999.1606,0.5463
KARNATAKA,UTTAR KANNAD,2020,210980,7584.9098,4012.4254,0.529
KARNATAKA,UTTAR KANNAD,2021,235408,8269.0252,4655.363,0.563
KARNATAKA,UTTAR KANNAD,2022,242470,8945.6758,5205.1152,0.5819
KARNATAKA,UTTAR KANNAD,2023,275576,10080.938,5892.8368,0.5846
KARNATAKA,UTTAR KANNAD,2024,296847,9576.7261,6701.2267,0.6997
KARNATAKA,VIJAYANAGARA,2022,170363,4779.5577,3755.5386,0.7858
KARNATAKA,VIJAYANAGARA,2023,278808,7483.3317,5900.1292,0.7884
KARNATAKA,VIJAYANAGARA,2024,305806,9080.3707,6835.3024,0.7528
KARNATAKA,VIJAYAPURA,2023,422484,14122.3024,11766.6807,0.8332
KARNATAKA,VIJAYAPURA,2024,481496,16068.1311,13420.2978,0.8352
KARNATAKA,YADGIR,2019,204467,2838.3466,2471.4249,0.8707
KARNATAKA,YADGIR,2020,208102,3320.1158,2851.7013,0.8589
KARNATAKA,YADGIR,2021,208687,3791.1447,3294.9292,0.8691
KARNATAKA,YADGIR,2022,197888,4239.957,3633.5813,0.857
KARNATAKA,YADGIR,2023,214770,4863.9165,4171.5742,0.8577
KARNATAKA,YADGIR,2024,235619,5883.0729,4925.536,0.8372
KERALA,ALAPUZHA,2019,766956,19450.4411,14571.4988,0.7492
KERALA,ALAPUZHA,2020,920338,21774.4687,16020.9894,0.7358
KERALA,ALAPUZHA,2021,1041661,23731.518,17463.5395,0.7359
KERALA,ALAPUZHA,2022,968115,24905.4527,18390.8246,0.7384
KERALA,ALAPUZHA,2023,953969,29070.5365,20488.7659,0.7048
KERALA,ALAPUZHA,2024,1054576,33717.7778,25184.9444,0.7469
KERALA,ERNAKULAM,2019,1845495,130149.543,93633.4794,0.7194
KERALA,ERNAKULAM,2020,1919964,139433.8029,100173.1309,0.7184
KERALA,ERNAKULAM,2021,1770321,147084.0929,106929.6965,0.727
KERALA,ERNAKULAM,2022,1788076,165225.8599,118742.2535,0.7187
KERALA,ERNAKULAM,2023,2150411,201121.1224,142280.3415,0.7074
KERALA,ERNAKULAM,2024,2390639,237318.5097,173713.0559,0.732
KERALA,IDUKKI,2019,352180,8259.0454,7026.9038,0.8508
KERALA,IDUKKI,2020,374018,9255.0897,7741.504,0.8365
KERALA,IDUKKI,2021,380169,10472.0927,8734.3386,0.8341
KERALA,IDUKKI,2022,380657,11602.5422,9586.9634,0.8263
KERALA,IDUKKI,2023,407556,13393.9494,10944.152,0.8171
KERALA,IDUKKI,2024,446943,15714.87,12687.0083,0.8073
KERALA,KANNUR,2019,754209,18448.6563,15591.5208,0.8451
KERALA,KANNUR,2020,778580,19996.8354,16602.0516,0.8302
KERALA,KANNUR,2021,756434,21860.2238,18099.6009,0.828
KERALA,KANNUR,2022,771326,24736.406,19986.3536,0.808
KERALA,KANNUR,2023,850596,28393.7376,22886.5867,0.806
KERALA,KANNUR,2024,958357,32573.1066,26474.5169,0.8128
KERALA,KASARAGOD,2019,385281,7969.4887,6892.568,0.8649
KERALA,KASARAGOD,2020,411460,8849.1093,7518.852,0.8497
KERALA,KASARAGOD,2021,409303,9791.4758,8278.8724,0.8455
KERALA,KASARAGOD,2022,416611,10699.5839,8863.3074,0.8284
KERALA,KASARAGOD,2023,449263,12261.7327,10058.8983,0.8203
KERALA,KASARAGOD,2024,500276,14694.9402,11952.2095,0.8134
KERALA,KOLLAM,2019,918394,27016.6594,21191.7371,0.7844
KERALA,KOLLAM,2020,1055529,30022.9636,21910.8602,0.7298
KERALA,KOLLAM,2021,1099348,31056.2704,23899.4938,0.7696
KERALA,KOLLAM,2022,1008543,33223.9787,25280.8934,0.7609
KERALA,KOLLAM,2023,1065458,37351.6944,28478.1756,0.7624
KERALA,KOLLAM,2024,1150111,43107.4688,32851.316,0.7621
KERALA,KOTTAYAM,2019,1131397,27493.4162,21585.578,0.7851
KERALA,KOTTAYAM,2020,1016987,29599.4856,23227.3839,0.7847
KERALA,KOTTAYAM,2021,889031,31547.6693,24612.1043,0.7802
KERALA,KOTTAYAM,2022,894756,34369.6632,26428.1752,0.7689
KERALA,KOTTAYAM,2023,903029,39179.8617,30117.9981,0.7687
KERALA,KOTTAYAM,2024,1000295,45903.1522,35414.8502,0.7715
KERALA,KOZHIKODE,2019,973287,27399.6161,22147.6811,0.8083
KERALA,KOZHIKODE,2020,1064410,29981.2424,23484.327,0.7833
KERALA,KOZHIKODE,2021,1078247,32487.2272,25358.5665,0.7806
KERALA,KOZHIKODE,2022,1057799,36492.0891,28234.8246,0.7737
KERALA,KOZHIKODE,2023,1161659,43047.2125,33281.1427,0.7731
KERALA,KOZHIKODE,2024,1391799,52111.5237,39740.7649,0.7626
KERALA,MALAPPURAM,2019,957520,18769.3499,14774.9635,0.7872
KERALA,MALAPPURAM,2020,1015780,20820.8089,15778.7517,0.7578
KERALA,MALAPPURAM,2021,1011419,21341.7668,17360.9299,0.8135
KERALA,MALAPPURAM,2022,1015613,23107.3368,18557.8041,0.8031
KERALA,MALAPPURAM,2023,1086905,26266.956,20979.4125,0.7987
KERALA,MALAPPURAM,2024,1216078,31135.338,24719.2804,0.7939
KERALA,PALAKKAD,2019,1371651,20357.5406,16278.9228,0.7997
KERALA,PALAKKAD,2020,1278465,22201.9855,17670.7495,0.7959
KERALA,PALAKKAD,2021,1181971,24135.5602,19348.0145,0.8016
KERALA,PALAKKAD,2022,1172214,26235.5294,20823.4536,0.7937
KERALA,PALAKKAD,2023,1180241,30235.4878,23592.9448,0.7803
KERALA,PALAKKAD,2024,1326661,35787.3286,28170.4855,0.7872
KERALA,PATHANAMTHITTA,2019,476442,12872.5248,10445.0939,0.8114
KERALA,PATHANAMTHITTA,2020,556988,13962.1321,11237.1481,0.8048
KERALA,PATHANAMTHITTA,2021,563993,15123.7985,12006.1153,0.7939
KERALA,PATHANAMTHITTA,2022,553288,16201.6573,12828.666,0.7918
KERALA,PATHANAMTHITTA,2023,601601,18358.8568,14579.5821,0.7941
KERALA,PATHANAMTHITTA,2024,644370,21393.8734,16971.0894,0.7933
KERALA,THIRUVANANTHAPURAM,2019,1397483,66956.6477,50432.4162,0.7532
KERALA,THIRUVANANTHAPURAM,2020,1597721,75880.3767,56678.3148,0.7469
KERALA,THIRUVANANTHAPURAM,2021,1890919,82210.2351,62274.8958,0.7575
KERALA,THIRUVANANTHAPURAM,2022,1970303,94146.4218,69679.9903,0.7401
KERALA,THIRUVANANTHAPURAM,2023,2000871,102505.9705,79332.9546,0.7739
KERALA,THIRUVANANTHAPURAM,2024,2309490,121795.3871,92365.8968,0.7584
KERALA,THRISSUR,2019,2146924,46052.0444,35471.2668,0.7702
KERALA,THRISSUR,2020,1762915,49046.8348,37679.2531,0.7682
KERALA,THRISSUR,2021,1333942,50750.331,38671.9326,0.762
KERALA,THRISSUR,2022,1309399,53487.8245,40754.5061,0.7619
KERALA,THRISSUR,2023,1366952,58316.7168,45144.4158,0.7741
KERALA,THRISSUR,2024,1483094,69964.3409,52528.6462,0.7508
KERALA,WAYANAD,2019,279061,5429.5938,4803.6512,0.8847
KERALA,WAYANAD,2020,296294,6021.4775,5169.0433,0.8584
KERALA,WAYANAD,2021,295640,6627.9416,5694.3585,0.8591
KERALA,WAYANAD,2022,304913,7256.1135,6088.8684,0.8391
KERALA,WAYANAD,2023,318525,8409.0349,7037.6109,0.8369
KERALA,WAYANAD,2024,345891,9784.4712,7967.608,0.8143
LADAKH,KARGIL,2020,31547,919.7011,667.1784,0.7254
LADAKH,KARGIL,2021,25330,1027.7548,748.006,0.7278
LADAKH,KARGIL,2022,26018,1202.1869,868.9154,0.7228
LADAKH,KARGIL,2023,27581,1396.0199,1008.4865,0.7224
LADAKH,KARGIL,2024,29519,1629.3784,1176.3835,0.722
LADAKH,LEH LADAKH,2020,39987,1587.1837,1144.9928,0.7214
LADAKH,LEH LADAKH,2021,41398,1923.0811,1432.9998,0.7452
LADAKH,LEH LADAKH,2022,46119,2475.4073,1885.2561,0.7616
LADAKH,LEH LADAKH,2023,53707,3220.9939,2418.8914,0.751
LADAKH,LEH LADAKH,2024,58707,3912.0761,2800.8957,0.716
LAKSHADWEEP,LAKSHADWEEP,2019,5045,127.5885,89.8257,0.704
LAKSHADWEEP,LAKSHADWEEP,2020,4981,137.0417,96.6321,0.7051
LAKSHADWEEP,LAKSHADWEEP,2021,5369,139.8308,97.3825,0.6964
LAKSHADWEEP,LAKSHADWEEP,2022,6044,165.0044,117.9041,0.7146
LAKSHADWEEP,LAKSHADWEEP,2023,6840,193.4662,145.2206,0.7506
LAKSHADWEEP,LAKSHADWEEP,2024,7645,222.3729,167.5157,0.7533
MADHYA PRADESH,AGAR-MALWA,2019,57041,1345.6084,1120.9451,0.833
MADHYA PRADESH,AGAR-MALWA,2020,72269,1650.3088,1332.6694,0.8075
MADHYA PRADESH,AGAR-MALWA,2021,92359,2083.2098,1686.4169,0.8095
MADHYA PRADESH,AGAR-MALWA,2022,101351,2477.603,1980.3012,0.7993
MADHYA PRADESH,AGAR-MALWA,2023,104233,2878.8478,2341.0496,0.8132
MADHYA PRADESH,AGAR-MALWA,2024,121225,3423.5413,2806.9026,0.8199
MADHYA PRADESH,ALIRAJPUR,2019,18606,420.9496,293.9999,0.6984
MADHYA PRADESH,ALIRAJPUR,2020,30274,712.5939,478.9743,0.6722
MADHYA PRADESH,ALIRAJPUR,2021,34966,825.2109,558.7677,0.6771
MADHYA PRADESH,ALIRAJPUR,2022,43556,1094.9837,749.4362,0.6844
MADHYA PRADESH,ALIRAJPUR,2023,45722,1310.5392,907.2671,0.6923
MADHYA PRADESH,ALIRAJPUR,2024,47049,1359.5964,927.4153,0.6821
MADHYA PRADESH,ANUPPUR,2019,32173,450.8077,366.7114,0.8135
MADHYA PRADESH,ANUPPUR,2020,48565,1007.0515,775.1028,0.7697
MADHYA PRADESH,ANUPPUR,2021,62267,1283.783,937.9771,0.7306
MADHYA PRADESH,ANUPPUR,2022,70479,1475.5254,1037.4364,0.7031
MADHYA PRADESH,ANUPPUR,2023,74141,1732.8913,1216.2132,0.7018
MADHYA PRADESH,ANUPPUR,2024,70522,1947.9403,1367.137,0.7018
MADHYA PRADESH,ASHOKNAGAR,2019,65857,1654.3459,1427.5642,0.8629
MADHYA PRADESH,ASHOKNAGAR,2020,87442,2305.0122,1964.5131,0.8523
MADHYA PRADESH,ASHOKNAGAR,2021,103124,2552.855,2137.5184,0.8373
MADHYA PRADESH,ASHOKNAGAR,2022,112736,2862.4264,2366.9582,0.8269
MADHYA PRADESH,ASHOKNAGAR,2023,118102,3292.4271,2724.9447,0.8276
MADHYA PRADESH,ASHOKNAGAR,2024,133139,3978.3213,3211.7197,0.8073
MADHYA PRADESH,BALAGHAT,2019,96261,2118.4519,1661.2616,0.7842
MADHYA PRADESH,BALAGHAT,2020,107093,2464.0029,1888.3329,0.7664
MADHYA PRADESH,BALAGHAT,2021,131208,3000.3523,2258.0465,0.7526
MADHYA PRADESH,BALAGHAT,2022,146450,3630.8952,2704.6448,0.7449
MADHYA PRADESH,BALAGHAT,2023,153960,4406.7081,3254.722,0.7386
MADHYA PRADESH,BALAGHAT,2024,154861,5210.3222,3757.7035,0.7212
MADHYA PRADESH,BARWANI,2019,80720,2873.2782,2269.3817,0.7898
MADHYA PRADESH,BARWANI,2020,118559,3688.811,2774.2148,0.7521
MADHYA PRADESH,BARWANI,2021,153053,4469.1263,3518.6754,0.7873
MADHYA PRADESH,BARWANI,2022,156172,4785.1427,3712.9259,0.7759
MADHYA PRADESH,BARWANI,2023,171328,5566.0106,4239.6864,0.7617
MADHYA PRADESH,BARWANI,2024,174129,6130.4089,4660.7716,0.7603
MADHYA PRADESH,BETUL,2019,148807,2936.5607,2348.5448,0.7998
MADHYA PRADESH,BETUL,2020,176575,3413.842,2697.2438,0.7901
MADHYA PRADESH,BETUL,2021,217313,4018.1411,3088.0098,0.7685
MADHYA PRADESH,BETUL,2022,226966,4686.8384,3552.5987,0.758
MADHYA PRADESH,BETUL,2023,233519,5525.4081,4140.1175,0.7493
MADHYA PRADESH,BETUL,2024,241509,6651.8849,5041.113,0.7578
MADHYA PRADESH,BHIND,2019,63781,1243.0828,1060.6289,0.8532
MADHYA PRADESH,BHIND,2020,70556,1513.7339,1234.0141,0.8152
MADHYA PRADESH,BHIND,2021,86898,1823.0576,1459.5495,0.8006
MADHYA PRADESH,BHIND,2022,96787,2198.3728,1703.534,0.7749
MADHYA PRADESH,BHIND,2023,104775,2718.3372,2101.7951,0.7732
MADHYA PRADESH,BHIND,2024,97118,3186.345,2445.095,0.7674
MADHYA PRADESH,BHOPAL,2019,614939,85774.8393,58455.9626,0.6815
MADHYA PRADESH,BHOPAL,2020,935406,92580.038,61427.5418,0.6635
MADHYA PRADESH,BHOPAL,2021,887633,122748.6557,70901.5764,0.5776
MADHYA PRADESH,BHOPAL,2022,926537,175804.921,80209.0692,0.4562
MADHYA PRADESH,BHOPAL,2023,1017959,169684.2261,84495.2465,0.498
MADHYA PRADESH,BHOPAL,2024,1146437,176312.6733,97804.3983,0.5547
MADHYA PRADESH,BURHANPUR,2019,53820,1863.5297,1520.3999,0.8159
MADHYA PRADESH,BURHANPUR,2020,66201,2274.9397,1825.66,0.8025
MADHYA PRADESH,BURHANPUR,2021,79192,2495.2775,1922.7297,0.7705
MADHYA PRADESH,BURHANPUR,2022,94249,2945.3546,2274.8398,0.7723
MADHYA PRADESH,BURHANPUR,2023,100419,3255.4662,2486.7973,0.7639
MADHYA PRADESH,BURHANPUR,2024,110995,3738.5276,2813.0355,0.7524
MADHYA PRADESH,CHHATARPUR,2019,108704,2511.8449,1983.9446,0.7898
MADHYA PRADESH,CHHATARPUR,2020,115221,2817.631,2141.4469,0.76
MADHYA PRADESH,CHHATARPUR,2021,151170,3336.3228,2506.2209,0.7512
MADHYA PRADESH,CHHATARPUR,2022,165662,3783.5445,2839.3063,0.7504
MADHYA PRADESH,CHHATARPUR,2023,178631,4500.3028,3399.4391,0.7554
MADHYA PRADESH,CHHATARPUR,2024,197815,5405.019,4073.0657,0.7536
MADHYA PRADESH,CHHINDWARA,2019,303169,5401.5957,4290.6129,0.7943
MADHYA PRADESH,CHHINDWARA,2020,373502,5926.8578,4731.4276,0.7983
MADHYA PRADESH,CHHINDWARA,2021,434261,7220.5472,5601.7458,0.7758
MADHYA PRADESH,CHHINDWARA,2022,447967,8341.0185,6448.3486,0.7731
MADHYA PRADESH,CHHINDWARA,2023,444296,10105.4182,7543.719,0.7465
MADHYA PRADESH,CHHINDWARA,2024,326676,9863.2664,7192.1094,0.7292
MADHYA PRADESH,DAMOH,2019,97465,2059.7399,1703.2615,0.8269
MADHYA PRADESH,DAMOH,2020,101296,2092.9375,1712.6914,0.8183
MADHYA PRADESH,DAMOH,2021,122158,2406.9809,1927.8069,0.8009
MADHYA PRADESH,DAMOH,2022,131245,2777.6901,2188.9088,0.788
MADHYA PRADESH,DAMOH,2023,137382,3219.7532,2549.5864,0.7919
MADHYA PRADESH,DAMOH,2024,143897,3807.9078,3016.5187,0.7922
MADHYA PRADESH,DATIA,2019,79379,1708.2533,1510.2065,0.8841
MADHYA PRADESH,DATIA,2020,78863,1766.2259,1570.4169,0.8891
MADHYA PRADESH,DATIA,2021,91624,1956.0567,1693.4576,0.8658
MADHYA PRADESH,DATIA,2022,97478,2189.4504,1878.0059,0.8578
MADHYA PRADESH,DATIA,2023,103156,2481.323,2090.3771,0.8424
MADHYA PRADESH,DATIA,2024,97948,2672.4092,2157.8912,0.8075
MADHYA PRADESH,DEWAS,2019,239613,6713.9049,5301.7059,0.7897
MADHYA PRADESH,DEWAS,2020,327517,7706.2613,6025.4433,0.7819
MADHYA PRADESH,DEWAS,2021,385463,8671.3872,6620.4673,0.7635
MADHYA PRADESH,DEWAS,2022,417430,9528.1698,7260.4206,0.762
MADHYA PRADESH,DEWAS,2023,452772,11121.011,8485.351,0.763
MADHYA PRADESH,DEWAS,2024,505439,13133.1586,9985.4675,0.7603
MADHYA PRADESH,DHAR,2019,328306,8884.3788,6411.5927,0.7217
MADHYA PRADESH,DHAR,2020,480437,10392.3905,7378.146,0.71
MADHYA PRADESH,DHAR,2021,570149,11605.6783,8073.0223,0.6956
MADHYA PRADESH,DHAR,2022,572420,12892.0593,9003.6719,0.6984
MADHYA PRADESH,DHAR,2023,508690,15337.6624,10215.7911,0.6661
MADHYA PRADESH,DHAR,2024,551698,17509.0085,11827.295,0.6755
MADHYA PRADESH,DINDORI,2019,25680,416.524,321.4447,0.7717
MADHYA PRADESH,DINDORI,2020,27547,481.195,353.7592,0.7352
MADHYA PRADESH,DINDORI,2021,38753,606.88,438.0644,0.7218
MADHYA PRADESH,DINDORI,2022,44722,744.1663,538.6015,0.7238
MADHYA PRADESH,DINDORI,2023,43738,908.1731,645.4018,0.7107
MADHYA PRADESH,DINDORI,2024,43055,1076.5721,748.0817,0.6949
MADHYA PRADESH,EAST NIMAR,2019,169468,4079.033,3282.6657,0.8048
MADHYA PRADESH,EAST NIMAR,2020,195398,4631.3901,3708.3432,0.8007
MADHYA PRADESH,EAST NIMAR,2021,236763,5356.3288,4267.1994,0.7967
MADHYA PRADESH,EAST NIMAR,2022,222125,5809.0319,4475.0564,0.7704
MADHYA PRADESH,EAST NIMAR,2023,229284,6713.0867,5110.4127,0.7613
MADHYA PRADESH,EAST NIMAR,2024,250274,7866.4631,5927.7318,0.7535
MADHYA PRADESH,GUNA,2019,167640,4219.0933,3526.35,0.8358
MADHYA PRADESH,GUNA,2020,156615,4027.2255,3234.982,0.8033
MADHYA PRADESH,GUNA,2021,190561,4541.0201,3607.0761,0.7943
MADHYA PRADESH,GUNA,2022,195344,5268.2599,4136.975,0.7853
MADHYA PRADESH,GUNA,2023,205160,6238.0481,4831.6503,0.7745
MADHYA PRADESH,GUNA,2024,215957,7427.6733,5646.2076,0.7602
MADHYA PRADESH,GWALIOR,2019,265470,14050.0461,9902.3331,0.7048
MADHYA PRADESH,GWALIOR,2020,349755,15318.6919,10714.5793,0.6994
MADHYA PRADESH,GWALIOR,2021,412813,17430.802,11937.4227,0.6848
MADHYA PRADESH,GWALIOR,2022,437928,19609.9704,13182.4858,0.6722
MADHYA PRADESH,GWALIOR,2023,496964,23618.5439,16068.4761,0.6803
MADHYA PRADESH,GWALIOR,2024,590010,29601.748,20335.7703,0.687
MADHYA PRADESH,HARDA,2019,125499,2863.7628,2417.2242,0.8441
MADHYA PRADESH,HARDA,2020,157887,3164.4856,2645.3239,0.8359
MADHYA PRADESH,HARDA,2021,181249,3583.3424,2916.9143,0.814
MADHYA PRADESH,HARDA,2022,185519,3895.7455,3134.8022,0.8047
MADHYA PRADESH,HARDA,2023,218581,4579.6579,3727.4161,0.8139
MADHYA PRADESH,HARDA,2024,238795,5333.8941,4288.319,0.804
MADHYA PRADESH,HOSHANGABAD,2019,294074,7118.9678,5878.5138,0.8258
MADHYA PRADESH,HOSHANGABAD,2020,323098,7684.3434,6134.8696,0.7984
MADHYA PRADESH,HOSHANGABAD,2021,376934,8778.2925,6852.319,0.7806
MADHYA PRADESH,HOSHANGABAD,2022,408688,9788.3237,7577.6284,0.7741
MADHYA PRADESH,HOSHANGABAD,2023,448383,11494.5161,8847.544,0.7697
MADHYA PRADESH,INDORE,2019,1010419,84502.6434,51909.8708,0.6143
MADHYA PRADESH,INDORE,2020,1305531,93930.2388,56503.1711,0.6015
MADHYA PRADESH,INDORE,2021,1414727,94028.1786,59582.4711,0.6337
MADHYA PRADESH,INDORE,2022,1504461,106067.084,66821.9844,0.63
MADHYA PRADESH,INDORE,2023,1638422,126837.3163,79789.73,0.6291
MADHYA PRADESH,INDORE,2024,1853701,155815.0648,100748.462,0.6466
MADHYA PRADESH,JABALPUR,2019,438187,20077.089,15423.4249,0.7682
MADHYA PRADESH,JABALPUR,2020,644540,24384.6507,18736.1705,0.7684
MADHYA PRADESH,JABALPUR,2021,736398,28948.7505,21808.6739,0.7534
MADHYA PRADESH,JABALPUR,2022,747414,31195.032,23343.4481,0.7483
MADHYA PRADESH,JABALPUR,2023,833114,34945.4524,25654.5781,0.7341
MADHYA PRADESH,JABALPUR,2024,884005,40794.1781,28991.5839,0.7107
MADHYA PRADESH,JHABUA,2019,69253,1769.093,1333.9745,0.754
MADHYA PRADESH,JHABUA,2020,102743,1902.3783,1438.4636,0.7561
MADHYA PRADESH,JHABUA,2021,117412,2169.8011,1608.5749,0.7413
MADHYA PRADESH,JHABUA,2022,125951,2614.2732,1910.3322,0.7307
MADHYA PRADESH,JHABUA,2023,131115,3164.1834,2326.7566,0.7353
MADHYA PRADESH,JHABUA,2024,134283,3659.8429,2759.6525,0.754
MADHYA PRADESH,KATNI,2019,89800,3086.7292,2421.6232,0.7845
MADHYA PRADESH,KATNI,2020,114158,3349.6855,2489.4447,0.7432
MADHYA PRADESH,KATNI,2021,149892,4157.914,3129.5932,0.7527
MADHYA PRADESH,KATNI,2022,152203,4844.8131,3593.8834,0.7418
MADHYA PRADESH,KATNI,2023,163081,5795.7034,4263.267,0.7356
MADHYA PRADESH,KATNI,2024,175830,6988.3296,5100.8292,0.7299
MADHYA PRADESH,MAIHAR,2024,69896,1577.2556,1160.7457,0.7359
MADHYA PRADESH,MANDLA,2019,65407,1391.6657,1002.4564,0.7203
MADHYA PRADESH,MANDLA,2020,71083,1542.6971,1093.0784,0.7086
MADHYA PRADESH,MANDLA,2021,89016,1861.9165,1272.9351,0.6837
MADHYA PRADESH,MANDLA,2022,101909,2255.6932,1554.5673,0.6892
MADHYA PRADESH,MANDLA,2023,102423,2653.2475,1836.4486,0.6922
MADHYA PRADESH,MANDLA,2024,103406,3082.4286,2102.906,0.6822
MADHYA PRADESH,MANDSAUR,2019,190503,4462.471,3564.6209,0.7988
MADHYA PRADESH,MANDSAUR,2020,232689,5141.114,4050.1092,0.7878
MADHYA PRADESH,MANDSAUR,2021,265126,5956.7002,4610.3392,0.774
MADHYA PRADESH,MANDSAUR,2022,281909,6884.93,5298.0211,0.7695
MADHYA PRADESH,MANDSAUR,2023,308382,7948.4371,6285.7172,0.7908
MADHYA PRADESH,MANDSAUR,2024,339639,9672.0319,7527.5071,0.7783
MADHYA PRADESH,MAUGANJ,2024,21839,598.2042,393.2465,0.6574
MADHYA PRADESH,MORENA,2019,99691,3096.4799,2588.3494,0.8359
MADHYA PRADESH,MORENA,2020,86855,2872.593,2203.4514,0.7671
MADHYA PRADESH,MORENA,2021,101223,3385.7808,2597.4863,0.7672
MADHYA PRADESH,MORENA,2022,114486,4409.8646,3361.9103,0.7624
MADHYA PRADESH,MORENA,2023,130238,5381.0899,3976.8952,0.7391
MADHYA PRADESH,MORENA,2024,142649,6442.4941,4791.7932,0.7438
MADHYA PRADESH,NARMADAPURAM,2024,480762,13713.6193,10293.0979,0.7506
MADHYA PRADESH,NARSIMHAPUR,2019,165805,3862.9564,3438.2623,0.8901
MADHYA PRADESH,NARSIMHAPUR,2020,177535,4258.3151,3596.1256,0.8445
MADHYA PRADESH,NARSIMHAPUR,2021,205482,4812.7433,4018.68,0.835
MADHYA PRADESH,NARSIMHAPUR,2022,205839,5259.6035,4304.4983,0.8184
MADHYA PRADESH,NARSIMHAPUR,2023,215886,5961.6968,4830.8974,0.8103
MADHYA PRADESH,NARSIMHAPUR,2024,232489,6753.8642,5444.8067,0.8062
MADHYA PRADESH,NEEMUCH,2019,107141,2519.7862,1975.2845,0.7839
MADHYA PRADESH,NEEMUCH,2020,135052,3147.689,2487.253,0.7902
MADHYA PRADESH,NEEMUCH,2021,155663,3812.2699,2911.074,0.7636
MADHYA PRADESH,NEEMUCH,2022,151960,4580.7788,3512.3525,0.7668
MADHYA PRADESH,NEEMUCH,2023,165307,5436.0288,4047.7751,0.7446
MADHYA PRADESH,NEEMUCH,2024,178386,6736.7901,4964.6588,0.7369
MADHYA PRADESH,NIWARI,2019,30594,377.4317,308.1373,0.8164
MADHYA PRADESH,NIWARI,2020,23151,316.2681,242.3861,0.7664
MADHYA PRADESH,NIWARI,2021,33079,424.1068,343.5178,0.81
MADHYA PRADESH,NIWARI,2022,15268,382.1097,308.9129,0.8084
MADHYA PRADESH,NIWARI,2023,13738,371.0042,286.5736,0.7724
MADHYA PRADESH,NIWARI,2024,30889,584.6496,455.7365,0.7795
MADHYA PRADESH,PANDHURNA,2024,102253,1786.4819,1362.0398,0.7624
MADHYA PRADESH,PANNA,2019,59653,939.109,802.4108,0.8544
MADHYA PRADESH,PANNA,2020,62940,1063.3653,863.4274,0.812
MADHYA PRADESH,PANNA,2021,80502,1242.3001,996.6099,0.8022
MADHYA PRADESH,PANNA,2022,84208,1419.9505,1143.8993,0.8056
MADHYA PRADESH,PANNA,2023,89972,1678.0641,1336.3395,0.7964
MADHYA PRADESH,PANNA,2024,105001,1955.837,1542.1552,0.7885
MADHYA PRADESH,RAISEN,2019,200371,5447.8075,4564.8329,0.8379
MADHYA PRADESH,RAISEN,2020,294214,6195.3864,5275.7774,0.8516
MADHYA PRADESH,RAISEN,2021,351155,7145.8015,5934.0059,0.8304
MADHYA PRADESH,RAISEN,2022,392737,7925.9434,6411.0904,0.8089
MADHYA PRADESH,RAISEN,2023,434180,9091.2905,7178.7164,0.7896
MADHYA PRADESH,RAISEN,2024,456938,10508.4354,8057.0126,0.7667
MADHYA PRADESH,RAJGARH,2019,217484,4221.6611,3560.3807,0.8434
MADHYA PRADESH,RAJGARH,2020,238327,4883.2721,4126.8822,0.8451
MADHYA PRADESH,RAJGARH,2021,268128,5530.98,4547.5443,0.8222
MADHYA PRADESH,RAJGARH,2022,291105,6324.079,5163.7019,0.8165
MADHYA PRADESH,RAJGARH,2023,322306,7396.23,6120.5079,0.8275
MADHYA PRADESH,RAJGARH,2024,349061,8727.4301,7144.0139,0.8186
MADHYA PRADESH,RATLAM,2019,212682,7179.6147,5346.4935,0.7447
MADHYA PRADESH,RATLAM,2020,312170,8251.0454,6088.032,0.7378
MADHYA PRADESH,RATLAM,2021,342364,9273.7534,6949.0668,0.7493
MADHYA PRADESH,RATLAM,2022,332515,10205.9637,7788.1685,0.7631
MADHYA PRADESH,RATLAM,2023,370832,12318.2557,9291.1664,0.7543
MADHYA PRADESH,RATLAM,2024,405024,14470.5421,10873.1712,0.7514
MADHYA PRADESH,REWA,2019,130197,4299.8176,3051.4194,0.7097
MADHYA PRADESH,REWA,2020,164309,4877.3669,3370.8497,0.6911
MADHYA PRADESH,REWA,2021,183750,5688.6167,3811.7259,0.6701
MADHYA PRADESH,REWA,2022,209581,6535.4858,4441.4841,0.6796
MADHYA PRADESH,REWA,2023,226682,7861.0689,5433.2524,0.6912
MADHYA PRADESH,REWA,2024,232944,8972.0697,6155.3581,0.6861
MADHYA PRADESH,SAGAR,2019,288795,5927.9131,4802.5371,0.8102
MADHYA PRADESH,SAGAR,2020,304847,6536.4913,5101.6407,0.7805
MADHYA PRADESH,SAGAR,2021,361557,7314.2613,5687.4462,0.7776
MADHYA PRADESH,SAGAR,2022,363671,8303.2183,6400.5156,0.7708
MADHYA PRADESH,SAGAR,2023,397704,9756.2464,7520.8242,0.7709
MADHYA PRADESH,SAGAR,2024,429922,11600.2564,8903.7963,0.7676
MADHYA PRADESH,SATNA,2019,166803,4859.5864,3840.6911,0.7903
MADHYA PRADESH,SATNA,2020,183461,5125.2279,3947.2885,0.7702
MADHYA PRADESH,SATNA,2021,228225,6266.1868,4534.3283,0.7236
MADHYA PRADESH,SATNA,2022,233351,7380.81,5132.0683,0.6953
MADHYA PRADESH,SATNA,2023,265002,8751.1344,6038.4976,0.69
MADHYA PRADESH,SATNA,2024,222351,8493.2862,5925.4924,0.6977
MADHYA PRADESH,SEHORE,2019,223189,5151.8095,4230.5078,0.8212
MADHYA PRADESH,SEHORE,2020,243510,5797.0694,4608.8399,0.795
MADHYA PRADESH,SEHORE,2021,277728,6480.088,5158.3947,0.796
MADHYA PRADESH,SEHORE,2022,303051,7255.6057,5656.5439,0.7796
MADHYA PRADESH,SEHORE,2023,316400,8195.6519,6502.3528,0.7934
MADHYA PRADESH,SEHORE,2024,332471,9532.6683,7568.9537,0.794
MADHYA PRADESH,SEONI,2019,112485,2154.5308,1719.2502,0.798
MADHYA PRADESH,SEONI,2020,124202,2419.3066,1934.7895,0.7997
MADHYA PRADESH,SEONI,2021,153512,2889.9853,2266.2306,0.7842
MADHYA PRADESH,SEONI,2022,165720,3293.1362,2549.1751,0.7741
MADHYA PRADESH,SEONI,2023,186075,4099.7499,3118.992,0.7608
MADHYA PRADESH,SEONI,2024,205888,5165.9029,3876.867,0.7505
MADHYA PRADESH,SHAHDOL,2019,92231,1968.2284,1500.6216,0.7624
MADHYA PRADESH,SHAHDOL,2020,88430,1730.2609,1288.5276,0.7447
MADHYA PRADESH,SHAHDOL,2021,112490,2067.6319,1519.6632,0.735
MADHYA PRADESH,SHAHDOL,2022,102672,2425.7094,1743.6098,0.7188
MADHYA PRADESH,SHAHDOL,2023,117098,2995.1602,2123.3182,0.7089
MADHYA PRADESH,SHAHDOL,2024,128567,3635.7487,2615.01,0.7192
MADHYA PRADESH,SHAJAPUR,2019,176788,3816.1797,3237.2393,0.8483
MADHYA PRADESH,SHAJAPUR,2020,206949,4379.5623,3677.6324,0.8397
MADHYA PRADESH,SHAJAPUR,2021,233646,4892.7922,3971.8641,0.8118
MADHYA PRADESH,SHAJAPUR,2022,254889,5494.2522,4417.4612,0.804
MADHYA PRADESH,SHAJAPUR,2023,274216,6436.4414,5226.5977,0.812
MADHYA PRADESH,SHAJAPUR,2024,288052,7428.0872,6000.9667,0.8079
MADHYA PRADESH,SHEOPUR,2019,31518,681.9307,562.0861,0.8243
MADHYA PRADESH,SHEOPUR,2020,48587,1148.823,971.2815,0.8455
MADHYA PRADESH,SHEOPUR,2021,55350,1278.258,1061.0147,0.83
MADHYA PRADESH,SHEOPUR,2022,54003,1355.0444,1072.2477,0.7913
MADHYA PRADESH,SHEOPUR,2023,55662,1568.54,1227.6498,0.7827
MADHYA PRADESH,SHEOPUR,2024,63903,1920.767,1467.0954,0.7638
MADHYA PRADESH,SHIVPURI,2019,126066,2540.3175,2096.1189,0.8251
MADHYA PRADESH,SHIVPURI,2020,133965,2747.2453,2184.1013,0.795
MADHYA PRADESH,SHIVPURI,2021,160125,3113.3627,2445.9643,0.7856
MADHYA PRADESH,SHIVPURI,2022,156797,3476.9059,2723.0927,0.7832
MADHYA PRADESH,SHIVPURI,2023,164269,4230.3952,3322.6842,0.7854
MADHYA PRADESH,SHIVPURI,2024,167598,5054.5294,3933.8395,0.7783
MADHYA PRADESH,SIDHI,2019,33016,2580.1854,1684.8278,0.653
MADHYA PRADESH,SIDHI,2020,35867,2477.6834,1139.7382,0.46
MADHYA PRADESH,SIDHI,2021,40314,2588.6173,1170.1557,0.452
MADHYA PRADESH,SIDHI,2022,48008,1391.0783,1017.2048,0.7312
MADHYA PRADESH,SIDHI,2023,55704,1763.399,1262.4706,0.7159
MADHYA PRADESH,SIDHI,2024,63075,2725.4175,1911.9783,0.7015
MADHYA PRADESH,SINGRAULI,2019,32760,5424.2536,2279.0445,0.4202
MADHYA PRADESH,SINGRAULI,2020,36031,2093.628,1593.4346,0.7611
MADHYA PRADESH,SINGRAULI,2021,46826,2425.3742,1801.5823,0.7428
MADHYA PRADESH,SINGRAULI,2022,50909,3054.7246,2073.6551,0.6788
MADHYA PRADESH,SINGRAULI,2023,57332,3590.4908,2467.644,0.6873
MADHYA PRADESH,SINGRAULI,2024,65588,4007.7845,2806.6582,0.7003
MADHYA PRADESH,TIKAMGARH,2019,54140,1048.3662,824.0788,0.7861
MADHYA PRADESH,TIKAMGARH,2020,62168,1250.0813,960.6847,0.7685
MADHYA PRADESH,TIKAMGARH,2021,78099,1440.8016,1085.0398,0.7531
MADHYA PRADESH,TIKAMGARH,2022,97125,1833.4692,1374.5118,0.7497
MADHYA PRADESH,TIKAMGARH,2023,104109,2186.1189,1657.2894,0.7581
MADHYA PRADESH,TIKAMGARH,2024,92720,2411.3902,1808.4693,0.75
MADHYA PRADESH,UJJAIN,2019,399491,10482.6767,8137.9458,0.7763
MADHYA PRADESH,UJJAIN,2020,590680,12389.7182,9526.1611,0.7689
MADHYA PRADESH,UJJAIN,2021,610026,13622.7021,10161.1195,0.7459
MADHYA PRADESH,UJJAIN,2022,627323,15341.7949,11282.584,0.7354
MADHYA PRADESH,UJJAIN,2023,647138,17795.958,13368.6494,0.7512
MADHYA PRADESH,UJJAIN,2024,758569,22274.3711,16581.4314,0.7444
MADHYA PRADESH,UMARIA,2019,27577,695.8605,505.3982,0.7263
MADHYA PRADESH,UMARIA,2020,29390,803.0954,573.481,0.7141
MADHYA PRADESH,UMARIA,2021,36538,905.812,618.83,0.6832
MADHYA PRADESH,UMARIA,2022,47851,1089.638,732.3985,0.6721
MADHYA PRADESH,UMARIA,2023,50952,1289.4875,849.6023,0.6589
MADHYA PRADESH,UMARIA,2024,54112,1595.5627,1050.1018,0.6581
MADHYA PRADESH,VIDISHA,2019,205612,4485.7956,3740.1864,0.8338
MADHYA PRADESH,VIDISHA,2020,231831,4905.9474,4102.0756,0.8361
MADHYA PRADESH,VIDISHA,2021,247974,5586.5588,4502.1186,0.8059
MADHYA PRADESH,VIDISHA,2022,275584,6467.7803,5186.5118,0.8019
MADHYA PRADESH,VIDISHA,2023,265589,7238.759,5869.7753,0.8109
MADHYA PRADESH,VIDISHA,2024,285046,8407.1029,6756.7522,0.8037
MADHYA PRADESH,WEST NIMAR,2019,214044,5659.1166,4597.325,0.8124
MADHYA PRADESH,WEST NIMAR,2020,270094,6295.1736,5065.1043,0.8046
MADHYA PRADESH,WEST NIMAR,2021,295324,6836.9919,5434.9939,0.7949
MADHYA PRADESH,WEST NIMAR,2022,323094,7655.1202,6045.771,0.7898
MADHYA PRADESH,WEST NIMAR,2023,335045,8614.6011,6782.2198,0.7873
MADHYA PRADESH,WEST NIMAR,2024,357750,10366.3135,8141.8329,0.7854
MAHARASHTRA,AHMADNAGAR,2019,544759,17928.373,14301.0747,0.7977
MAHARASHTRA,AHMADNAGAR,2020,632904,19962.7108,15420.0052,0.7724
MAHARASHTRA,AHMADNAGAR,2021,718115,25162.8055,17666.6965,0.7021
MAHARASHTRA,AHMADNAGAR,2022,768849,25286.7905,19300.569,0.7633
MAHARASHTRA,AHMADNAGAR,2023,868317,30074.9932,22615.4884,0.752
MAHARASHTRA,AHMADNAGAR,2024,972495,38375.9682,28855.51,0.7519
MAHARASHTRA,AKOLA,2019,262577,6366.3,5066.6385,0.7959
MAHARASHTRA,AKOLA,2020,250764,6249.6948,4529.9103,0.7248
MAHARASHTRA,AKOLA,2021,278161,7373.6275,5398.786,0.7322
MAHARASHTRA,AKOLA,2022,312394,8324.206,6153.2305,0.7392
MAHARASHTRA,AKOLA,2023,346658,10084.7657,7529.173,0.7466
MAHARASHTRA,AKOLA,2024,373905,12664.6987,9300.8897,0.7344
MAHARASHTRA,AMRAVATI,2019,370885,9374.8046,7386.9811,0.788
MAHARASHTRA,AMRAVATI,2020,415299,10201.8608,7983.6597,0.7826
MAHARASHTRA,AMRAVATI,2021,461158,11752.5575,8947.2974,0.7613
MAHARASHTRA,AMRAVATI,2022,512606,13701.4483,10475.1117,0.7645
MAHARASHTRA,AMRAVATI,2023,564041,16871.6653,12895.2397,0.7643
MAHARASHTRA,AMRAVATI,2024,626135,21365.9493,16390.3707,0.7671
MAHARASHTRA,AURANGABAD,2019,660417,29347.0833,22305.9817,0.7601
MAHARASHTRA,AURANGABAD,2020,819812,30567.6873,22717.5182,0.7432
MAHARASHTRA,AURANGABAD,2021,906683,33646.5374,25459.5765,0.7567
MAHARASHTRA,AURANGABAD,2022,910156,38180.8773,28063.4428,0.735
MAHARASHTRA,AURANGABAD,2023,1004333,45853.4278,33250.0032,0.7251
MAHARASHTRA,BHANDARA,2019,139341,2748.7639,2058.9644,0.7491
MAHARASHTRA,BHANDARA,2020,114586,2608.1363,1900.2854,0.7286
MAHARASHTRA,BHANDARA,2021,140473,2900.3411,2101.0037,0.7244
MAHARASHTRA,BHANDARA,2022,156249,3496.3523,2546.0934,0.7282
MAHARASHTRA,BHANDARA,2023,158620,3937.1731,2877.1796,0.7308
MAHARASHTRA,BHANDARA,2024,164147,4541.9649,3251.6053,0.7159
MAHARASHTRA,BID,2019,397232,6584.0115,5506.7519,0.8364
MAHARASHTRA,BID,2020,373517,6288.9528,4752.1811,0.7556
MAHARASHTRA,BID,2021,427796,7352.368,5864.4171,0.7976
MAHARASHTRA,BID,2022,469163,8712.8581,7109.9779,0.816
MAHARASHTRA,BID,2023,495784,10533.5174,8562.4602,0.8129
MAHARASHTRA,BID,2024,534003,12565.0111,10082.9698,0.8025
MAHARASHTRA,BULDHANA,2019,427950,6861.1329,5527.9772,0.8057
MAHARASHTRA,BULDHANA,2020,446631,7415.9978,5354.2403,0.722
MAHARASHTRA,BULDHANA,2021,480139,9062.1603,7302.4599,0.8058
MAHARASHTRA,BULDHANA,2022,522349,10766.8972,8634.2108,0.8019
MAHARASHTRA,BULDHANA,2023,578182,12886.1117,9870.1034,0.7659
MAHARASHTRA,BULDHANA,2024,643104,15737.1101,12432.6019,0.79
MAHARASHTRA,CHANDRAPUR,2019,155137,5872.0992,4440.5309,0.7562
MAHARASHTRA,CHANDRAPUR,2020,178449,6588.821,4674.1416,0.7094
MAHARASHTRA,CHANDRAPUR,2021,239645,8034.3668,5648.3239,0.703
MAHARASHTRA,CHANDRAPUR,2022,269279,9356.2402,6482.1452,0.6928
MAHARASHTRA,CHANDRAPUR,2023,289131,11166.1668,7654.2576,0.6855
MAHARASHTRA,CHANDRAPUR,2024,317023,13120.3745,9199.217,0.7011
MAHARASHTRA,CHHATRAPATI SAMBHAJINAGAR,2024,1123687,57089.1535,41931.0212,0.7345
MAHARASHTRA,DHARASHIV,2024,448929,9113.3744,7198.5033,0.7899
MAHARASHTRA,DHULE,2019,240309,7841.9479,5616.8399,0.7163
MAHARASHTRA,DHULE,2020,260779,6826.8682,5186.542,0.7597
MAHARASHTRA,DHULE,2021,274038,7627.3241,5882.4308,0.7712
MAHARASHTRA,DHULE,2022,291502,8847.4171,6829.8842,0.772
MAHARASHTRA,DHULE,2023,307783,10261.0766,7803.9446,0.7605
MAHARASHTRA,DHULE,2024,342782,13268.6618,9961.3272,0.7507
MAHARASHTRA,GADCHIROLI,2019,47119,1299.5026,888.4078,0.6837
MAHARASHTRA,GADCHIROLI,2020,56780,1263.1583,947.615,0.7502
MAHARASHTRA,GADCHIROLI,2021,67054,1420.3351,1077.4016,0.7586
MAHARASHTRA,GADCHIROLI,2022,75592,1863.4975,1304.626,0.7001
MAHARASHTRA,GADCHIROLI,2023,82393,2222.7281,1568.3814,0.7056
MAHARASHTRA,GADCHIROLI,2024,89135,2552.0989,1853.1127,0.7261
MAHARASHTRA,GONDIA,2019,64035,1604.8699,1154.7838,0.7195
MAHARASHTRA,GONDIA,2020,88764,2211.0243,1538.483,0.6958
MAHARASHTRA,GONDIA,2021,104120,2591.1371,1813.2322,0.6998
MAHARASHTRA,GONDIA,2022,120607,3159.0497,2199.7597,0.6963
MAHARASHTRA,GONDIA,2023,152544,4409.9561,3046.986,0.6909
MAHARASHTRA,GONDIA,2024,168371,5420.2799,3733.0638,0.6887
MAHARASHTRA,HINGOLI,2019,162957,2287.5545,2014.8548,0.8808
MAHARASHTRA,HINGOLI,2020,145096,2315.0246,1808.409,0.7812
MAHARASHTRA,HINGOLI,2021,165699,2715.1956,2251.3663,0.8292
MAHARASHTRA,HINGOLI,2022,148065,2790.6751,2286.7999,0.8194
MAHARASHTRA,HINGOLI,2023,215940,4027.1902,3370.5014,0.8369
MAHARASHTRA,HINGOLI,2024,232429,4640.5038,3834.4307,0.8263
MAHARASHTRA,JALGAON,2019,476753,41249.7508,35239.7548,0.8543
MAHARASHTRA,JALGAON,2020,571749,29139.4625,24459.2095,0.8394
MAHARASHTRA,JALGAON,2021,632623,16406.4615,12329.4967,0.7515
MAHARASHTRA,JALGAON,2022,638809,18521.8883,13837.4248,0.7471
MAHARASHTRA,JALGAON,2023,672974,22145.548,16260.9937,0.7343
MAHARASHTRA,JALGAON,2024,750771,27236.3355,20198.6925,0.7416
MAHARASHTRA,JALNA,2019,393531,6478.3643,5620.9713,0.8677
MAHARASHTRA,JALNA,2020,377803,6647.6855,5341.6577,0.8035
MAHARASHTRA,JALNA,2021,423966,7692.6405,6411.8319,0.8335
MAHARASHTRA,JALNA,2022,458324,9146.968,7527.634,0.823
MAHARASHTRA,JALNA,2023,495300,10600.8957,8763.0399,0.8266
MAHARASHTRA,JALNA,2024,502362,12596.4618,9972.6796,0.7917
MAHARASHTRA,KOLHAPUR,2019,1843792,37397.3395,24111.5184,0.6447
MAHARASHTRA,KOLHAPUR,2020,2896559,49625.42,30664.0017,0.6179
MAHARASHTRA,KOLHAPUR,2021,3325829,56327.3824,35528.1744,0.6307
MAHARASHTRA,KOLHAPUR,2022,3253824,60889.3329,38259.2275,0.6283
MAHARASHTRA,KOLHAPUR,2023,3846430,72160.351,45650.071,0.6326
MAHARASHTRA,KOLHAPUR,2024,4775017,74931.9159,58307.5237,0.7781
MAHARASHTRA,LATUR,2019,254306,6653.1774,5124.1114,0.7702
MAHARASHTRA,LATUR,2020,325568,7588.4371,5642.2968,0.7435
MAHARASHTRA,LATUR,2021,361687,9370.7807,7184.1008,0.7666
MAHARASHTRA,LATUR,2022,387832,11451.9414,8713.0808,0.7608
MAHARASHTRA,LATUR,2023,430301,14426.2118,10981.0427,0.7612
MAHARASHTRA,LATUR,2024,474101,17645.6242,13493.1515,0.7647
MAHARASHTRA,MUMBAI,2019,5017044,2477848.505,1620062.392,0.6538
MAHARASHTRA,MUMBAI,2020,6483882,2461824.167,1562949.135,0.6349
MAHARASHTRA,MUMBAI,2021,7490154,2586645.466,1524288.782,0.5893
MAHARASHTRA,MUMBAI,2022,15328957,2557060.172,1439014.655,0.5628
MAHARASHTRA,MUMBAI,2023,22995297,3246874.233,1975994.009,0.6086
MAHARASHTRA,MUMBAI,2024,26517146,3619055.989,2270671.675,0.6274
MAHARASHTRA,MUMBAI SUBURBAN,2019,9260604,327803.6272,182779.0423,0.5576
MAHARASHTRA,MUMBAI SUBURBAN,2020,10787009,566565.0543,281376.9936,0.4966
MAHARASHTRA,MUMBAI SUBURBAN,2021,11266567,555224.605,265348.6187,0.4779
MAHARASHTRA,MUMBAI SUBURBAN,2022,13353795,872551.1119,472559.1129,0.5416
MAHARASHTRA,MUMBAI SUBURBAN,2023,18829329,816885.4609,383473.293,0.4694
MAHARASHTRA,MUMBAI SUBURBAN,2024,25103413,1185958.731,520834.2239,0.4392
MAHARASHTRA,NAGPUR,2019,977535,62095.0297,42833.9828,0.6898
MAHARASHTRA,NAGPUR,2020,1296282,66131.5025,45147.7596,0.6827
MAHARASHTRA,NAGPUR,2021,1437445,74185.005,50226.6392,0.677
MAHARASHTRA,NAGPUR,2022,1575332,82440.8387,54026.9254,0.6553
MAHARASHTRA,NAGPUR,2023,1727285,95358.7769,62723.0684,0.6578
MAHARASHTRA,NAGPUR,2024,1983374,114334.3981,76868.9927,0.6723
MAHARASHTRA,NANDED,2019,475187,9678.8558,8007.4198,0.8273
MAHARASHTRA,NANDED,2020,520151,10539.0652,8591.5033,0.8152
MAHARASHTRA,NANDED,2021,528067,11564.3407,9097.7442,0.7867
MAHARASHTRA,NANDED,2022,589628,13554.2694,10842.6761,0.7999
MAHARASHTRA,NANDED,2023,643356,15815.4234,12632.3042,0.7987
MAHARASHTRA,NANDED,2024,693061,19076.0403,15057.6955,0.7894
MAHARASHTRA,NANDURBAR,2019,68289,1669.5938,1356.378,0.8124
MAHARASHTRA,NANDURBAR,2020,95039,2474.6136,1992.1294,0.805
MAHARASHTRA,NANDURBAR,2021,106535,2911.2024,2297.5659,0.7892
MAHARASHTRA,NANDURBAR,2022,118451,3614.3949,2837.3621,0.785
MAHARASHTRA,NANDURBAR,2023,136383,4736.1664,3550.9419,0.7498
MAHARASHTRA,NANDURBAR,2024,146857,5706.8587,4358.4142,0.7637
MAHARASHTRA,NASIK,2019,870941,40867.4092,30445.4893,0.745
MAHARASHTRA,NASIK,2020,1303710,46721.7309,33328.5587,0.7133
MAHARASHTRA,NASIK,2021,1451140,52197.0904,37002.6757,0.7089
MAHARASHTRA,NASIK,2022,1633394,60116.2833,42187.9164,0.7018
MAHARASHTRA,NASIK,2023,1959920,72688.9781,50597.9912,0.6961
MAHARASHTRA,NASIK,2024,2032305,95637.0353,68639.7149,0.7177
MAHARASHTRA,OSMANABAD,2019,206567,3907.7935,3241.2801,0.8294
MAHARASHTRA,OSMANABAD,2020,212529,4790.238,3224.3271,0.6731
MAHARASHTRA,OSMANABAD,2021,264945,5047.3545,4072.7157,0.8069
MAHARASHTRA,OSMANABAD,2022,297074,5942.4623,4783.2779,0.8049
MAHARASHTRA,OSMANABAD,2023,321041,7064.918,5704.5274,0.8074
MAHARASHTRA,PALGHAR,2019,147074,7646.9545,5596.941,0.7319
MAHARASHTRA,PALGHAR,2020,223231,11367.9729,8142.6663,0.7163
MAHARASHTRA,PALGHAR,2021,258664,13877.408,9740.8145,0.7019
MAHARASHTRA,PALGHAR,2022,291238,16657.806,11432.4921,0.6863
MAHARASHTRA,PALGHAR,2023,350484,20944.9192,14305.3224,0.683
MAHARASHTRA,PALGHAR,2024,422787,30017.0342,20719.9121,0.6903
MAHARASHTRA,PARBHANI,2019,401154,5780.7077,5066.8665,0.8765
MAHARASHTRA,PARBHANI,2020,349074,5616.5678,4441.4328,0.7908
MAHARASHTRA,PARBHANI,2021,368370,6351.3766,5195.4727,0.818
MAHARASHTRA,PARBHANI,2022,439746,7639.18,6405.9503,0.8386
MAHARASHTRA,PARBHANI,2023,424238,8286.9596,6910.0127,0.8338
MAHARASHTRA,PARBHANI,2024,456067,9629.7539,7864.5716,0.8167
MAHARASHTRA,PUNE,2019,3697056,332671.0197,214832.2336,0.6458
MAHARASHTRA,PUNE,2020,4382901,372951.5272,237173.6944,0.6359
MAHARASHTRA,PUNE,2021,4655502,420824.7074,250882.7708,0.5962
MAHARASHTRA,PUNE,2022,4896740,478000.8126,277713.5264,0.581
MAHARASHTRA,PUNE,2023,5344705,582297.4002,344987.0633,0.5925
MAHARASHTRA,PUNE,2024,5976759,715807.1522,429318.6194,0.5998
MAHARASHTRA,RAIGAD,2019,300482,24569.5175,15935.3254,0.6486
MAHARASHTRA,RAIGAD,2020,356714,27483.6186,18590.3395,0.6764
MAHARASHTRA,RAIGAD,2021,411213,30115.3089,21398.5194,0.7106
MAHARASHTRA,RAIGAD,2022,470149,35388.5901,24953.6328,0.7051
MAHARASHTRA,RAIGAD,2023,555601,45156.9901,30293.6214,0.6709
MAHARASHTRA,RAIGAD,2024,714907,59509.0896,41712.9579,0.701
MAHARASHTRA,RATNAGIRI,2019,175955,9582.4651,5493.3491,0.5733
MAHARASHTRA,RATNAGIRI,2020,188639,8279.1299,5508.8662,0.6654
MAHARASHTRA,RATNAGIRI,2021,213084,7615.694,5592.8125,0.7344
MAHARASHTRA,RATNAGIRI,2022,240516,8941.5386,6394.7463,0.7152
MAHARASHTRA,RATNAGIRI,2023,261787,10297.2205,7469.043,0.7253
MAHARASHTRA,RATNAGIRI,2024,286104,11575.6118,8522.0883,0.7362
MAHARASHTRA,SANGLI,2019,401719,12550.0984,9457.2763,0.7536
MAHARASHTRA,SANGLI,2020,470610,13249.7808,9405.3908,0.7099
MAHARASHTRA,SANGLI,2021,475607,14513.1717,10432.7953,0.7189
MAHARASHTRA,SANGLI,2022,493585,16926.5745,12103.7945,0.7151
MAHARASHTRA,SANGLI,2023,529960,20591.5641,14423.2677,0.7004
MAHARASHTRA,SANGLI,2024,640491,25068.2706,18457.4504,0.7363
MAHARASHTRA,SATARA,2019,376018,10607.8607,8131.968,0.7666
MAHARASHTRA,SATARA,2020,451569,12418.266,9400.26,0.757
MAHARASHTRA,SATARA,2021,499898,13952.2975,10536.1637,0.7552
MAHARASHTRA,SATARA,2022,508946,15444.4183,11310.4388,0.7323
MAHARASHTRA,SATARA,2023,549428,18580.4024,13535.8438,0.7285
MAHARASHTRA,SATARA,2024,618284,23695.9253,17201.2563,0.7259
MAHARASHTRA,SINDHUDURG,2019,101924,2829.3045,2099.5536,0.7421
MAHARASHTRA,SINDHUDURG,2020,107290,3006.6027,2195.2897,0.7302
MAHARASHTRA,SINDHUDURG,2021,123998,3300.336,2442.7893,0.7402
MAHARASHTRA,SINDHUDURG,2022,123556,3621.3367,2696.034,0.7445
MAHARASHTRA,SINDHUDURG,2023,142592,4159.6097,3087.6159,0.7423
MAHARASHTRA,SINDHUDURG,2024,153743,4855.6402,3600.5406,0.7415
MAHARASHTRA,SOLAPUR,2019,636250,20797.7703,15909.8046,0.765
MAHARASHTRA,SOLAPUR,2020,988654,23603.9016,17137.4306,0.726
MAHARASHTRA,SOLAPUR,2021,1090126,24441.0906,18986.675,0.7768
MAHARASHTRA,SOLAPUR,2022,1087272,26943.8662,20589.6873,0.7642
MAHARASHTRA,SOLAPUR,2023,1255652,31866.3106,24281.4202,0.762
MAHARASHTRA,SOLAPUR,2024,1415214,37835.5883,28766.9507,0.7603
MAHARASHTRA,THANE,2019,1948057,150649.3101,98518.1375,0.654
MAHARASHTRA,THANE,2020,2341963,166361.3962,107554.2902,0.6465
MAHARASHTRA,THANE,2021,2511321,177483.0129,112324.9964,0.6329
MAHARASHTRA,THANE,2022,3286445,226547.6768,130989.992,0.5782
MAHARASHTRA,THANE,2023,4685780,266247.358,155751.9205,0.585
MAHARASHTRA,THANE,2024,5748183,356186.8266,213443.9726,0.5992
MAHARASHTRA,WARDHA,2019,451060,5942.1976,4490.929,0.7558
MAHARASHTRA,WARDHA,2020,673011,6957.8748,4799.9746,0.6899
MAHARASHTRA,WARDHA,2021,738154,7949.9645,5798.2735,0.7293
MAHARASHTRA,WARDHA,2022,961682,9550.8551,6847.1854,0.7169
MAHARASHTRA,WARDHA,2023,1157822,11475.6835,8129.4138,0.7084
MAHARASHTRA,WARDHA,2024,1330653,14178.1895,9837.5821,0.6939
MAHARASHTRA,WASHIM,2019,98202,1399.4604,1154.1576,0.8247
MAHARASHTRA,WASHIM,2020,144884,2235.9355,1680.5137,0.7516
MAHARASHTRA,WASHIM,2021,157320,2646.7096,2060.9527,0.7787
MAHARASHTRA,WASHIM,2022,204383,3337.4812,2647.8801,0.7934
MAHARASHTRA,WASHIM,2023,231144,4200.0867,3312.321,0.7886
MAHARASHTRA,WASHIM,2024,243529,5466.7514,4325.0474,0.7912
MAHARASHTRA,YAVATMAL,2019,355752,6325.7692,5140.8335,0.8127
MAHARASHTRA,YAVATMAL,2020,413826,7055.0618,5530.8518,0.784
MAHARASHTRA,YAVATMAL,2021,422496,8084.1294,6200.8025,0.767
MAHARASHTRA,YAVATMAL,2022,479682,9527.4829,7338.7685,0.7703
MAHARASHTRA,YAVATMAL,2023,535911,11646.3282,8876.7699,0.7622
MAHARASHTRA,YAVATMAL,2024,569403,13741.2787,10455.0727,0.7609
MANIPUR,BISHENPUR,2019,9844,123.4916,99.4034,0.8049
MANIPUR,BISHENPUR,2020,13266,301.1712,237.0097,0.787
MANIPUR,BISHENPUR,2021,16151,393.1435,309.4835,0.7872
MANIPUR,BISHENPUR,2022,24235,550.3071,428.525,0.7787
MANIPUR,BISHENPUR,2023,29452,728.3938,560.7696,0.7699
MANIPUR,BISHENPUR,2024,32036,815.566,592.8703,0.7269
MANIPUR,CHANDEL,2019,4773,212.0359,155.6348,0.734
MANIPUR,CHANDEL,2020,3420,158.3114,115.4817,0.7295
MANIPUR,CHANDEL,2021,3746,188.4679,141.3201,0.7498
MANIPUR,CHANDEL,2022,4448,217.1956,164.7727,0.7586
MANIPUR,CHANDEL,2023,4164,239.7695,182.8004,0.7624
MANIPUR,CHANDEL,2024,5191,285.587,212.8267,0.7452
MANIPUR,CHURACHANDPUR,2019,18748,637.3599,459.4108,0.7208
MANIPUR,CHURACHANDPUR,2020,19064,654.9774,469.7838,0.7173
MANIPUR,CHURACHANDPUR,2021,22093,789.2233,567.2411,0.7187
MANIPUR,CHURACHANDPUR,2022,28546,1121.9775,817.7612,0.7289
MANIPUR,CHURACHANDPUR,2023,21991,1181.4249,900.3413,0.7621
MANIPUR,CHURACHANDPUR,2024,22847,1314.6579,994.1465,0.7562
MANIPUR,IMPHAL EAST,2019,15415,379.2057,298.0023,0.7859
MANIPUR,IMPHAL EAST,2020,41029,1235.7228,912.2183,0.7382
MANIPUR,IMPHAL EAST,2021,38610,1006.2338,751.1738,0.7465
MANIPUR,IMPHAL EAST,2022,48292,1301.9966,946.8207,0.7272
MANIPUR,IMPHAL EAST,2023,56783,1660.4433,1261.5639,0.7598
MANIPUR,IMPHAL EAST,2024,52250,1972.6574,1506.7893,0.7638
MANIPUR,IMPHAL WEST,2019,107807,4023.0946,3159.8083,0.7854
MANIPUR,IMPHAL WEST,2020,114948,4013.2037,3124.7675,0.7786
MANIPUR,IMPHAL WEST,2021,142538,5422.769,4064.8374,0.7496
MANIPUR,IMPHAL WEST,2022,150180,6482.3946,4763.9867,0.7349
MANIPUR,IMPHAL WEST,2023,158371,7915.1784,5937.4183,0.7501
MANIPUR,IMPHAL WEST,2024,151127,8354.99,6159.2354,0.7372
MANIPUR,JIRIBAM,2019,11633,54.9001,54.4065,0.991
MANIPUR,JIRIBAM,2020,4775,30.0124,28.8334,0.9607
MANIPUR,JIRIBAM,2021,16452,78.9427,73.219,0.9275
MANIPUR,JIRIBAM,2022,4828,45.1848,38.289,0.8474
MANIPUR,JIRIBAM,2023,4288,58.0235,48.7618,0.8404
MANIPUR,JIRIBAM,2024,1538,61.1603,48.7631,0.7973
MANIPUR,KAKCHING,2019,5807,172.164,142.265,0.8263
MANIPUR,KAKCHING,2020,9966,226.1497,188.7433,0.8346
MANIPUR,KAKCHING,2021,13492,291.6194,233.1658,0.7996
MANIPUR,KAKCHING,2022,11096,334.4142,266.8069,0.7978
MANIPUR,KAKCHING,2023,11742,383.9694,305.4459,0.7955
MANIPUR,KAKCHING,2024,11062,422.1629,333.1775,0.7892
MANIPUR,KAMJONG,2019,413,15.4466,12.0886,0.7826
MANIPUR,KAMJONG,2020,1016,26.4372,20.0327,0.7577
MANIPUR,KAMJONG,2021,1127,29.1216,21.8899,0.7517
MANIPUR,KAMJONG,2022,361,20.7768,14.0284,0.6752
MANIPUR,KAMJONG,2023,442,25.3832,19.3464,0.7622
MANIPUR,KAMJONG,2024,458,25.159,17.7183,0.7043
MANIPUR,KANGPOKPI,2019,1558,66.3712,46.3685,0.6986
MANIPUR,KANGPOKPI,2020,4185,181.5286,132.104,0.7277
MANIPUR,KANGPOKPI,2021,4588,222.3426,168.7892,0.7591
MANIPUR,KANGPOKPI,2022,5076,275.3382,212.2926,0.771
MANIPUR,KANGPOKPI,2023,6061,362.8605,291.6439,0.8037
MANIPUR,KANGPOKPI,2024,6229,399.0827,304.7278,0.7636
MANIPUR,NONEY,2019,476,4.3238,3.6331,0.8403
MANIPUR,NONEY,2020,1060,33.1401,26.9016,0.8118
MANIPUR,NONEY,2021,1349,41.1009,31.6569,0.7702
MANIPUR,NONEY,2022,539,37.2379,27.9332,0.7501
MANIPUR,NONEY,2023,658,41.4608,31.8118,0.7673
MANIPUR,NONEY,2024,708,44.1178,33.1893,0.7523
MANIPUR,PHERZAWAL,2019,94,7.032,6.1632,0.8765
MANIPUR,PHERZAWAL,2020,161,10.2198,8.0692,0.7896
MANIPUR,PHERZAWAL,2021,216,14.2112,10.7284,0.7549
MANIPUR,PHERZAWAL,2022,219,15.5328,11.4335,0.7361
MANIPUR,SENAPATI,2019,6924,248.1739,185.0742,0.7457
MANIPUR,SENAPATI,2020,10626,420.9443,309.2668,0.7347
MANIPUR,SENAPATI,2021,11523,455.1945,327.5277,0.7195
MANIPUR,SENAPATI,2022,27748,742.5195,547.8758,0.7379
MANIPUR,SENAPATI,2023,13675,636.8807,482.0841,0.7569
MANIPUR,SENAPATI,2024,13376,702.856,527.2657,0.7502
MANIPUR,TAMENGLONG,2019,1857,40.3523,36.2399,0.8981
MANIPUR,TAMENGLONG,2020,2068,45.4387,41.3232,0.9094
MANIPUR,TAMENGLONG,2021,2240,65.9751,42.1763,0.6393
MANIPUR,TAMENGLONG,2022,3050,85.2439,53.8239,0.6314
MANIPUR,TAMENGLONG,2023,2959,108.669,84.4986,0.7776
MANIPUR,TAMENGLONG,2024,3032,144.2913,115.8999,0.8032
MANIPUR,TENGNOUPAL,2019,3458,112.9392,84.0777,0.7445
MANIPUR,TENGNOUPAL,2020,3394,127.5858,89.8269,0.7041
MANIPUR,TENGNOUPAL,2021,3917,158.947,116.245,0.7313
MANIPUR,TENGNOUPAL,2022,3703,185.6449,141.3894,0.7616
MANIPUR,TENGNOUPAL,2023,3913,218.1108,170.7446,0.7828
MANIPUR,TENGNOUPAL,2024,3759,222.6748,164.3444,0.738
MANIPUR,THOUBAL,2019,11047,203.4226,164.3536,0.8079
MANIPUR,THOUBAL,2020,19204,435.4119,340.0955,0.7811
MANIPUR,THOUBAL,2021,26895,582.0099,445.1586,0.7649
MANIPUR,THOUBAL,2022,36609,776.6777,596.6751,0.7682
MANIPUR,THOUBAL,2023,49134,1085.0445,849.2615,0.7827
MANIPUR,THOUBAL,2024,46075,1179.3566,905.1787,0.7675
MANIPUR,UKHRUL,2019,2522,43.4431,38.6781,0.8903
MANIPUR,UKHRUL,2020,3734,104.3159,84.6025,0.811
MANIPUR,UKHRUL,2021,4180,137.2982,100.8547,0.7346
MANIPUR,UKHRUL,2022,4370,175.8379,130.849,0.7441
MANIPUR,UKHRUL,2023,4914,235.2775,186.3823,0.7922
MANIPUR,UKHRUL,2024,5259,292.4815,229.6312,0.7851
MEGHALAYA,EAST GARO HILLS,2019,8586,193.159,143.896,0.745
MEGHALAYA,EAST GARO HILLS,2020,7846,198.0101,142.0218,0.7172
MEGHALAYA,EAST GARO HILLS,2021,9101,236.546,173.8123,0.7348
MEGHALAYA,EAST GARO HILLS,2022,9711,290.3474,215.204,0.7412
MEGHALAYA,EAST GARO HILLS,2023,10532,332.2658,245.1506,0.7378
MEGHALAYA,EAST GARO HILLS,2024,11879,397.1424,286.6747,0.7218
MEGHALAYA,EAST JAINTIA HILLS,2019,3099,108.742,80.7363,0.7425
MEGHALAYA,EAST JAINTIA HILLS,2020,4562,160.0071,113.1169,0.7069
MEGHALAYA,EAST JAINTIA HILLS,2021,3666,131.6937,95.7486,0.7271
MEGHALAYA,EAST JAINTIA HILLS,2022,6556,208.957,153.0985,0.7327
MEGHALAYA,EAST JAINTIA HILLS,2023,7350,260.6059,178.9322,0.6866
MEGHALAYA,EAST JAINTIA HILLS,2024,6199,281.4755,201.8885,0.7173
MEGHALAYA,EAST KHASI HILLS,2019,118716,4826.6711,3539.7687,0.7334
MEGHALAYA,EAST KHASI HILLS,2020,125670,6679.5439,5118.8203,0.7663
MEGHALAYA,EAST KHASI HILLS,2021,139415,8433.4842,5982.1815,0.7093
MEGHALAYA,EAST KHASI HILLS,2022,133080,7823.8395,5182.6784,0.6624
MEGHALAYA,EAST KHASI HILLS,2023,140533,9236.3484,6767.4924,0.7327
MEGHALAYA,EAST KHASI HILLS,2024,159996,11234.4098,8355.523,0.7437
MEGHALAYA,EASTERN WEST KHASI HILLS,2023,3393,87.2145,62.8397,0.7205
MEGHALAYA,EASTERN WEST KHASI HILLS,2024,8989,176.7013,119.8098,0.678
MEGHALAYA,JAINTIA HILLS,2019,14914,476.7949,376.6644,0.79
MEGHALAYA,JAINTIA HILLS,2020,18047,485.8975,364.3904,0.7499
MEGHALAYA,JAINTIA HILLS,2021,19794,598.9024,422.3724,0.7052
MEGHALAYA,JAINTIA HILLS,2022,18124,606.2892,417.5427,0.6887
MEGHALAYA,NORTH GARO HILLS,2019,6867,119.8437,92.9518,0.7756
MEGHALAYA,NORTH GARO HILLS,2020,7421,150.9265,114.4796,0.7585
MEGHALAYA,NORTH GARO HILLS,2021,7530,182.1454,139.8228,0.7676
MEGHALAYA,NORTH GARO HILLS,2022,8011,222.3016,171.0044,0.7692
MEGHALAYA,NORTH GARO HILLS,2023,7920,261.767,198.3768,0.7578
MEGHALAYA,NORTH GARO HILLS,2024,8940,321.0812,241.8825,0.7533
MEGHALAYA,RI BHOI,2019,41463,1720.1209,1245.6424,0.7242
MEGHALAYA,RI BHOI,2020,51660,1786.2641,1368.4592,0.7661
MEGHALAYA,RI BHOI,2021,58066,2037.9719,1545.568,0.7584
MEGHALAYA,RI BHOI,2022,59904,2345.7218,1747.8903,0.7451
MEGHALAYA,RI BHOI,2023,62320,2768.5024,2015.3921,0.728
MEGHALAYA,RI BHOI,2024,64956,3536.9241,2395.4314,0.6773
MEGHALAYA,SOUTH GARO HILLS,2019,2601,89.0075,64.0527,0.7196
MEGHALAYA,SOUTH GARO HILLS,2020,2635,97.5954,70.2731,0.72
MEGHALAYA,SOUTH GARO HILLS,2021,3032,111.2798,81.2861,0.7305
MEGHALAYA,SOUTH GARO HILLS,2022,3306,133.5208,99.1646,0.7427
MEGHALAYA,SOUTH GARO HILLS,2023,3701,166.1109,126.9909,0.7645
MEGHALAYA,SOUTH GARO HILLS,2024,4177,192.016,144.4418,0.7522
MEGHALAYA,SOUTH WEST GARO HILLS,2019,7928,131.2268,103.2147,0.7865
MEGHALAYA,SOUTH WEST GARO HILLS,2020,8328,162.7213,123.6513,0.7599
MEGHALAYA,SOUTH WEST GARO HILLS,2021,9972,207.5501,159.5039,0.7685
MEGHALAYA,SOUTH WEST GARO HILLS,2022,9177,229.1712,173.3835,0.7566
MEGHALAYA,SOUTH WEST GARO HILLS,2023,9216,270.7194,200.2207,0.7396
MEGHALAYA,SOUTH WEST GARO HILLS,2024,10562,323.5637,232.0307,0.7171
MEGHALAYA,SOUTH WEST KHASI HILLS,2019,3861,89.2524,64.7808,0.7258
MEGHALAYA,SOUTH WEST KHASI HILLS,2020,4175,99.4874,70.3626,0.7073
MEGHALAYA,SOUTH WEST KHASI HILLS,2021,5239,123.9616,86.1019,0.6946
MEGHALAYA,SOUTH WEST KHASI HILLS,2022,4989,123.1781,88.2181,0.7162
MEGHALAYA,SOUTH WEST KHASI HILLS,2023,5362,218.5974,101.5005,0.4643
MEGHALAYA,SOUTH WEST KHASI HILLS,2024,8167,246.7521,170.5308,0.6911
MEGHALAYA,WEST GARO HILLS,2019,52475,1921.713,1502.6664,0.7819
MEGHALAYA,WEST GARO HILLS,2020,28432,936.9734,697.6262,0.7446
MEGHALAYA,WEST GARO HILLS,2021,33512,1104.6,821.8159,0.744
MEGHALAYA,WEST GARO HILLS,2022,36518,1292.0088,946.0425,0.7322
MEGHALAYA,WEST GARO HILLS,2023,38332,1580.7756,1168.7886,0.7394
MEGHALAYA,WEST GARO HILLS,2024,41616,1740.9951,1248.9164,0.7174
MEGHALAYA,WEST JAINTIA HILLS,2023,19715,718.7758,501.9778,0.6984
MEGHALAYA,WEST JAINTIA HILLS,2024,23683,929.7081,656.7754,0.7064
MEGHALAYA,WEST KHASI HILLS,2019,17495,299.6563,233.4235,0.779
MEGHALAYA,WEST KHASI HILLS,2020,18623,336.4904,251.967,0.7488
MEGHALAYA,WEST KHASI HILLS,2021,20623,383.0536,276.8889,0.7228
MEGHALAYA,WEST KHASI HILLS,2022,21418,450.3931,317.4587,0.7048
MEGHALAYA,WEST KHASI HILLS,2023,19111,437.5727,306.1735,0.6997
MEGHALAYA,WEST KHASI HILLS,2024,12776,346.797,243.316,0.7016
MIZORAM,AIZAWL,2019,77479,2895.6964,2168.7659,0.749
MIZORAM,AIZAWL,2020,81627,3344.5015,2475.6746,0.7402
MIZORAM,AIZAWL,2021,88525,4028.7048,3015.3575,0.7485
MIZORAM,AIZAWL,2022,85785,4690.1544,3509.2433,0.7482
MIZORAM,AIZAWL,2023,91105,5517.0086,4111.8725,0.7453
MIZORAM,AIZAWL,2024,99866,6411.5491,4820.1833,0.7518
MIZORAM,CHAMPHAI,2019,12059,284.2316,213.2494,0.7503
MIZORAM,CHAMPHAI,2020,9071,240.29,178.9763,0.7448
MIZORAM,CHAMPHAI,2021,8932,286.7734,207.3929,0.7232
MIZORAM,CHAMPHAI,2022,10739,376.814,282.2508,0.749
MIZORAM,CHAMPHAI,2023,11976,411.2381,301.5568,0.7333
MIZORAM,CHAMPHAI,2024,12142,450.834,324.4077,0.7196
MIZORAM,HNAHTHIAL,2020,1572,50.3407,34.1149,0.6777
MIZORAM,HNAHTHIAL,2021,1792,70.28,51.7705,0.7366
MIZORAM,HNAHTHIAL,2022,1948,90.3052,68.153,0.7547
MIZORAM,HNAHTHIAL,2023,2123,114.5639,88.3559,0.7712
MIZORAM,HNAHTHIAL,2024,2446,132.6365,100.4035,0.757
MIZORAM,KHAWZAWL,2020,3450,82.5668,59.7957,0.7242
MIZORAM,KHAWZAWL,2021,4127,114.4307,85.8457,0.7502
MIZORAM,KHAWZAWL,2022,4199,135.2909,99.5641,0.7359
MIZORAM,KHAWZAWL,2023,4163,148.8581,107.1438,0.7198
MIZORAM,KHAWZAWL,2024,4224,175.1911,127.3948,0.7272
MIZORAM,KOLASIB,2019,7573,126.4932,93.6989,0.7407
MIZORAM,KOLASIB,2020,13909,253.7095,192.361,0.7582
MIZORAM,KOLASIB,2021,13238,325.133,241.4352,0.7426
MIZORAM,KOLASIB,2022,14541,412.4644,310.7815,0.7535
MIZORAM,KOLASIB,2023,13556,482.3808,358.1648,0.7425
MIZORAM,KOLASIB,2024,13082,539.7388,397.7299,0.7369
MIZORAM,LAWNGTLAI,2019,7476,269.0129,196.9342,0.7321
MIZORAM,LAWNGTLAI,2020,10574,391.5311,272.8618,0.6969
MIZORAM,LAWNGTLAI,2021,11230,453.9202,322.8941,0.7113
MIZORAM,LAWNGTLAI,2022,10625,518.4669,373.6486,0.7207
MIZORAM,LAWNGTLAI,2023,12050,620.4814,463.7092,0.7473
MIZORAM,LAWNGTLAI,2024,13987,705.5752,524.2025,0.7429
MIZORAM,LUNGLEI,2019,19211,692.4229,489.6434,0.7071
MIZORAM,LUNGLEI,2020,16316,595.7932,433.3329,0.7273
MIZORAM,LUNGLEI,2021,17220,647.7631,486.7898,0.7515
MIZORAM,LUNGLEI,2022,17730,743.6685,555.4754,0.7469
MIZORAM,LUNGLEI,2023,19561,859.7509,643.5947,0.7486
MIZORAM,LUNGLEI,2024,20037,971.5305,722.7902,0.744
MIZORAM,MAMIT,2019,5408,137.222,100.1776,0.73
MIZORAM,MAMIT,2020,5843,163.3241,113.8489,0.6971
MIZORAM,MAMIT,2021,6046,178.4366,132.1714,0.7407
MIZORAM,MAMIT,2022,6573,217.8615,162.9514,0.748
MIZORAM,MAMIT,2023,6752,254.7159,185.8051,0.7295
MIZORAM,MAMIT,2024,7938,331.8621,238.6009,0.719
MIZORAM,SAIHA,2019,7300,279.8431,452.5834,1.6173
MIZORAM,SAIHA,2020,7720,245.9944,179.7647,0.7308
MIZORAM,SAIHA,2021,8758,286.0427,201.5989,0.7048
MIZORAM,SAIHA,2022,8282,322.5592,231.4044,0.7174
MIZORAM,SAIHA,2023,9182,359.3676,257.9943,0.7179
MIZORAM,SAITUAL,2020,4274,100.3367,74.5339,0.7428
MIZORAM,SAITUAL,2021,4742,127.0488,93.7001,0.7375
MIZORAM,SAITUAL,2022,5274,153.9554,112.7484,0.7323
MIZORAM,SAITUAL,2023,5044,171.1952,122.6106,0.7162
MIZORAM,SAITUAL,2024,5395,200.1498,141.9936,0.7094
MIZORAM,SERCHHIP,2019,7066,168.3247,121.6146,0.7225
MIZORAM,SERCHHIP,2020,7476,212.9331,158.273,0.7433
MIZORAM,SERCHHIP,2021,8380,289.7602,224.3394,0.7742
MIZORAM,SERCHHIP,2022,8971,360.3943,275.9345,0.7656
MIZORAM,SERCHHIP,2023,9332,422.3094,313.5953,0.7426
MIZORAM,SERCHHIP,2024,10254,482.6729,353.6838,0.7328
MIZORAM,SIAHA,2024,9762,399.0585,284.1632,0.7121
NAGALAND,CHUMOUKEDIMA,2023,17156,680.1046,519.3489,0.7636
NAGALAND,CHUMOUKEDIMA,2024,16196,844.4167,645.3456,0.7643
NAGALAND,DIMAPUR,2019,53741,2462.4761,1821.9998,0.7399
NAGALAND,DIMAPUR,2020,66612,2817.5101,2059.922,0.7311
NAGALAND,DIMAPUR,2021,79386,6370.519,4069.0272,0.6387
NAGALAND,DIMAPUR,2022,76541,3771.6381,2717.9279,0.7206
NAGALAND,DIMAPUR,2023,63497,3928.8361,2935.1359,0.7471
NAGALAND,DIMAPUR,2024,73469,4516.2152,3295.9138,0.7298
NAGALAND,KIPHIRE,2019,2466,72.3953,52.7274,0.7283
NAGALAND,KIPHIRE,2020,2770,96.1204,71.8634,0.7476
NAGALAND,KIPHIRE,2021,3691,138.8475,110.4115,0.7952
NAGALAND,KIPHIRE,2022,4232,176.1036,136.1464,0.7731
NAGALAND,KIPHIRE,2023,4570,200.8792,148.8587,0.741
NAGALAND,KIPHIRE,2024,5057,231.9754,170.38,0.7345
NAGALAND,KOHIMA,2019,32618,1317.2829,940.3222,0.7138
NAGALAND,KOHIMA,2020,33076,1434.7359,1040.8489,0.7255
NAGALAND,KOHIMA,2021,38300,1682.8922,1197.7467,0.7117
NAGALAND,KOHIMA,2022,39164,1956.9363,1404.2932,0.7176
NAGALAND,KOHIMA,2023,40067,2298.3616,1672.51,0.7277
NAGALAND,KOHIMA,2024,42903,2671.329,1944.6423,0.728
NAGALAND,LONGLENG,2019,1779,48.5494,35.8668,0.7388
NAGALAND,LONGLENG,2020,1872,62.4325,46.4962,0.7447
NAGALAND,LONGLENG,2021,2348,89.4548,70.133,0.784
NAGALAND,LONGLENG,2022,2760,117.2174,90.3144,0.7705
NAGALAND,LONGLENG,2023,3228,147.3631,108.6383,0.7372
NAGALAND,LONGLENG,2024,3619,168.6637,122.5215,0.7264
NAGALAND,MOKOKCHUNG,2019,22470,611.0946,425.1319,0.6957
NAGALAND,MOKOKCHUNG,2020,23009,684.3272,476.5742,0.6964
NAGALAND,MOKOKCHUNG,2021,23912,774.8402,554.5906,0.7157
NAGALAND,MOKOKCHUNG,2022,23291,858.1315,608.2944,0.7089
NAGALAND,MOKOKCHUNG,2023,23062,958.6674,681.1603,0.7105
NAGALAND,MOKOKCHUNG,2024,23957,1075.7334,772.3813,0.718
NAGALAND,MON,2019,4715,161.2973,110.7905,0.6869
NAGALAND,MON,2020,5768,196.9985,140.4417,0.7129
NAGALAND,MON,2021,7185,264.9581,187.5452,0.7078
NAGALAND,MON,2022,7715,324.6777,230.4456,0.7098
NAGALAND,MON,2023,8987,393.1064,282.6349,0.719
NAGALAND,MON,2024,10241,471.9738,350.8722,0.7434
NAGALAND,NIULAND,2023,522,16.8074,12.9979,0.7733
NAGALAND,NIULAND,2024,774,31.5693,25.4342,0.8057
NAGALAND,NOKLAK,2021,812,21.5729,16.2268,0.7522
NAGALAND,NOKLAK,2022,1020,32.8254,25.9191,0.7896
NAGALAND,NOKLAK,2023,1041,35.8988,26.5653,0.74
NAGALAND,NOKLAK,2024,1074,41.8759,30.466,0.7275
NAGALAND,PEREN,2019,5257,108.5624,91.2133,0.8402
NAGALAND,PEREN,2020,5923,130.3501,102.1285,0.7835
NAGALAND,PEREN,2021,6320,165.7132,129.4271,0.781
NAGALAND,PEREN,2022,6509,198.9188,151.21,0.7602
NAGALAND,PEREN,2023,6981,238.9792,181.8474,0.7609
NAGALAND,PEREN,2024,6925,285.2967,218.5432,0.766
NAGALAND,PHEK,2019,1989,38.9083,29.942,0.7696
NAGALAND,PHEK,2020,6835,175.5201,132.3259,0.7539
NAGALAND,PHEK,2021,7794,238.9009,184.5501,0.7725
NAGALAND,PHEK,2022,8344,290.8757,223.3661,0.7679
NAGALAND,PHEK,2023,8798,339.1737,253.7325,0.7481
NAGALAND,PHEK,2024,9306,396.0781,300.2875,0.7582
NAGALAND,SHAMATOR,2023,712,26.7054,20.4375,0.7653
NAGALAND,SHAMATOR,2024,806,34.206,24.9249,0.7287
NAGALAND,TSEMINYU,2023,1820,87.4603,63.1079,0.7216
NAGALAND,TSEMINYU,2024,1939,101.1183,73.7678,0.7295
NAGALAND,TUENSANG,2019,10901,258.1755,196.2927,0.7603
NAGALAND,TUENSANG,2020,11820,308.986,225.3827,0.7294
NAGALAND,TUENSANG,2021,10830,343.9207,253.3403,0.7366
NAGALAND,TUENSANG,2022,10304,390.003,288.1583,0.7389
NAGALAND,TUENSANG,2023,9845,409.4602,307.239,0.7504
NAGALAND,TUENSANG,2024,10686,475.8052,355.0583,0.7462
NAGALAND,WOKHA,2019,6851,203.5379,146.1634,0.7181
NAGALAND,WOKHA,2020,7631,240.3618,172.115,0.7161
NAGALAND,WOKHA,2021,8937,290.6701,203.2728,0.6993
NAGALAND,WOKHA,2022,9141,327.6191,228.7109,0.6981
NAGALAND,WOKHA,2023,10259,385.915,272.7855,0.7069
NAGALAND,WOKHA,2024,11840,462.8354,336.4228,0.7269
NAGALAND,ZUNHEBOTO,2019,6153,198.557,140.5967,0.7081
NAGALAND,ZUNHEBOTO,2020,7155,241.76,175.9396,0.7277
NAGALAND,ZUNHEBOTO,2021,8615,311.993,232.0717,0.7438
NAGALAND,ZUNHEBOTO,2022,9517,378.3729,276.1488,0.7298
NAGALAND,ZUNHEBOTO,2023,10217,445.3336,318.2737,0.7147
NAGALAND,ZUNHEBOTO,2024,11040,519.9108,377.277,0.7257
NCT OF DELHI,CENTRAL DELHI,2019,151666,51749.1646,35490.0366,0.6858
NCT OF DELHI,CENTRAL DELHI,2020,1506657,332883.0098,160387.6246,0.4818
NCT OF DELHI,CENTRAL DELHI,2021,2418252,519630.9158,307169.7232,0.5911
NCT OF DELHI,CENTRAL DELHI,2022,2647843,563801.8286,298614.8633,0.5296
NCT OF DELHI,CENTRAL DELHI,2023,2042598,492304.6058,207158.6143,0.4208
NCT OF DELHI,CENTRAL DELHI,2024,2176624,534069.1417,230269.497,0.4312
NCT OF DELHI,EAST DELHI,2019,112189,8524.5749,5584.6534,0.6551
NCT OF DELHI,EAST DELHI,2020,193835,9985.7325,6049.625,0.6058
NCT OF DELHI,EAST DELHI,2021,242662,106959.9342,69979.5979,0.6543
NCT OF DELHI,EAST DELHI,2022,233782,121719.8154,81527.9648,0.6698
NCT OF DELHI,EAST DELHI,2023,251602,128355.8787,95999.6779,0.7479
NCT OF DELHI,EAST DELHI,2024,272584,156147.4416,105750.2823,0.6772
NCT OF DELHI,NEW DELHI,2019,4785067,1727209.112,1168440.01,0.6765
NCT OF DELHI,NEW DELHI,2020,3403265,1529571.612,1090274.144,0.7128
NCT OF DELHI,NEW DELHI,2021,2418030,1223568.237,805573.9023,0.6584
NCT OF DELHI,NEW DELHI,2022,2338719,1293832.818,854967.3937,0.6608
NCT OF DELHI,NEW DELHI,2023,3738009,1550764.644,1004131.239,0.6475
NCT OF DELHI,NEW DELHI,2024,3495751,1606155.115,1094043.827,0.6812
NCT OF DELHI,NORTH DELHI,2019,64019,7166.1802,5005.9616,0.6986
NCT OF DELHI,NORTH DELHI,2020,114885,10099.6741,6520.4699,0.6456
NCT OF DELHI,NORTH DELHI,2021,175769,19072.6269,12442.6048,0.6524
NCT OF DELHI,NORTH DELHI,2022,195527,22605.0361,14189.1661,0.6277
NCT OF DELHI,NORTH DELHI,2023,206556,30284.1329,17434.5203,0.5757
NCT OF DELHI,NORTH DELHI,2024,207800,39489.2743,25585.9223,0.6479
NCT OF DELHI,NORTH-EAST DELHI,2019,26277,730.1514,529.6697,0.7254
NCT OF DELHI,NORTH-EAST DELHI,2020,51547,3297.9304,897.9865,0.2723
NCT OF DELHI,NORTH-EAST DELHI,2021,81941,6532.6929,3550.6278,0.5435
NCT OF DELHI,NORTH-EAST DELHI,2022,93554,7289.2454,4024.515,0.5521
NCT OF DELHI,NORTH-EAST DELHI,2023,84420,7576.6529,4432.6093,0.585
NCT OF DELHI,NORTH-EAST DELHI,2024,97073,8221.9886,4646.1088,0.5651
NCT OF DELHI,NORTH-WEST DELHI,2019,127191,11860.0373,8040.0379,0.6779
NCT OF DELHI,NORTH-WEST DELHI,2020,209939,15935.6418,10130.7859,0.6357
NCT OF DELHI,NORTH-WEST DELHI,2021,225831,24844.8756,16496.0334,0.664
NCT OF DELHI,NORTH-WEST DELHI,2022,241195,26781.2226,17380.197,0.649
NCT OF DELHI,NORTH-WEST DELHI,2023,273202,33290.0272,21745.8567,0.6532
NCT OF DELHI,NORTH-WEST DELHI,2024,308057,43125.6831,27552.9318,0.6389
NCT OF DELHI,SHAHDARA,2019,31712,2313.0631,1621.6823,0.7011
NCT OF DELHI,SHAHDARA,2020,66524,3708.8966,2307.16,0.6221
NCT OF DELHI,SHAHDARA,2021,95063,7533.3658,5030.9631,0.6678
NCT OF DELHI,SHAHDARA,2022,106605,8340.5746,5363.3776,0.643
NCT OF DELHI,SHAHDARA,2023,124157,9832.4965,6478.8335,0.6589
NCT OF DELHI,SHAHDARA,2024,141885,12224.997,7856.8615,0.6427
NCT OF DELHI,SOUTH DELHI,2019,257193,47296.2933,32718.1385,0.6918
NCT OF DELHI,SOUTH DELHI,2020,451947,51442.2036,33490.229,0.651
NCT OF DELHI,SOUTH DELHI,2021,525367,63895.873,39736.7086,0.6219
NCT OF DELHI,SOUTH DELHI,2022,533203,70091.5721,42243.4632,0.6027
NCT OF DELHI,SOUTH DELHI,2023,523679,77851.0156,48094.5617,0.6178
NCT OF DELHI,SOUTH DELHI,2024,592182,97999.681,64888.4264,0.6621
NCT OF DELHI,SOUTH-EAST DELHI,2019,75707,59473.7259,34213.4085,0.5753
NCT OF DELHI,SOUTH-EAST DELHI,2020,243453,49742.645,34538.2015,0.6943
NCT OF DELHI,SOUTH-EAST DELHI,2021,284439,95677.9574,51103.294,0.5341
NCT OF DELHI,SOUTH-EAST DELHI,2022,299026,97777.0404,55451.4482,0.5671
NCT OF DELHI,SOUTH-EAST DELHI,2023,371767,128821.7459,74827.2721,0.5809
NCT OF DELHI,SOUTH-EAST DELHI,2024,426467,136437.663,77853.4514,0.5706
NCT OF DELHI,SOUTH-WEST DELHI,2019,109455,12523.7639,8717.8438,0.6961
NCT OF DELHI,SOUTH-WEST DELHI,2020,184093,15974.4721,8950.6224,0.5603
NCT OF DELHI,SOUTH-WEST DELHI,2021,291674,29616.8494,18441.3823,0.6227
NCT OF DELHI,SOUTH-WEST DELHI,2022,327594,36999.0322,23977.6957,0.6481
NCT OF DELHI,SOUTH-WEST DELHI,2023,391946,42035.4425,26467.9115,0.6297
NCT OF DELHI,SOUTH-WEST DELHI,2024,421883,45572.9358,27647.3839,0.6067
NCT OF DELHI,WEST DELHI,2019,142139,19715.911,13803.7853,0.7001
NCT OF DELHI,WEST DELHI,2020,287230,25032.0596,16865.3595,0.6738
NCT OF DELHI,WEST DELHI,2021,354649,35482.6805,23533.2158,0.6632
NCT OF DELHI,WEST DELHI,2022,355204,42324.6095,27338.815,0.6459
NCT OF DELHI,WEST DELHI,2023,346774,45127.6906,29214.465,0.6474
NCT OF DELHI,WEST DELHI,2024,397632,56539.7395,36914.5258,0.6529
ODISHA,ANGUL,2019,228912,4365.1499,3244.3331,0.7432
ODISHA,ANGUL,2020,208332,5106.4469,3564.9782,0.6981
ODISHA,ANGUL,2021,235952,5908.7985,4147.3288,0.7019
ODISHA,ANGUL,2022,234212,6719.2471,4807.0506,0.7154
ODISHA,ANUGUL,2023,245145,8106.8918,6013.0903,0.7417
ODISHA,ANUGUL,2024,264248,9845.2485,7405.6132,0.7522
ODISHA,BALANGIR,2019,179875,2687.8973,2049.2557,0.7624
ODISHA,BALANGIR,2020,213751,3048.5186,2335.6675,0.7662
ODISHA,BALANGIR,2021,243231,3532.0826,2704.5102,0.7657
ODISHA,BALANGIR,2022,251758,4218.1728,3221.2354,0.7637
ODISHA,BALANGIR,2023,298391,5358.8939,4113.5239,0.7676
ODISHA,BALANGIR,2024,339853,6981.164,5095.6128,0.7299
ODISHA,BALESHWAR,2019,337140,5799.7428,4795.0395,0.8268
ODISHA,BALESHWAR,2020,368745,6297.6742,4983.5508,0.7913
ODISHA,BALESHWAR,2021,443720,12040.8131,9140.4243,0.7591
ODISHA,BALESHWAR,2022,476133,14110.7994,10470.2912,0.742
ODISHA,BALESHWAR,2023,506944,10446.6206,7874.6819,0.7538
ODISHA,BALESHWAR,2024,525817,12842.0678,9390.6809,0.7312
ODISHA,BARGARH,2019,217400,2992.975,2416.453,0.8074
ODISHA,BARGARH,2020,196634,3213.2963,2488.3961,0.7744
ODISHA,BARGARH,2021,217011,3629.7503,2811.7542,0.7746
ODISHA,BARGARH,2022,233917,4354.3036,3336.0862,0.7662
ODISHA,BARGARH,2023,239214,5071.4233,3946.1529,0.7781
ODISHA,BARGARH,2024,265075,6475.8631,5074.0358,0.7835
ODISHA,BHADRAK,2019,347673,2905.0509,2268.9832,0.781
ODISHA,BHADRAK,2020,424729,3723.7549,2830.1808,0.76
ODISHA,BHADRAK,2021,484670,4256.5058,3235.4316,0.7601
ODISHA,BHADRAK,2022,446043,4836.2906,3574.9083,0.7392
ODISHA,BHADRAK,2023,464883,5579.251,4227.9332,0.7578
ODISHA,BHADRAK,2024,491110,6798.8261,5075.1396,0.7465
ODISHA,BOUDH,2019,52997,633.7653,517.2338,0.8161
ODISHA,BOUDH,2020,57142,768.1466,587.7614,0.7652
ODISHA,BOUDH,2021,62085,839.4507,658.2282,0.7841
ODISHA,BOUDH,2022,70138,975.7318,748.0449,0.7667
ODISHA,BOUDH,2023,75466,1156.0672,899.0203,0.7777
ODISHA,BOUDH,2024,81690,1384.0703,1083.1662,0.7826
ODISHA,CUTTACK,2019,579183,13874.1804,10386.2861,0.7486
ODISHA,CUTTACK,2020,530522,15391.3845,11378.3684,0.7393
ODISHA,CUTTACK,2021,634397,17491.3735,12838.6757,0.734
ODISHA,CUTTACK,2022,696741,20540.2646,14539.448,0.7079
ODISHA,CUTTACK,2023,789426,26409.5722,17304.9097,0.6553
ODISHA,CUTTACK,2024,897621,30864.9876,20390.6817,0.6606
ODISHA,DEOGARH,2019,27754,389.8979,301.882,0.7743
ODISHA,DEOGARH,2020,29289,455.8595,344.3077,0.7553
ODISHA,DEOGARH,2021,32390,549.1161,410.6344,0.7478
ODISHA,DEOGARH,2022,32640,611.8887,450.4318,0.7361
ODISHA,DEOGARH,2023,35655,749.8748,536.1957,0.715
ODISHA,DEOGARH,2024,37119,906.985,652.9645,0.7199
ODISHA,DHENKANAL,2019,164846,3744.1899,2199.5597,0.5875
ODISHA,DHENKANAL,2020,174688,3654.0175,2043.6645,0.5593
ODISHA,DHENKANAL,2021,204053,4131.7391,2386.9586,0.5777
ODISHA,DHENKANAL,2022,221047,4781.244,2831.605,0.5922
ODISHA,DHENKANAL,2023,234418,5405.3635,3248.9903,0.6011
ODISHA,DHENKANAL,2024,250215,6661.7775,4051.9057,0.6082
ODISHA,GAJAPATI,2019,48758,588.7029,471.6962,0.8012
ODISHA,GAJAPATI,2020,51503,677.0712,542.9552,0.8019
ODISHA,GAJAPATI,2021,57222,819.7877,650.5101,0.7935
ODISHA,GAJAPATI,2022,58162,966.6416,753.8115,0.7798
ODISHA,GAJAPATI,2023,61519,1186.5654,913.7252,0.7701
ODISHA,GAJAPATI,2024,66457,1450.2332,1129.7389,0.779
ODISHA,GANJAM,2019,406714,7666.254,6179.1585,0.806
ODISHA,GANJAM,2020,461293,8938.8152,7010.9066,0.7843
ODISHA,GANJAM,2021,545776,10607.1226,8296.0218,0.7821
ODISHA,GANJAM,2022,586251,12778.4948,9739.1717,0.7622
ODISHA,GANJAM,2023,667471,15741.6247,12328.9211,0.7832
ODISHA,GANJAM,2024,738876,19904.5544,15504.3111,0.7789
ODISHA,JAGATSINGHPUR,2019,144353,2752.961,2155.268,0.7829
ODISHA,JAGATSINGHPUR,2020,168459,3107.3846,2317.6611,0.7459
ODISHA,JAGATSINGHPUR,2021,195835,3200.8722,2391.8294,0.7472
ODISHA,JAGATSINGHPUR,2022,217531,4167.1084,2947.5623,0.7073
ODISHA,JAGATSINGHPUR,2023,230650,4518.5281,3131.9319,0.6931
ODISHA,JAGATSINGHPUR,2024,300853,6557.3754,4942.4135,0.7537
ODISHA,JAJPUR,2019,491831,10668.5858,7217.2541,0.6765
ODISHA,JAJPUR,2020,1012129,12649.8859,8241.8268,0.6515
ODISHA,JAJPUR,2021,1077291,9703.4441,6636.8751,0.684
ODISHA,JAJPUR,2022,1155529,10209.4365,7366.1671,0.7215
ODISHA,JAJPUR,2023,1158806,11266.7491,7977.394,0.708
ODISHA,JAJPUR,2024,1196299,13422.1455,9282.3022,0.6916
ODISHA,JHARSUGUDA,2019,107030,3413.637,2557.2458,0.7491
ODISHA,JHARSUGUDA,2020,93918,3628.0271,2540.7497,0.7003
ODISHA,JHARSUGUDA,2021,108973,4080.6557,2749.1469,0.6737
ODISHA,JHARSUGUDA,2022,112005,4530.0511,3110.234,0.6866
ODISHA,JHARSUGUDA,2023,120174,5727.3147,3792.3457,0.6622
ODISHA,JHARSUGUDA,2024,121477,6759.2276,4553.8312,0.6737
ODISHA,KALAHANDI,2019,165727,2274.853,1860.5935,0.8179
ODISHA,KALAHANDI,2020,175342,2383.3597,1865.3031,0.7826
ODISHA,KALAHANDI,2021,188146,2703.8008,2123.6287,0.7854
ODISHA,KALAHANDI,2022,198708,3193.2681,2498.7268,0.7825
ODISHA,KALAHANDI,2023,221575,4037.1903,3118.3115,0.7724
ODISHA,KALAHANDI,2024,246276,4915.8889,3771.0506,0.7671
ODISHA,KANDHAMAL,2019,69679,798.737,653.0835,0.8176
ODISHA,KANDHAMAL,2020,70667,900.8383,720.387,0.7997
ODISHA,KANDHAMAL,2021,78183,1072.8006,849.7399,0.7921
ODISHA,KANDHAMAL,2022,91676,1458.3102,1152.7822,0.7905
ODISHA,KANDHAMAL,2023,86999,1531.2798,1188.2637,0.776
ODISHA,KANDHAMAL,2024,96063,1841.1418,1422.852,0.7728
ODISHA,KENDRAPARA,2019,129857,1595.285,1257.0915,0.788
ODISHA,KENDRAPARA,2020,137451,1812.2469,1371.815,0.757
ODISHA,KENDRAPARA,2021,149895,2155.5269,1636.8954,0.7594
ODISHA,KENDRAPARA,2022,174088,2788.2248,2075.7682,0.7445
ODISHA,KENDRAPARA,2023,181153,3285.3504,2422.3023,0.7373
ODISHA,KENDRAPARA,2024,192746,4032.8639,3010.2236,0.7464
ODISHA,KEONJHAR,2019,344510,5364.101,3830.5475,0.7141
ODISHA,KEONJHAR,2020,558801,7899.2271,5266.153,0.6667
ODISHA,KEONJHAR,2021,575148,8343.8639,5470.5354,0.6556
ODISHA,KEONJHAR,2022,641405,9516.6156,5915.6477,0.6216
ODISHA,KEONJHAR,2023,635880,10523.3226,6395.6685,0.6078
ODISHA,KEONJHAR,2024,641207,11463.2987,7017.765,0.6122
ODISHA,KHURDA,2019,1048629,73704.1691,49144.6684,0.6668
ODISHA,KHURDA,2020,1219109,79627.4944,54622.9949,0.686
ODISHA,KHURDA,2021,1290447,83565.4332,54980.2365,0.6579
ODISHA,KHURDA,2022,1294644,105963.8255,66516.3516,0.6277
ODISHA,KHURDA,2023,1444933,126607.5829,82733.4234,0.6535
ODISHA,KHURDA,2024,1753368,150998.5368,104317.4794,0.6909
ODISHA,KORAPUT,2019,161534,2608.3072,2052.4918,0.7869
ODISHA,KORAPUT,2020,165199,2994.5807,2265.3732,0.7565
ODISHA,KORAPUT,2021,172474,3390.583,2586.1586,0.7627
ODISHA,KORAPUT,2022,179641,4048.3078,3071.1421,0.7586
ODISHA,KORAPUT,2023,192425,4934.5563,3667.1109,0.7431
ODISHA,KORAPUT,2024,226070,5991.1648,4506.7213,0.7522
ODISHA,MALKANGIRI,2019,33755,455.5499,371.8838,0.8163
ODISHA,MALKANGIRI,2020,35636,582.0693,451.4189,0.7755
ODISHA,MALKANGIRI,2021,38652,698.9656,550.9832,0.7883
ODISHA,MALKANGIRI,2022,49021,1044.3673,810.1067,0.7757
ODISHA,MALKANGIRI,2023,45225,1243.8416,943.4353,0.7585
ODISHA,MALKANGIRI,2024,57255,1528.7758,1191.6702,0.7795
ODISHA,MAYURBHANJ,2019,332615,3900.0619,3020.0174,0.7744
ODISHA,MAYURBHANJ,2020,357912,4358.801,3261.6883,0.7483
ODISHA,MAYURBHANJ,2021,388613,4967.6323,3775.8719,0.7601
ODISHA,MAYURBHANJ,2022,387845,5811.2839,4382.9226,0.7542
ODISHA,MAYURBHANJ,2023,395727,6950.9191,5238.5908,0.7537
ODISHA,MAYURBHANJ,2024,399684,8145.6962,6059.1251,0.7438
ODISHA,NAWAPARA,2019,49540,676.1494,543.8199,0.8043
ODISHA,NAWAPARA,2020,56637,799.4308,626.9651,0.7843
ODISHA,NAWAPARA,2021,63066,924.8491,725.2383,0.7842
ODISHA,NAWAPARA,2022,62706,1101.6896,839.8299,0.7623
ODISHA,NAWAPARA,2023,67532,1397.5536,1069.8762,0.7655
ODISHA,NAWAPARA,2024,77650,1777.549,1363.016,0.7668
ODISHA,NAWRANGPUR,2019,102774,967.5443,809.2995,0.8364
ODISHA,NAWRANGPUR,2020,101386,1088.6316,864.3355,0.794
ODISHA,NAWRANGPUR,2021,101512,1217.6692,967.0435,0.7942
ODISHA,NAWRANGPUR,2022,102249,1439.6413,1121.3017,0.7789
ODISHA,NAWRANGPUR,2023,105434,1832.4526,1382.0496,0.7542
ODISHA,NAWRANGPUR,2024,124030,2254.2845,1747.8506,0.7753
ODISHA,NAYAGARH,2019,149282,1634.0336,1325.5415,0.8112
ODISHA,NAYAGARH,2020,166121,1895.5134,1498.4658,0.7905
ODISHA,NAYAGARH,2021,199814,2323.8138,1867.342,0.8036
ODISHA,NAYAGARH,2022,215009,2756.3474,2192.8316,0.7956
ODISHA,NAYAGARH,2023,243011,3437.0414,2732.4066,0.795
ODISHA,NAYAGARH,2024,266714,4205.6886,3271.8975,0.778
ODISHA,PURI,2019,361820,3476.6129,2702.0357,0.7772
ODISHA,PURI,2020,307442,3747.5626,2864.9562,0.7645
ODISHA,PURI,2021,366769,4621.9285,3612.611,0.7816
ODISHA,PURI,2022,372421,5588.6372,4342.9682,0.7771
ODISHA,PURI,2023,400469,6489.4929,4966.2173,0.7653
ODISHA,PURI,2024,423174,7852.3856,5943.9286,0.757
ODISHA,RAYAGADA,2019,93947,1695.0628,1268.4584,0.7483
ODISHA,RAYAGADA,2020,101001,1821.3696,1407.8295,0.773
ODISHA,RAYAGADA,2021,112401,2142.234,1655.8548,0.773
ODISHA,RAYAGADA,2022,116397,2608.2314,1873.9946,0.7185
ODISHA,RAYAGADA,2023,123262,3195.1891,2248.124,0.7036
ODISHA,RAYAGADA,2024,140858,3869.973,2651.0287,0.685
ODISHA,SAMBALPUR,2019,206805,5460.4981,4183.7748,0.7662
ODISHA,SAMBALPUR,2020,188586,8277.0019,6311.3835,0.7625
ODISHA,SAMBALPUR,2021,215258,7970.8449,5567.9072,0.6985
ODISHA,SAMBALPUR,2022,225389,9462.6248,6407.4533,0.6771
ODISHA,SAMBALPUR,2023,250801,11249.8091,8203.2544,0.7292
ODISHA,SAMBALPUR,2024,302033,14882.0135,10473.3423,0.7038
ODISHA,SONEPUR,2019,99747,986.0117,818.1689,0.8298
ODISHA,SONEPUR,2020,85276,1034.1523,828.4101,0.8011
ODISHA,SONEPUR,2021,100865,1186.4004,952.8743,0.8032
ODISHA,SONEPUR,2022,105804,1374.496,1087.3858,0.7911
ODISHA,SONEPUR,2023,107128,1643.2758,1308.2985,0.7962
ODISHA,SONEPUR,2024,112446,2027.1907,1600.291,0.7894
ODISHA,SUNDARGARH,2019,441409,10482.1618,7044.8424,0.6721
ODISHA,SUNDARGARH,2020,791370,12705.3696,8440.0732,0.6643
ODISHA,SUNDARGARH,2021,846129,13956.2465,9572.7184,0.6859
ODISHA,SUNDARGARH,2022,961709,16866.4069,11219.9598,0.6652
ODISHA,SUNDARGARH,2023,872688,19280.7294,12384.8006,0.6423
ODISHA,SUNDARGARH,2024,850840,22092.4749,14478.3864,0.6554
PUDUCHERRY,KARAIKAL,2019,121608,1835.612,1519.2792,0.8277
PUDUCHERRY,KARAIKAL,2020,129965,1925.4772,1558.7132,0.8095
PUDUCHERRY,KARAIKAL,2021,131679,2218.8141,1818.9073,0.8198
PUDUCHERRY,KARAIKAL,2022,138571,2429.1093,2005.4396,0.8256
PUDUCHERRY,KARAIKAL,2023,141497,2762.2941,2297.7398,0.8318
PUDUCHERRY,KARAIKAL,2024,145217,3261.7965,2735.555,0.8387
PUDUCHERRY,MAHE,2019,17072,329.9064,292.9699,0.888
PUDUCHERRY,MAHE,2020,20977,534.2964,448.6394,0.8397
PUDUCHERRY,MAHE,2021,27241,586.5754,492.4728,0.8396
PUDUCHERRY,MAHE,2022,26578,633.7434,523.825,0.8266
PUDUCHERRY,MAHE,2023,25394,707.946,581.3236,0.8211
PUDUCHERRY,MAHE,2024,23657,817.8075,675.3664,0.8258
PUDUCHERRY,PUDUCHERRY,2019,480976,12946.0494,10261.7655,0.7927
PUDUCHERRY,PUDUCHERRY,2020,594336,14248.4849,10996.6402,0.7718
PUDUCHERRY,PUDUCHERRY,2021,619914,15927.2057,12196.8357,0.7658
PUDUCHERRY,PUDUCHERRY,2022,614993,17250.3039,13204.7753,0.7655
PUDUCHERRY,PUDUCHERRY,2023,638970,19632.8473,14929.6357,0.7604
PUDUCHERRY,PUDUCHERRY,2024,668135,23728.1508,17921.8965,0.7553
PUDUCHERRY,YANAM,2019,13224,330.1071,289.3741,0.8766
PUDUCHERRY,YANAM,2020,14043,370.6331,318.0433,0.8581
PUDUCHERRY,YANAM,2021,15031,432.3943,376.7425,0.8713
PUDUCHERRY,YANAM,2022,16406,478.791,421.885,0.8811
PUDUCHERRY,YANAM,2023,18725,579.7144,506.0322,0.8729
PUDUCHERRY,YANAM,2024,19890,644.8342,569.4467,0.8831
PUNJAB,AMRITSAR,2019,462474,25895.1201,18928.4313,0.731
PUNJAB,AMRITSAR,2020,552406,26509.2191,18476.5156,0.697
PUNJAB,AMRITSAR,2021,616580,30018.3131,20475.5336,0.6821
PUNJAB,AMRITSAR,2022,691875,35404.1516,23697.8283,0.6694
PUNJAB,AMRITSAR,2023,748158,40003.856,27085.1349,0.6771
PUNJAB,AMRITSAR,2024,807026,47364.3565,31383.9578,0.6626
PUNJAB,BARNALA,2019,98108,2919.3465,2197.3886,0.7527
PUNJAB,BARNALA,2020,130374,4160.2167,3055.868,0.7345
PUNJAB,BARNALA,2021,137292,4588.8283,3394.7459,0.7398
PUNJAB,BARNALA,2022,142182,4954.2281,3734.5697,0.7538
PUNJAB,BARNALA,2023,152721,5539.4182,4146.8739,0.7486
PUNJAB,BARNALA,2024,172972,8097.6564,6297.823,0.7777
PUNJAB,BATHINDA,2019,295017,13300.6043,10198.4057,0.7668
PUNJAB,BATHINDA,2020,390143,15148.8858,11313.0778,0.7468
PUNJAB,BATHINDA,2021,417595,17391.5389,12934.7932,0.7437
PUNJAB,BATHINDA,2022,415379,18885.9923,14274.1553,0.7558
PUNJAB,BATHINDA,2023,452656,22569.6661,16773.3153,0.7432
PUNJAB,BATHINDA,2024,494539,27578.5644,20529.3169,0.7444
PUNJAB,FARIDKOT,2019,110071,5515.3884,4356.1678,0.7898
PUNJAB,FARIDKOT,2020,159951,5662.1694,4267.0197,0.7536
PUNJAB,FARIDKOT,2021,174761,6007.1754,4542.857,0.7562
PUNJAB,FARIDKOT,2022,177401,6549.1389,4962.1423,0.7577
PUNJAB,FARIDKOT,2023,190629,7300.0713,5427.4657,0.7435
PUNJAB,FARIDKOT,2024,196952,8001.5016,5997.9517,0.7496
PUNJAB,FATEHGARH SAHIB,2019,91187,5783.1292,4125.773,0.7134
PUNJAB,FATEHGARH SAHIB,2020,125224,6261.5819,4388.4135,0.7008
PUNJAB,FATEHGARH SAHIB,2021,142643,7178.4169,4828.1671,0.6726
PUNJAB,FATEHGARH SAHIB,2022,145910,8780.3257,5993.7398,0.6826
PUNJAB,FATEHGARH SAHIB,2023,151757,10845.0111,7228.3981,0.6665
PUNJAB,FATEHGARH SAHIB,2024,166540,14743.0933,10301.1354,0.6987
PUNJAB,FAZILKA,2019,123942,6140.8849,4732.9105,0.7707
PUNJAB,FAZILKA,2020,161397,7931.8166,5990.8388,0.7553
PUNJAB,FAZILKA,2021,200556,8744.389,6698.2507,0.766
PUNJAB,FAZILKA,2022,215347,9557.5694,7236.3418,0.7571
PUNJAB,FAZILKA,2023,241785,10528.136,7834.6865,0.7442
PUNJAB,FAZILKA,2024,278537,12291.2617,9104.8548,0.7408
PUNJAB,FEROZPUR,2019,221421,10304.5512,8059.2492,0.7821
PUNJAB,FEROZPUR,2020,225332,9543.4487,7303.4,0.7653
PUNJAB,FEROZPUR,2021,218792,9779.2954,7554.4692,0.7725
PUNJAB,FEROZPUR,2022,230317,10501.2165,8191.3384,0.78
PUNJAB,FEROZPUR,2023,251360,11612.5021,8723.1653,0.7512
PUNJAB,FEROZPUR,2024,265798,12409.4739,9553.4043,0.7698
PUNJAB,GURDASPUR,2019,236997,11590.4925,8853.4166,0.7639
PUNJAB,GURDASPUR,2020,241482,10963.0064,8021.5966,0.7317
PUNJAB,GURDASPUR,2021,267703,11179.6809,8297.8309,0.7422
PUNJAB,GURDASPUR,2022,304335,12128.8057,8807.0395,0.7261
PUNJAB,GURDASPUR,2023,323183,13123.6022,9541.7121,0.7271
PUNJAB,GURDASPUR,2024,342935,13836.3895,9655.9885,0.6979
PUNJAB,HOSHIARPUR,2019,224044,13264.9682,9012.4162,0.6794
PUNJAB,HOSHIARPUR,2020,242196,12816.0335,8696.3708,0.6786
PUNJAB,HOSHIARPUR,2021,269095,11186.8905,8067.9987,0.7212
PUNJAB,HOSHIARPUR,2022,287007,12875.9776,8953.23,0.6953
PUNJAB,HOSHIARPUR,2023,307462,14500.792,10041.3014,0.6925
PUNJAB,HOSHIARPUR,2024,334445,15719.1238,11274.2136,0.7172
PUNJAB,JALANDHAR,2019,495779,27503.7458,19549.1975,0.7108
PUNJAB,JALANDHAR,2020,581721,30240.0399,20643.8793,0.6827
PUNJAB,JALANDHAR,2021,628743,31976.0568,21549.629,0.6739
PUNJAB,JALANDHAR,2022,649866,35272.4301,23762.7058,0.6737
PUNJAB,JALANDHAR,2023,688390,40324.2563,26666.0407,0.6613
PUNJAB,JALANDHAR,2024,741560,49790.7956,33838.4715,0.6796
PUNJAB,KAPURTHALA,2019,145570,6958.6067,5159.564,0.7415
PUNJAB,KAPURTHALA,2020,170684,7979.9858,5349.0411,0.6703
PUNJAB,KAPURTHALA,2021,382905,11035.6731,6003.2725,0.544
PUNJAB,KAPURTHALA,2022,278073,9991.6164,6510.0649,0.6516
PUNJAB,KAPURTHALA,2023,297178,11441.4359,7289.0358,0.6371
PUNJAB,KAPURTHALA,2024,301219,12589.2944,7898.6544,0.6274
PUNJAB,LUDHIANA,2019,914204,122322.6661,64890.1338,0.5305
PUNJAB,LUDHIANA,2020,1073831,128068.4715,65068.1722,0.5081
PUNJAB,LUDHIANA,2021,1162879,134301.3009,67614.7368,0.5035
PUNJAB,LUDHIANA,2022,1177408,160854.8509,77386.0512,0.4811
PUNJAB,LUDHIANA,2023,1261013,178527.1228,80571.9669,0.4513
PUNJAB,LUDHIANA,2024,1410746,223581.417,92768.2437,0.4149
PUNJAB,MALERKOTLA,2022,73108,2862.8798,2093.721,0.7313
PUNJAB,MALERKOTLA,2023,72380,3118.6007,2211.1555,0.709
PUNJAB,MALERKOTLA,2024,82654,3930.9334,2866.3265,0.7292
PUNJAB,MANSA,2019,128781,5337.24,4390.6351,0.8226
PUNJAB,MANSA,2020,153474,5349.9037,4230.049,0.7907
PUNJAB,MANSA,2021,164566,5690.2383,4534.7832,0.7969
PUNJAB,MANSA,2022,162799,6171.0061,4898.011,0.7937
PUNJAB,MANSA,2023,185223,7380.9412,5814.7548,0.7878
PUNJAB,MANSA,2024,206208,7537.9976,5862.8842,0.7778
PUNJAB,MOGA,2019,161384,6653.339,5225.0848,0.7853
PUNJAB,MOGA,2020,195711,7172.6604,5336.7903,0.744
PUNJAB,MOGA,2021,209652,7468.4792,5611.7948,0.7514
PUNJAB,MOGA,2022,217539,8214.6317,6067.7812,0.7387
PUNJAB,MOGA,2023,228015,9413.2307,6836.8725,0.7263
PUNJAB,MOGA,2024,239726,10858.4208,7716.0816,0.7106
PUNJAB,MUKTSAR,2019,160265,7172.743,5566.3947,0.776
PUNJAB,MUKTSAR,2020,203902,7511.2249,5649.6202,0.7522
PUNJAB,MUKTSAR,2021,220953,7811.8505,5865.7766,0.7509
PUNJAB,MUKTSAR,2022,233155,8451.314,6437.0867,0.7617
PUNJAB,MUKTSAR,2023,255653,9518.4648,7176.5214,0.754
PUNJAB,MUKTSAR,2024,273655,10697.4126,8086.0769,0.7559
PUNJAB,PATHANKOT,2019,58912,2614.688,1920.1782,0.7344
PUNJAB,PATHANKOT,2020,91282,4202.6504,2891.3849,0.688
PUNJAB,PATHANKOT,2021,102466,4671.7742,3295.197,0.7053
PUNJAB,PATHANKOT,2022,110990,5219.4839,3625.0168,0.6945
PUNJAB,PATHANKOT,2023,121198,5993.0557,4169.5983,0.6957
PUNJAB,PATHANKOT,2024,139607,7279.7592,5107.2899,0.7016
PUNJAB,PATIALA,2019,412188,24493.5562,17702.1009,0.7227
PUNJAB,PATIALA,2020,448549,24776.668,17179.4651,0.6934
PUNJAB,PATIALA,2021,508564,27386.4149,19669.539,0.7182
PUNJAB,PATIALA,2022,532364,32275.4046,23139.283,0.7169
PUNJAB,PATIALA,2023,570354,35915.7544,25330.609,0.7053
PUNJAB,PATIALA,2024,626865,42478.0811,29742.3816,0.7002
PUNJAB,RUPNAGAR,2019,141801,101277.4555,13939.272,0.1376
PUNJAB,RUPNAGAR,2020,135233,5903.1484,4121.9692,0.6983
PUNJAB,RUPNAGAR,2021,144152,6019.9244,4141.2976,0.6879
PUNJAB,RUPNAGAR,2022,153670,6483.0983,4585.979,0.7074
PUNJAB,RUPNAGAR,2023,163466,7204.7077,5051.0623,0.7011
PUNJAB,RUPNAGAR,2024,174816,7832.83,5473.6913,0.6988
PUNJAB,SAHIBZADA AJIT SINGH NAGAR,2019,241754,16955.6385,11749.3798,0.6929
PUNJAB,SAHIBZADA AJIT SINGH NAGAR,2020,307261,131300.5767,26027.4151,0.1982
PUNJAB,SAHIBZADA AJIT SINGH NAGAR,2021,361134,150136.0847,29060.1087,0.1936
PUNJAB,SAHIBZADA AJIT SINGH NAGAR,2022,392503,180881.273,27159.553,0.1502
PUNJAB,SAHIBZADA AJIT SINGH NAGAR,2023,430167,163479.059,28029.2347,0.1715
PUNJAB,SAHIBZADA AJIT SINGH NAGAR,2024,534741,156881.9699,40759.2876,0.2598
PUNJAB,SANGRUR,2019,285355,12001.5471,9232.3164,0.7693
PUNJAB,SANGRUR,2020,339980,11905.5168,8873.1169,0.7453
PUNJAB,SANGRUR,2021,364705,15194.8347,11648.4298,0.7666
PUNJAB,SANGRUR,2022,305019,11659.2481,8597.4515,0.7374
PUNJAB,SANGRUR,2023,335484,13614.8462,9944.5037,0.7304
PUNJAB,SANGRUR,2024,354385,16898.8631,12525.3943,0.7412
PUNJAB,SHAHID BHAGAT SINGH NAGAR,2019,82735,3372.8611,2577.962,0.7643
PUNJAB,SHAHID BHAGAT SINGH NAGAR,2020,93218,3606.2054,2627.1429,0.7285
PUNJAB,SHAHID BHAGAT SINGH NAGAR,2021,104661,3929.7996,2835.1538,0.7214
PUNJAB,SHAHID BHAGAT SINGH NAGAR,2022,112604,4184.8642,2966.4792,0.7089
PUNJAB,SHAHID BHAGAT SINGH NAGAR,2023,119430,4648.9245,3323.241,0.7148
PUNJAB,SHAHID BHAGAT SINGH NAGAR,2024,127439,4903.3209,3542.482,0.7225
PUNJAB,TARN TARAN,2019,118595,4832.1588,3844.2049,0.7955
PUNJAB,TARN TARAN,2020,168873,5931.9606,4546.1649,0.7664
PUNJAB,TARN TARAN,2021,187758,6341.3417,4908.1318,0.774
PUNJAB,TARN TARAN,2022,228370,6876.1246,5251.1825,0.7637
PUNJAB,TARN TARAN,2023,234315,7743.7497,5605.9892,0.7239
PUNJAB,TARN TARAN,2024,244878,8197.7171,5894.439,0.719
RAJASTHAN,AJMER,2019,462012,18550.6057,13290.105,0.7164
RAJASTHAN,AJMER,2020,502977,20735.9332,14449.1796,0.6968
RAJASTHAN,AJMER,2021,600436,23829.6358,16624.8583,0.6977
RAJASTHAN,AJMER,2022,650851,26849.0926,19343.3463,0.7204
RAJASTHAN,AJMER,2023,711341,31566.3403,22834.0761,0.7234
RAJASTHAN,AJMER,2024,552513,29921.8489,21078.6592,0.7045
RAJASTHAN,ALWAR,2019,546339,19448.7948,14620.1201,0.7517
RAJASTHAN,ALWAR,2020,696414,31705.3131,16003.9085,0.5048
RAJASTHAN,ALWAR,2021,781372,24582.6301,18098.4858,0.7362
RAJASTHAN,ALWAR,2022,849184,28440.0755,20933.2286,0.736
RAJASTHAN,ALWAR,2023,895057,33379.9335,24115.9235,0.7225
RAJASTHAN,ALWAR,2024,431463,20670.7339,14559.8042,0.7044
RAJASTHAN,ANUPGARH,2024,155241,7464.5644,5879.1223,0.7876
RAJASTHAN,BALOTRA,2024,92175,5534.0217,4316.5654,0.78
RAJASTHAN,BANSWARA,2019,143511,4058.2873,3005.5485,0.7406
RAJASTHAN,BANSWARA,2020,234572,4731.2554,3378.3869,0.7141
RAJASTHAN,BANSWARA,2021,241980,5327.847,3778.2353,0.7091
RAJASTHAN,BANSWARA,2022,258876,5956.0198,4332.609,0.7274
RAJASTHAN,BANSWARA,2023,237127,6566.6497,4983.2968,0.7589
RAJASTHAN,BANSWARA,2024,245132,7765.2951,5748.305,0.7403
RAJASTHAN,BARAN,2019,162035,3967.4942,3279.9794,0.8267
RAJASTHAN,BARAN,2020,169609,4431.6912,3520.3183,0.7944
RAJASTHAN,BARAN,2021,185980,4936.6918,3844.9321,0.7788
RAJASTHAN,BARAN,2022,185226,5460.6181,4274.3099,0.7828
RAJASTHAN,BARAN,2023,206154,6295.8127,4898.4178,0.778
RAJASTHAN,BARAN,2024,222335,7336.9459,5603.5435,0.7637
RAJASTHAN,BARMER,2019,168775,6556.022,5222.1429,0.7965
RAJASTHAN,BARMER,2020,178116,7064.6068,5650.1403,0.7998
RAJASTHAN,BARMER,2021,186938,8097.0462,6384.2123,0.7885
RAJASTHAN,BARMER,2022,209401,9652.2115,7389.5411,0.7656
RAJASTHAN,BARMER,2023,229248,11391.2059,8763.9969,0.7694
RAJASTHAN,BARMER,2024,164503,7930.6621,5882.7776,0.7418
RAJASTHAN,BEAWAR,2024,196599,7514.9583,5245.8256,0.6981
RAJASTHAN,BHARATPUR,2019,231182,6913.0867,5712.2046,0.8263
RAJASTHAN,BHARATPUR,2020,238728,7382.5737,5884.1541,0.797
RAJASTHAN,BHARATPUR,2021,247699,8132.9791,6484.9294,0.7974
RAJASTHAN,BHARATPUR,2022,265664,9374.4014,7387.9869,0.7881
RAJASTHAN,BHARATPUR,2023,281497,10683.792,8388.6327,0.7852
RAJASTHAN,BHARATPUR,2024,217634,9775.864,7199.0124,0.7364
RAJASTHAN,BHILWARA,2019,361536,19807.6123,14226.9878,0.7183
RAJASTHAN,BHILWARA,2020,444646,20895.5595,15225.2558,0.7286
RAJASTHAN,BHILWARA,2021,479774,22287.4122,15971.3283,0.7166
RAJASTHAN,BHILWARA,2022,518413,25353.2736,17742.3599,0.6998
RAJASTHAN,BHILWARA,2023,538601,32080.4858,21985.1896,0.6853
RAJASTHAN,BHILWARA,2024,459930,40633.9615,24868.5779,0.612
RAJASTHAN,BIKANER,2019,314349,14757.8326,11551.7512,0.7828
RAJASTHAN,BIKANER,2020,350235,16228.2738,12344.3809,0.7607
RAJASTHAN,BIKANER,2021,376836,18291.768,13974.7652,0.764
RAJASTHAN,BIKANER,2022,421972,21348.8435,16083.5437,0.7534
RAJASTHAN,BIKANER,2023,445073,24960.376,18704.8252,0.7494
RAJASTHAN,BIKANER,2024,460727,29219.8795,21838.7499,0.7474
RAJASTHAN,BUNDI,2019,171156,4541.1136,3551.0859,0.782
RAJASTHAN,BUNDI,2020,189306,4903.1142,3829.586,0.7811
RAJASTHAN,BUNDI,2021,214561,5457.1314,4207.5159,0.771
RAJASTHAN,BUNDI,2022,251456,6096.6971,4791.5556,0.7859
RAJASTHAN,BUNDI,2023,279012,6983.6973,5482.8662,0.7851
RAJASTHAN,BUNDI,2024,306297,8242.2053,6287.4319,0.7628
RAJASTHAN,CHITTAURGARH,2019,214890,6945.8702,5241.9932,0.7547
RAJASTHAN,CHITTAURGARH,2020,267225,7833.2501,5814.1695,0.7422
RAJASTHAN,CHITTAURGARH,2021,319327,9143.6431,6660.3742,0.7284
RAJASTHAN,CHITTAURGARH,2022,355034,10276.3698,7497.6194,0.7296
RAJASTHAN,CHITTAURGARH,2023,359787,11719.1185,8647.0813,0.7379
RAJASTHAN,CHITTAURGARH,2024,384840,13869.928,10225.6367,0.7373
RAJASTHAN,CHURU,2019,234659,6533.0954,5224.0473,0.7996
RAJASTHAN,CHURU,2020,249805,7264.4409,5691.9217,0.7835
RAJASTHAN,CHURU,2021,280576,8250.9486,6348.3825,0.7694
RAJASTHAN,CHURU,2022,330596,9725.4732,7686.3663,0.7903
RAJASTHAN,CHURU,2023,360113,11194.157,9016.9437,0.8055
RAJASTHAN,CHURU,2024,395954,13739.3384,10968.6352,0.7983
RAJASTHAN,DAUSA,2019,142134,3787.2948,3108.6747,0.8208
RAJASTHAN,DAUSA,2020,150638,4161.2962,3339.2412,0.8025
RAJASTHAN,DAUSA,2021,167958,4947.0658,3962.7057,0.801
RAJASTHAN,DAUSA,2022,181954,5719.343,4508.075,0.7882
RAJASTHAN,DAUSA,2023,200283,6660.4398,5256.2199,0.7892
RAJASTHAN,DAUSA,2024,225021,7815.7401,6038.4316,0.7726
RAJASTHAN,DEEG,2024,98267,2818.7035,2407.5395,0.8541
RAJASTHAN,DHOLPUR,2019,68226,1815.796,1563.8767,0.8613
RAJASTHAN,DHOLPUR,2020,69014,1946.2128,1587.9881,0.8159
RAJASTHAN,DHOLPUR,2021,71623,2200.1881,1770.9412,0.8049
RAJASTHAN,DHOLPUR,2022,76832,2528.9471,2011.3118,0.7953
RAJASTHAN,DHOLPUR,2023,81615,2959.4897,2326.6433,0.7862
RAJASTHAN,DHOLPUR,2024,91095,3587.9758,2762.3807,0.7699
RAJASTHAN,DIDWANA-KUCHAMAN,2024,216379,6774.0122,5382.1972,0.7945
RAJASTHAN,DUDU,2024,111719,3770.6985,2912.7495,0.7725
RAJASTHAN,DUNGARPUR,2019,83763,2230.7483,1646.7401,0.7382
RAJASTHAN,DUNGARPUR,2020,205944,2990.8582,2136.6931,0.7144
RAJASTHAN,DUNGARPUR,2021,211583,3524.7788,2530.1764,0.7178
RAJASTHAN,DUNGARPUR,2022,214267,4043.2803,2894.3067,0.7158
RAJASTHAN,DUNGARPUR,2023,209066,4681.1752,3345.1855,0.7146
RAJASTHAN,DUNGARPUR,2024,211778,5452.4833,3924.1375,0.7197
RAJASTHAN,GANGANAGAR,2019,380556,17077.1227,13341.4809,0.7812
RAJASTHAN,GANGANAGAR,2020,441427,17842.5405,13420.671,0.7522
RAJASTHAN,GANGANAGAR,2021,463872,19097.9372,14498.2252,0.7592
RAJASTHAN,GANGANAGAR,2022,483261,22215.5746,16625.2669,0.7484
RAJASTHAN,GANGANAGAR,2023,513880,25379.0049,18878.5526,0.7439
RAJASTHAN,GANGANAGAR,2024,440886,23632.9138,17399.0165,0.7362
RAJASTHAN,GANGAPURCITY,2024,101704,3555.2667,2841.5598,0.7993
RAJASTHAN,HANUMANGARH,2019,285445,12097.5136,9679.0208,0.8001
RAJASTHAN,HANUMANGARH,2020,359697,12927.2154,10079.9124,0.7797
RAJASTHAN,HANUMANGARH,2021,401169,14210.3976,10990.9757,0.7734
RAJASTHAN,HANUMANGARH,2022,417819,16124.2258,12349.343,0.7659
RAJASTHAN,HANUMANGARH,2023,443446,18419.9813,14328.8941,0.7779
RAJASTHAN,HANUMANGARH,2024,471216,21510.8876,16490.5702,0.7666
RAJASTHAN,JAIPUR,2019,1474806,155771.4156,111765.3083,0.7175
RAJASTHAN,JAIPUR,2020,2167733,179176.1226,121574.7318,0.6785
RAJASTHAN,JAIPUR,2021,2439542,199890.2776,129295.3184,0.6468
RAJASTHAN,JAIPUR,2022,2640641,228092.006,146351.9685,0.6416
RAJASTHAN,JAIPUR,2023,3107026,254535.7181,165022.3709,0.6483
RAJASTHAN,JAIPUR,2024,3070214,279524.9167,182937.873,0.6545
RAJASTHAN,JAIPUR RURAL,2024,394675,14249.7756,11097.298,0.7788
RAJASTHAN,JAISALMER,2019,97838,3289.4462,2750.0143,0.836
RAJASTHAN,JAISALMER,2020,100368,3490.2459,2878.193,0.8246
RAJASTHAN,JAISALMER,2021,106317,3665.0082,2993.2123,0.8167
RAJASTHAN,JAISALMER,2022,110343,4002.1242,3233.1276,0.8079
RAJASTHAN,JAISALMER,2023,120009,4589.9497,3702.839,0.8067
RAJASTHAN,JAISALMER,2024,128949,5339.7131,4253.1664,0.7965
RAJASTHAN,JALOR,2019,132674,3327.2008,2735.7671,0.8222
RAJASTHAN,JALOR,2020,220667,3923.1997,3119.0337,0.795
RAJASTHAN,JALOR,2021,244242,4613.9833,3652.994,0.7917
RAJASTHAN,JALOR,2022,265851,5096.8618,3996.4276,0.7841
RAJASTHAN,JALOR,2023,280693,6004.6406,4711.481,0.7846
RAJASTHAN,JALOR,2024,234607,4975.7386,3760.4238,0.7558
RAJASTHAN,JHALAWAR,2019,141510,3884.1821,3193.6639,0.8222
RAJASTHAN,JHALAWAR,2020,150256,4361.3434,3521.3477,0.8074
RAJASTHAN,JHALAWAR,2021,166822,4937.7398,3927.1517,0.7953
RAJASTHAN,JHALAWAR,2022,194841,5859.6222,4714.5648,0.8046
RAJASTHAN,JHALAWAR,2023,213869,6769.5723,5481.8799,0.8098
RAJASTHAN,JHALAWAR,2024,238439,8111.3655,6484.4802,0.7994
RAJASTHAN,JHUNJHUNU,2019,250460,6972.3137,5545.8632,0.7954
RAJASTHAN,JHUNJHUNU,2020,272875,7966.6393,6223.6258,0.7812
RAJASTHAN,JHUNJHUNU,2021,317789,9286.4397,7353.9102,0.7919
RAJASTHAN,JHUNJHUNU,2022,392330,11108.6599,8842.8384,0.796
RAJASTHAN,JHUNJHUNU,2023,438219,12919.6151,10351.1773,0.8012
RAJASTHAN,JHUNJHUNU,2024,400476,13568.3607,10535.5136,0.7765
RAJASTHAN,JODHPUR,2019,480148,28779.097,21512.2186,0.7475
RAJASTHAN,JODHPUR,2020,629599,32195.232,23463.2316,0.7288
RAJASTHAN,JODHPUR,2021,702068,37117.1096,26965.0436,0.7265
RAJASTHAN,JODHPUR,2022,721171,43454.1653,31059.3712,0.7148
RAJASTHAN,JODHPUR,2023,797107,50310.1241,35808.6953,0.7118
RAJASTHAN,JODHPUR,2024,581000,50448.6042,34383.1821,0.6815
RAJASTHAN,JODHPUR RURAL,2024,252735,8763.486,6686.2648,0.763
RAJASTHAN,KARAULI,2019,92612,2593.3268,2643.5334,1.0194
RAJASTHAN,KARAULI,2020,96695,2449.1859,1986.8209,0.8112
RAJASTHAN,KARAULI,2021,106117,2774.259,2253.5299,0.8123
RAJASTHAN,KARAULI,2022,119325,3251.3066,2616.2702,0.8047
RAJASTHAN,KARAULI,2023,126183,3824.205,3046.6388,0.7967
RAJASTHAN,KARAULI,2024,108205,3755.909,2909.1028,0.7745
RAJASTHAN,KEKRI,2024,120803,3790.5281,2860.8358,0.7547
RAJASTHAN,KHAIRTHAL-TIJARA,2024,270996,15519.1937,10606.133,0.6834
RAJASTHAN,KOTA,2019,309060,34424.7716,13494.1211,0.392
RAJASTHAN,KOTA,2020,514811,21136.2958,14393.2364,0.681
RAJASTHAN,KOTA,2021,524508,22720.7372,16045.7349,0.7062
RAJASTHAN,KOTA,2022,529609,25426.389,17642.8489,0.6939
RAJASTHAN,KOTA,2023,565700,30202.6203,20906.3373,0.6922
RAJASTHAN,KOTA,2024,612304,35719.6753,24715.827,0.6919
RAJASTHAN,KOTPUTLI-BEHROR,2024,387281,10461.0703,7729.5866,0.7389
RAJASTHAN,NAGAUR,2019,271463,8039.9789,6560.3292,0.816
RAJASTHAN,NAGAUR,2020,305452,8976.968,7267.4907,0.8096
RAJASTHAN,NAGAUR,2021,359215,10480.8198,8408.6176,0.8023
RAJASTHAN,NAGAUR,2022,385633,11893.0126,9506.4507,0.7993
RAJASTHAN,NAGAUR,2023,428509,14026.0999,11202.083,0.7987
RAJASTHAN,NAGAUR,2024,270853,10194.3197,8028.1845,0.7875
RAJASTHAN,NEEM KA THANA,2024,275511,8182.2463,6576.4442,0.8037
RAJASTHAN,PALI,2019,165483,6334.9569,4809.4719,0.7592
RAJASTHAN,PALI,2020,191622,6958.2169,5231.3066,0.7518
RAJASTHAN,PALI,2021,218478,8072.6885,6044.7104,0.7488
RAJASTHAN,PALI,2022,255161,9193.3629,6907.8462,0.7514
RAJASTHAN,PALI,2023,292072,10743.5796,8197.0558,0.763
RAJASTHAN,PALI,2024,286532,11634.4679,8506.1233,0.7311
RAJASTHAN,PHALODI,2024,70961,3148.634,2634.6919,0.8368
RAJASTHAN,PRATAPGARH,2019,73664,1989.8758,1599.1033,0.8036
RAJASTHAN,PRATAPGARH,2020,94363,2165.4833,1690.5408,0.7807
RAJASTHAN,PRATAPGARH,2021,98336,2443.5864,1915.8073,0.784
RAJASTHAN,PRATAPGARH,2022,107128,2836.0944,2245.5378,0.7918
RAJASTHAN,PRATAPGARH,2023,105364,3205.2938,2578.2834,0.8044
RAJASTHAN,PRATAPGARH,2024,110274,3668.3525,2935.9483,0.8003
RAJASTHAN,RAJSAMAND,2019,97603,3133.6594,2274.9866,0.726
RAJASTHAN,RAJSAMAND,2020,117603,3482.7986,2559.5938,0.7349
RAJASTHAN,RAJSAMAND,2021,137321,4071.0445,2991.7128,0.7349
RAJASTHAN,RAJSAMAND,2022,146369,4883.7063,3509.4992,0.7186
RAJASTHAN,RAJSAMAND,2023,159277,5813.9078,4277.767,0.7358
RAJASTHAN,RAJSAMAND,2024,167745,6856.9008,5003.1518,0.7297
RAJASTHAN,SALUMBER,2024,44710,1015.5722,787.6427,0.7756
RAJASTHAN,SANCHORE,2024,60031,2075.4624,1683.9203,0.8113
RAJASTHAN,SAWAI MADHOPUR,2019,141898,4019.3704,3317.1342,0.8253
RAJASTHAN,SAWAI MADHOPUR,2020,154153,4504.079,3608.6243,0.8012
RAJASTHAN,SAWAI MADHOPUR,2021,169281,4995.3955,4017.6601,0.8043
RAJASTHAN,SAWAI MADHOPUR,2022,187537,5760.6911,4607.4484,0.7998
RAJASTHAN,SAWAI MADHOPUR,2023,206563,6692.3881,5333.1269,0.7969
RAJASTHAN,SAWAI MADHOPUR,2024,156496,5120.3622,4016.729,0.7845
RAJASTHAN,SHAHPURA,2024,126441,3537.3221,2722.1678,0.7696
RAJASTHAN,SIKAR,2019,357753,9923.3471,8109.1194,0.8172
RAJASTHAN,SIKAR,2020,403874,11523.8732,9175.2102,0.7962
RAJASTHAN,SIKAR,2021,481450,13469.0062,10892.87,0.8087
RAJASTHAN,SIKAR,2022,508614,15737.5588,12663.4712,0.8047
RAJASTHAN,SIKAR,2023,553020,18366.0832,14693.0432,0.8
RAJASTHAN,SIKAR,2024,419839,17422.4804,13684.2885,0.7854
RAJASTHAN,SIROHI,2019,60036,2349.6993,1698.7681,0.723
RAJASTHAN,SIROHI,2020,67490,2550.2706,1897.0913,0.7439
RAJASTHAN,SIROHI,2021,79374,3044.4813,2233.7225,0.7337
RAJASTHAN,SIROHI,2022,93679,3642.1867,2694.8149,0.7399
RAJASTHAN,SIROHI,2023,107154,4221.3387,3125.917,0.7405
RAJASTHAN,SIROHI,2024,114946,5177.6643,3507.7055,0.6775
RAJASTHAN,TONK,2019,177733,5479.908,4292.4443,0.7833
RAJASTHAN,TONK,2020,203714,12145.9181,4752.7425,0.3913
RAJASTHAN,TONK,2021,235404,6978.6183,5518.7754,0.7908
RAJASTHAN,TONK,2022,254765,8133.3059,6286.2056,0.7729
RAJASTHAN,TONK,2023,283722,9397.3766,7291.7016,0.7759
RAJASTHAN,TONK,2024,304643,10581.5875,7993.1062,0.7554
RAJASTHAN,UDAIPUR,2019,303393,21914.2278,14672.3192,0.6695
RAJASTHAN,UDAIPUR,2020,623510,24333.0045,16726.7404,0.6874
RAJASTHAN,UDAIPUR,2021,714453,26552.196,17989.2861,0.6775
RAJASTHAN,UDAIPUR,2022,731477,32208.2289,20000.5423,0.621
RAJASTHAN,UDAIPUR,2023,748745,41941.673,27330.7313,0.6516
RAJASTHAN,UDAIPUR,2024,743859,45231.4796,29017.3063,0.6415
SIKKIM,EAST SIKKIM,2019,58162,3180.0898,2160.5336,0.6794
SIKKIM,EAST SIKKIM,2020,74079,3630.9724,2527.2787,0.696
SIKKIM,EAST SIKKIM,2021,84108,4071.2763,2926.6316,0.7188
SIKKIM,EAST SIKKIM,2022,91609,5018.7983,3534.8753,0.7043
SIKKIM,EAST SIKKIM,2023,70460,5670.8887,4225.8112,0.7452
SIKKIM,GANGTOK,2024,75083,6497.7232,4704.7698,0.7241
SIKKIM,GYALSHING,2024,6565,332.7245,243.0189,0.7304
SIKKIM,MANGAN,2024,4880,353.1484,259.1995,0.734
SIKKIM,NAMCHI,2024,27001,1523.2814,824.2757,0.5411
SIKKIM,NORTH SIKKIM,2019,3359,161.6424,119.3595,0.7384
SIKKIM,NORTH SIKKIM,2020,2942,152.2525,113.7933,0.7474
SIKKIM,NORTH SIKKIM,2021,3453,191.7085,142.2667,0.7421
SIKKIM,NORTH SIKKIM,2022,8024,298.0378,214.216,0.7188
SIKKIM,NORTH SIKKIM,2023,4319,305.6653,233.2918,0.7632
SIKKIM,PAKYONG,2023,17842,653.545,436.6366,0.6681
SIKKIM,PAKYONG,2024,18110,684.6361,479.2976,0.7001
SIKKIM,SORENG,2023,1370,72.393,56.4225,0.7794
SIKKIM,SORENG,2024,1546,95.2931,72.7549,0.7635
SIKKIM,SOUTH SIKKIM,2019,15335,872.0906,492.2394,0.5644
SIKKIM,SOUTH SIKKIM,2020,20472,978.5436,408.0952,0.417
SIKKIM,SOUTH SIKKIM,2021,22184,1051.0806,466.5372,0.4439
SIKKIM,SOUTH SIKKIM,2022,25287,1189.3388,561.8669,0.4724
SIKKIM,SOUTH SIKKIM,2023,28444,1371.8074,705.2909,0.5141
SIKKIM,WEST SIKKIM,2019,5624,184.303,149.0283,0.8086
SIKKIM,WEST SIKKIM,2020,7531,213.9897,166.3554,0.7774
SIKKIM,WEST SIKKIM,2021,8644,747.2951,311.6744,0.4171
SIKKIM,WEST SIKKIM,2022,17990,1030.2251,870.7682,0.8452
SIKKIM,WEST SIKKIM,2023,7674,306.8585,227.8927,0.7427
TAMIL NADU,ARIYALUR,2019,256807,2664.0925,2464.8653,0.9252
TAMIL NADU,ARIYALUR,2020,348323,4197.3266,3807.0944,0.907
TAMIL NADU,ARIYALUR,2021,362506,5086.8696,4664.5157,0.917
TAMIL NADU,ARIYALUR,2022,386556,5674.8464,5196.1898,0.9157
TAMIL NADU,ARIYALUR,2023,412361,6712.4544,6132.389,0.9136
TAMIL NADU,ARIYALUR,2024,464448,8298.4577,7446.2769,0.8973
TAMIL NADU,CHENGALPATTU,2022,3033453,48058.6849,33261.9725,0.6921
TAMIL NADU,CHENGALPATTU,2023,3018421,54010.1734,38482.915,0.7125
TAMIL NADU,CHENGALPATTU,2024,3124582,67197.9268,49167.407,0.7317
TAMIL NADU,CHENNAI,2019,4148779,590293.6682,407784.2953,0.6908
TAMIL NADU,CHENNAI,2020,4896227,659691.6275,450092.2926,0.6823
TAMIL NADU,CHENNAI,2021,5130022,702295.2819,435971.1728,0.6208
TAMIL NADU,CHENNAI,2022,5332453,777715.4696,486175.5069,0.6251
TAMIL NADU,CHENNAI,2023,6914728,891494.8782,552102.7961,0.6193
TAMIL NADU,CHENNAI,2024,6526044,1025386.765,645972.7808,0.63
TAMIL NADU,COIMBATORE,2019,1995714,122489.5691,81290.3324,0.6637
TAMIL NADU,COIMBATORE,2020,2311855,142005.0683,83098.6403,0.5852
TAMIL NADU,COIMBATORE,2021,2387301,124175.5054,86927.3338,0.7
TAMIL NADU,COIMBATORE,2022,2365380,135664.1848,92593.8356,0.6825
TAMIL NADU,COIMBATORE,2023,2412108,171320.2515,106707.2285,0.6229
TAMIL NADU,COIMBATORE,2024,2591700,189994.6943,126602.937,0.6663
TAMIL NADU,CUDDALORE,2019,1355918,18060.5196,15358.7841,0.8504
TAMIL NADU,CUDDALORE,2020,1342759,17528.4798,14697.41,0.8385
TAMIL NADU,CUDDALORE,2021,1456862,20322.0609,16886.5344,0.8309
TAMIL NADU,CUDDALORE,2022,1519575,22293.8227,18352.8704,0.8232
TAMIL NADU,CUDDALORE,2023,1481099,25439.5723,20684.9616,0.8131
TAMIL NADU,CUDDALORE,2024,1556405,30986.4112,24531.6813,0.7917
TAMIL NADU,DHARMAPURI,2019,594731,9640.8228,8308.3989,0.8618
TAMIL NADU,DHARMAPURI,2020,594845,9028.0628,7678.4226,0.8505
TAMIL NADU,DHARMAPURI,2021,626467,10742.7415,9185.0639,0.855
TAMIL NADU,DHARMAPURI,2022,654739,11760.4812,10151.7186,0.8632
TAMIL NADU,DHARMAPURI,2023,688648,13783.4714,11860.3672,0.8605
TAMIL NADU,DHARMAPURI,2024,741641,16979.0455,14458.4387,0.8515
TAMIL NADU,DINDIGUL,2019,759702,14754.4892,12118.2712,0.8213
TAMIL NADU,DINDIGUL,2020,793180,15854.109,12751.8842,0.8043
TAMIL NADU,DINDIGUL,2021,895035,18459.0578,15309.2448,0.8294
TAMIL NADU,DINDIGUL,2022,935498,21158.8453,17139.4402,0.81
TAMIL NADU,DINDIGUL,2023,958273,24548.1857,19617.1519,0.7991
TAMIL NADU,DINDIGUL,2024,1005098,28350.041,22887.3584,0.8073
TAMIL NADU,ERODE,2019,866990,28155.5151,22473.6764,0.7982
TAMIL NADU,ERODE,2020,993643,29780.2169,23268.9552,0.7814
TAMIL NADU,ERODE,2021,1032140,33711.6785,26522.4222,0.7867
TAMIL NADU,ERODE,2022,1041853,37290.8726,28956.8661,0.7765
TAMIL NADU,ERODE,2023,1112264,43702.1794,33154.1816,0.7586
TAMIL NADU,ERODE,2024,1221480,52647.5924,39773.0672,0.7555
TAMIL NADU,KALLAKURICHI,2022,651872,8916.8347,8128.7279,0.9116
TAMIL NADU,KALLAKURICHI,2023,653004,10413.7439,9450.1838,0.9075
TAMIL NADU,KALLAKURICHI,2024,652869,12299.0886,10988.5472,0.8934
TAMIL NADU,KANCHEEPURAM,2019,3067307,54768.504,39431.1994,0.72
TAMIL NADU,KANCHEEPURAM,2020,3313006,65040.5263,46411.2263,0.7136
TAMIL NADU,KANCHEEPURAM,2021,3739313,78309.5258,53749.0209,0.6864
TAMIL NADU,KANCHEEPURAM,2022,825977,36717.9714,24446.0674,0.6658
TAMIL NADU,KANCHEEPURAM,2023,850218,42438.8164,28149.3329,0.6633
TAMIL NADU,KANCHEEPURAM,2024,930135,54447.4328,36573.8456,0.6717
TAMIL NADU,KANYAKUMARI,2019,1004177,16306.7153,14172.4536,0.8691
TAMIL NADU,KANYAKUMARI,2020,1070496,18476.6179,15797.0214,0.855
TAMIL NADU,KANYAKUMARI,2021,1175932,22669.954,19566.9527,0.8631
TAMIL NADU,KANYAKUMARI,2022,1245078,25025.841,21608.0451,0.8634
TAMIL NADU,KANYAKUMARI,2023,1328089,29190.6918,25007.2863,0.8567
TAMIL NADU,KANYAKUMARI,2024,1410803,36153.8006,30786.5781,0.8515
TAMIL NADU,KARUR,2019,384132,10561.4204,7936.5631,0.7515
TAMIL NADU,KARUR,2020,399437,12584.6394,9616.9833,0.7642
TAMIL NADU,KARUR,2021,407318,13103.7397,9797.6353,0.7477
TAMIL NADU,KARUR,2022,424173,14703.1467,10492.9004,0.7136
TAMIL NADU,KARUR,2023,484725,17315.3988,12549.2359,0.7247
TAMIL NADU,KARUR,2024,676044,20881.8304,14960.5413,0.7164
TAMIL NADU,KRISHNAGIRI,2019,589716,13599.0658,10634.2147,0.782
TAMIL NADU,KRISHNAGIRI,2020,747527,18554.7218,13678.5038,0.7372
TAMIL NADU,KRISHNAGIRI,2021,791810,21260.9204,16846.8818,0.7924
TAMIL NADU,KRISHNAGIRI,2022,864763,23451.6775,18140.165,0.7735
TAMIL NADU,KRISHNAGIRI,2023,1032992,33812.4583,22245.7256,0.6579
TAMIL NADU,KRISHNAGIRI,2024,1147208,37076.384,26830.0933,0.7236
TAMIL NADU,MADURAI,2019,1386578,33412.0106,26401.0399,0.7902
TAMIL NADU,MADURAI,2020,1547654,36912.3196,28788.2577,0.7799
TAMIL NADU,MADURAI,2021,1594525,42431.4531,33530.5297,0.7902
TAMIL NADU,MADURAI,2022,1717092,49051.8574,38249.6759,0.7798
TAMIL NADU,MADURAI,2023,1835842,56223.759,43913.7216,0.7811
TAMIL NADU,MADURAI,2024,1992341,69166.3793,54898.8596,0.7937
TAMIL NADU,MAYILADUTHURAI,2022,463948,5670.2047,4889.0008,0.8622
TAMIL NADU,MAYILADUTHURAI,2023,461149,6379.9503,5460.2518,0.8558
TAMIL NADU,MAYILADUTHURAI,2024,464110,7251.1506,6211.9972,0.8567
TAMIL NADU,NAGAPATTINAM,2019,658592,7019.0599,6100.4819,0.8691
TAMIL NADU,NAGAPATTINAM,2020,696716,7796.5549,6646.935,0.8525
TAMIL NADU,NAGAPATTINAM,2021,723311,9202.1033,7885.1609,0.8569
TAMIL NADU,NAGAPATTINAM,2022,300707,4448.1133,3780.6368,0.8499
TAMIL NADU,NAGAPATTINAM,2023,313192,4771.9314,4144.3703,0.8685
TAMIL NADU,NAGAPATTINAM,2024,352889,6343.6648,5206.1674,0.8207
TAMIL NADU,NAMAKKAL,2019,624130,18929.2911,14544.6455,0.7684
TAMIL NADU,NAMAKKAL,2020,690602,20004.303,15448.0906,0.7722
TAMIL NADU,NAMAKKAL,2021,693487,22225.9682,17404.3375,0.7831
TAMIL NADU,NAMAKKAL,2022,712432,24557.0306,19143.4427,0.7796
TAMIL NADU,NAMAKKAL,2023,744008,27868.1417,21951.6342,0.7877
TAMIL NADU,NAMAKKAL,2024,800391,33533.0521,26254.5866,0.7829
TAMIL NADU,NILGIRIS,2019,265781,4288.0282,3581.9391,0.8353
TAMIL NADU,NILGIRIS,2020,290170,4730.4365,3880.8525,0.8204
TAMIL NADU,NILGIRIS,2021,304855,5343.7501,4294.9243,0.8037
TAMIL NADU,NILGIRIS,2022,304492,5698.2415,4559.6435,0.8002
TAMIL NADU,NILGIRIS,2023,308439,6358.9071,5088.583,0.8002
TAMIL NADU,NILGIRIS,2024,328147,7227.3703,5714.2414,0.7906
TAMIL NADU,PERAMBALUR,2019,271285,3690.9992,3325.1994,0.9009
TAMIL NADU,PERAMBALUR,2020,313810,4601.5234,4000.6287,0.8694
TAMIL NADU,PERAMBALUR,2021,317971,5125.6386,4658.0437,0.9088
TAMIL NADU,PERAMBALUR,2022,335904,5633.758,5073.0727,0.9005
TAMIL NADU,PERAMBALUR,2023,366979,6643.8162,5902.3912,0.8884
TAMIL NADU,PERAMBALUR,2024,370932,7728.096,6868.5468,0.8888
TAMIL NADU,PUDUKKOTTAI,2019,639616,8175.4037,7280.1166,0.8905
TAMIL NADU,PUDUKKOTTAI,2020,677601,9105.578,7953.6308,0.8735
TAMIL NADU,PUDUKKOTTAI,2021,713308,10758.0214,9523.0472,0.8852
TAMIL NADU,PUDUKKOTTAI,2022,757038,11747.4688,10369.9185,0.8827
TAMIL NADU,PUDUKKOTTAI,2023,802471,13855.3838,12151.6671,0.877
TAMIL NADU,PUDUKKOTTAI,2024,832842,16535.5155,14445.0944,0.8736
TAMIL NADU,RAMANATHAPURAM,2019,503165,5866.8413,5206.5588,0.8875
TAMIL NADU,RAMANATHAPURAM,2020,509294,6461.4274,5689.5179,0.8805
TAMIL NADU,RAMANATHAPURAM,2021,536907,7959.114,7076.5201,0.8891
TAMIL NADU,RAMANATHAPURAM,2022,599127,8992.2518,7995.4416,0.8891
TAMIL NADU,RAMANATHAPURAM,2023,649795,10571.7499,9379.0822,0.8872
TAMIL NADU,RAMANATHAPURAM,2024,667381,12300.4238,10871.2554,0.8838
TAMIL NADU,RANIPET,2022,416888,8282.5958,6940.4149,0.838
TAMIL NADU,RANIPET,2023,438718,9640.5586,7974.1074,0.8271
TAMIL NADU,RANIPET,2024,465672,11342.594,9359.2702,0.8251
TAMIL NADU,SALEM,2019,1277142,33416.5809,24126.3649,0.722
TAMIL NADU,SALEM,2020,1394060,35700.9736,26224.5208,0.7346
TAMIL NADU,SALEM,2021,1487094,40700.8049,30427.8598,0.7476
TAMIL NADU,SALEM,2022,1554499,44530.7015,33726.0156,0.7574
TAMIL NADU,SALEM,2023,1638086,50312.3897,38570.6574,0.7666
TAMIL NADU,SALEM,2024,1820787,60964.8776,46548.8791,0.7635
TAMIL NADU,SIVAGANGA,2019,643626,8574.6381,7640.4977,0.8911
TAMIL NADU,SIVAGANGA,2020,663962,9474.3986,8310.0669,0.8771
TAMIL NADU,SIVAGANGA,2021,693901,11789.2282,10317.0436,0.8751
TAMIL NADU,SIVAGANGA,2022,752433,13137.9066,11474.77,0.8734
TAMIL NADU,SIVAGANGA,2023,795668,15239.4435,13302.1446,0.8729
TAMIL NADU,SIVAGANGA,2024,833454,18392.8349,15940.8118,0.8667
TAMIL NADU,TENKASI,2022,605985,10005.4705,8857.1155,0.8852
TAMIL NADU,TENKASI,2023,632527,11567.399,10193.9588,0.8813
TAMIL NADU,TENKASI,2024,666316,14179.1509,12375.2653,0.8728
TAMIL NADU,THANJAVUR,2019,1223736,18645.8515,15604.8197,0.8369
TAMIL NADU,THANJAVUR,2020,1314047,20637.7201,17430.9319,0.8446
TAMIL NADU,THANJAVUR,2021,1382713,22741.2887,19259.5868,0.8469
TAMIL NADU,THANJAVUR,2022,1430795,25479.369,21343.6681,0.8377
TAMIL NADU,THANJAVUR,2023,1464605,29307.3429,24729.0222,0.8438
TAMIL NADU,THANJAVUR,2024,1572836,35392.7832,29817.6693,0.8425
TAMIL NADU,THENI,2019,527622,8869.0329,7679.428,0.8659
TAMIL NADU,THENI,2020,588749,9782.0268,8363.2365,0.855
TAMIL NADU,THENI,2021,631797,11843.4142,10189.3305,0.8603
TAMIL NADU,THENI,2022,676858,13921.8421,11794.3782,0.8472
TAMIL NADU,THENI,2023,716125,16110.0859,13843.5194,0.8593
TAMIL NADU,THENI,2024,754728,19280.395,16332.9014,0.8471
TAMIL NADU,THIRUVALLUR,2019,879041,28616.1186,22636.6029,0.791
TAMIL NADU,THIRUVALLUR,2020,1082894,32195.8171,24521.7806,0.7616
TAMIL NADU,THIRUVALLUR,2021,1177308,36840.73,28276.7447,0.7675
TAMIL NADU,THIRUVALLUR,2022,1248270,41079.4029,30984.0074,0.7542
TAMIL NADU,THIRUVALLUR,2023,1266073,46200.8043,35349.3173,0.7651
TAMIL NADU,THIRUVALLUR,2024,1386594,58942.8674,45279.8778,0.7682
TAMIL NADU,THIRUVARUR,2019,541943,5622.871,4902.3974,0.8719
TAMIL NADU,THIRUVARUR,2020,615272,6486.3892,5508.2738,0.8492
TAMIL NADU,THIRUVARUR,2021,645673,7692.5339,6620.2405,0.8606
TAMIL NADU,THIRUVARUR,2022,671932,8547.4677,7376.0164,0.8629
TAMIL NADU,THIRUVARUR,2023,685140,9960.8328,8544.5857,0.8578
TAMIL NADU,THIRUVARUR,2024,699157,11581.7274,9910.3608,0.8557
TAMIL NADU,TIRUCHIRAPALLI,2019,1415880,29770.5072,23422.329,0.7868
TAMIL NADU,TIRUCHIRAPALLI,2020,1523270,35021.0141,25206.3372,0.7197
TAMIL NADU,TIRUCHIRAPALLI,2021,1781274,37259.4007,27667.9704,0.7426
TAMIL NADU,TIRUCHIRAPALLI,2022,1930385,41205.0012,30641.313,0.7436
TAMIL NADU,TIRUCHIRAPALLI,2023,1961430,46485.493,35384.2721,0.7612
TAMIL NADU,TIRUCHIRAPALLI,2024,2208882,56347.6222,43218.9781,0.767
TAMIL NADU,TIRUNELVALI,2019,1207803,19576.7399,16541.5428,0.845
TAMIL NADU,TIRUNELVALI,2020,1304704,22045.2121,18467.0692,0.8377
TAMIL NADU,TIRUNELVALI,2021,1372725,25765.7853,21890.7201,0.8496
TAMIL NADU,TIRUNELVALI,2022,847995,18828.6917,15554.7512,0.8261
TAMIL NADU,TIRUNELVALI,2023,890292,21671.4199,17812.7624,0.8219
TAMIL NADU,TIRUNELVALI,2024,952402,26627.0821,21850.363,0.8206
TAMIL NADU,TIRUPATHUR,2022,458998,6795.0858,5763.0874,0.8481
TAMIL NADU,TIRUPATHUR,2023,473326,8101.5135,6826.72,0.8426
TAMIL NADU,TIRUPATHUR,2024,524999,9861.9054,8199.234,0.8314
TAMIL NADU,TIRUPPUR,2019,620408,43894.9395,22804.6268,0.5195
TAMIL NADU,TIRUPPUR,2020,779305,45229.9755,28305.9396,0.6258
TAMIL NADU,TIRUPPUR,2021,833619,51904.0027,33839.9307,0.652
TAMIL NADU,TIRUPPUR,2022,870586,56774.2618,38337.2524,0.6753
TAMIL NADU,TIRUPPUR,2023,946441,64035.3427,41852.7337,0.6536
TAMIL NADU,TIRUPPUR,2024,1073234,77162.3283,51697.0681,0.67
TAMIL NADU,TIRUVANNAMALAI,2019,741913,9622.8782,8397.493,0.8727
TAMIL NADU,TIRUVANNAMALAI,2020,819106,10829.8006,9256.3017,0.8547
TAMIL NADU,TIRUVANNAMALAI,2021,898895,13212.0191,11425.8003,0.8648
TAMIL NADU,TIRUVANNAMALAI,2022,944103,14773.4924,12745.0714,0.8627
TAMIL NADU,TIRUVANNAMALAI,2023,1009599,17629.4857,15181.9285,0.8612
TAMIL NADU,TIRUVANNAMALAI,2024,1075537,21718.0903,18473.9732,0.8506
TAMIL NADU,TOOTHUKUDI,2019,627404,12654.4115,10241.3734,0.8093
TAMIL NADU,TOOTHUKUDI,2020,657483,14557.6391,11601.5778,0.7969
TAMIL NADU,TOOTHUKUDI,2021,697647,16612.3205,13627.934,0.8204
TAMIL NADU,TOOTHUKUDI,2022,758256,18907.6854,15479.8932,0.8187
TAMIL NADU,TOOTHUKUDI,2023,801906,21480.4152,17462.6188,0.813
TAMIL NADU,TOOTHUKUDI,2024,862783,25880.3888,20647.1265,0.7978
TAMIL NADU,VELLORE,2019,1079181,19292.1793,15621.7181,0.8097
TAMIL NADU,VELLORE,2020,1313017,22354.4637,18052.2583,0.8075
TAMIL NADU,VELLORE,2021,1400891,26969.5624,21902.9436,0.8121
TAMIL NADU,VELLORE,2022,595705,15165.6391,12206.3658,0.8049
TAMIL NADU,VELLORE,2023,626027,17698.8473,13878.8674,0.7842
TAMIL NADU,VELLORE,2024,683609,20565.6508,16177.4872,0.7866
TAMIL NADU,VILLUPURAM,2019,982368,11815.9902,10288.0996,0.8707
TAMIL NADU,VILLUPURAM,2020,1240798,15820.2541,13590.7775,0.8591
TAMIL NADU,VILLUPURAM,2021,1340607,18849.399,16422.0282,0.8712
TAMIL NADU,VILLUPURAM,2022,751830,12319.2777,9967.1312,0.8091
TAMIL NADU,VILLUPURAM,2023,781288,14170.1433,11362.8,0.8019
TAMIL NADU,VILLUPURAM,2024,845017,16997.3289,14125.1779,0.831
TAMIL NADU,VIRUDHUNAGAR,2019,612900,16265.0731,12709.3242,0.7814
TAMIL NADU,VIRUDHUNAGAR,2020,636011,17365.234,13519.6539,0.7785
TAMIL NADU,VIRUDHUNAGAR,2021,672893,19701.4203,15284.5225,0.7758
TAMIL NADU,VIRUDHUNAGAR,2022,720972,21461.9712,16709.4894,0.7786
TAMIL NADU,VIRUDHUNAGAR,2023,760246,24011.0265,18927.4882,0.7883
TAMIL NADU,VIRUDHUNAGAR,2024,808227,27505.6328,21445.7656,0.7797
TELANGANA,ADILABAD,2019,193608,5031.3623,3827.5269,0.7607
TELANGANA,ADILABAD,2020,201653,5617.0719,4355.0045,0.7753
TELANGANA,ADILABAD,2021,221511,7178.5973,5666.4747,0.7894
TELANGANA,ADILABAD,2022,236749,7838.822,6143.9345,0.7838
TELANGANA,ADILABAD,2023,265405,9088.2156,6810.4567,0.7494
TELANGANA,ADILABAD,2024,302962,10313.1048,7443.7071,0.7218
TELANGANA,BHADRADRI (KOTHAGUDEM),2019,174150,3693.7193,3004.7998,0.8135
TELANGANA,BHADRADRI (KOTHAGUDEM),2020,229117,5146.2147,4240.204,0.8239
TELANGANA,BHADRADRI (KOTHAGUDEM),2021,264541,7088.5923,5807.9674,0.8193
TELANGANA,BHADRADRI (KOTHAGUDEM),2022,298423,7217.8443,5853.7824,0.811
TELANGANA,BHADRADRI (KOTHAGUDEM),2023,328492,8551.9157,6969.272,0.8149
TELANGANA,BHADRADRI (KOTHAGUDEM),2024,375816,10248.7522,8252.2796,0.8052
TELANGANA,HANUMAKONDA,2023,461693,24482.8355,19122.0752,0.781
TELANGANA,HANUMAKONDA,2024,515582,28208.0033,22148.6459,0.7852
TELANGANA,HYDERABAD,2019,2971985,527460.6797,342248.1038,0.6489
TELANGANA,HYDERABAD,2020,3728971,546816.2497,341547.4718,0.6246
TELANGANA,HYDERABAD,2021,4232763,618674.7864,375964.414,0.6077
TELANGANA,HYDERABAD,2022,4399353,665814.4864,399069.7216,0.5994
TELANGANA,HYDERABAD,2023,4853683,756375.0571,455243.7339,0.6019
TELANGANA,HYDERABAD,2024,5114607,809283.6306,515799.0889,0.6374
TELANGANA,JAGITIAL,2019,146409,2945.8313,2410.5533,0.8183
TELANGANA,JAGITIAL,2020,172037,3596.5562,2895.4012,0.805
TELANGANA,JAGITIAL,2021,205426,4271.7756,3444.2542,0.8063
TELANGANA,JAGITIAL,2022,228764,5007.4383,4024.67,0.8037
TELANGANA,JAGITIAL,2023,257788,6048.4166,4870.5014,0.8053
TELANGANA,JAGITIAL,2024,300990,7673.2038,6100.7703,0.7951
TELANGANA,JANGAON,2019,125261,2249.7662,1860.6703,0.8271
TELANGANA,JANGAON,2020,140608,2628.909,2189.5519,0.8329
TELANGANA,JANGAON,2021,165728,3102.3295,2598.0286,0.8374
TELANGANA,JANGAON,2022,172896,3564.4479,2988.2279,0.8383
TELANGANA,JANGAON,2023,196195,4411.6311,3706.674,0.8402
TELANGANA,JANGAON,2024,186480,4885.4306,3996.5895,0.8181
TELANGANA,JAYASHANKAR (BHUPALPALLI),2019,110675,1767.0795,1478.418,0.8366
TELANGANA,JAYASHANKAR (BHUPALPALLI),2020,78252,1190.7056,1027.2653,0.8627
TELANGANA,JAYASHANKAR (BHUPALPALLI),2021,85642,1436.3376,1244.3424,0.8663
TELANGANA,JAYASHANKAR (BHUPALPALLI),2022,99607,1717.7104,1476.4084,0.8595
TELANGANA,JAYASHANKAR (BHUPALPALLI),2023,101947,1841.3753,1571.1634,0.8533
TELANGANA,JAYASHANKAR (BHUPALPALLI),2024,112361,2180.9732,1822.6184,0.8357
TELANGANA,JOGULAMBA (GADWAL),2019,128155,1871.6502,1627.1003,0.8693
TELANGANA,JOGULAMBA (GADWAL),2020,133940,2203.8404,1900.5963,0.8624
TELANGANA,JOGULAMBA (GADWAL),2021,145818,2586.1078,2205.0724,0.8527
TELANGANA,JOGULAMBA (GADWAL),2022,157504,3082.3691,2621.1644,0.8504
TELANGANA,JOGULAMBA (GADWAL),2023,174080,3746.5834,3149.381,0.8406
TELANGANA,JOGULAMBA (GADWAL),2024,191375,4506.3199,3738.0039,0.8295
TELANGANA,KAMAREDDY,2019,204113,3314.2695,2791.1135,0.8422
TELANGANA,KAMAREDDY,2020,223137,3809.2603,3210.1576,0.8427
TELANGANA,KAMAREDDY,2021,249041,4541.2477,3795.2984,0.8357
TELANGANA,KAMAREDDY,2022,263692,5355.8454,4415.3814,0.8244
TELANGANA,KAMAREDDY,2023,280821,6260.9556,5146.9703,0.8221
TELANGANA,KAMAREDDY,2024,300922,7375.2843,6047.3138,0.8199
TELANGANA,KARIMNAGAR,2019,341096,9231.1114,7310.3832,0.7919
TELANGANA,KARIMNAGAR,2020,340142,10213.5434,7924.5535,0.7759
TELANGANA,KARIMNAGAR,2021,380400,11826.1683,9038.9773,0.7643
TELANGANA,KARIMNAGAR,2022,418145,13847.4591,10464.2369,0.7557
TELANGANA,KARIMNAGAR,2023,487772,17285.4432,13076.3761,0.7565
TELANGANA,KARIMNAGAR,2024,545880,20552.3875,15363.1179,0.7475
TELANGANA,KHAMMAM,2019,415843,8556.5497,7106.5445,0.8305
TELANGANA,KHAMMAM,2020,412934,10498.209,8661.9975,0.8251
TELANGANA,KHAMMAM,2021,479442,12722.4189,10463.6567,0.8225
TELANGANA,KHAMMAM,2022,523816,15044.3517,12222.1585,0.8124
TELANGANA,KHAMMAM,2023,583074,18145.3614,14720.0981,0.8112
TELANGANA,KHAMMAM,2024,668660,22719.8684,18302.8158,0.8056
TELANGANA,KOMRAM BHEEM (ASIFABAD),2019,120839,2582.8375,2140.6461,0.8288
TELANGANA,KOMRAM BHEEM (ASIFABAD),2020,85222,1534.4018,1299.8729,0.8472
TELANGANA,KOMRAM BHEEM (ASIFABAD),2021,81308,1168.2746,1029.8584,0.8815
TELANGANA,KOMRAM BHEEM (ASIFABAD),2022,92005,1454.8266,1282.545,0.8816
TELANGANA,KOMRAM BHEEM (ASIFABAD),2023,96107,1679.2718,1492.4432,0.8887
TELANGANA,KOMRAM BHEEM (ASIFABAD),2024,99055,1888.2763,1625.8077,0.861
TELANGANA,MAHABUBABAD,2019,140376,2013.2021,1720.4941,0.8546
TELANGANA,MAHABUBABAD,2020,166629,2549.8082,2210.7264,0.867
TELANGANA,MAHABUBABAD,2021,186660,3037.4286,2652.891,0.8734
TELANGANA,MAHABUBABAD,2022,212466,3581.9437,3118.7638,0.8707
TELANGANA,MAHABUBABAD,2023,221790,4157.5484,3605.8827,0.8673
TELANGANA,MAHABUBABAD,2024,255519,5232.3841,4484.7904,0.8571
TELANGANA,MAHBUBNAGAR,2019,345666,8507.6137,6764.1705,0.7951
TELANGANA,MAHBUBNAGAR,2020,307640,6979.269,5519.5435,0.7908
TELANGANA,MAHBUBNAGAR,2021,343987,8249.4814,6473.6305,0.7847
TELANGANA,MAHBUBNAGAR,2022,361935,9512.2252,7509.5861,0.7895
TELANGANA,MAHBUBNAGAR,2023,371130,11133.5004,8825.9635,0.7927
TELANGANA,MAHBUBNAGAR,2024,407430,13302.8049,10334.9756,0.7769
TELANGANA,MANCHERIAL,2019,146085,2860.5337,2363.5665,0.8263
TELANGANA,MANCHERIAL,2020,179415,4091.3247,3402.511,0.8316
TELANGANA,MANCHERIAL,2021,200941,5013.1566,4086.7231,0.8152
TELANGANA,MANCHERIAL,2022,221661,5897.6537,4772.3558,0.8092
TELANGANA,MANCHERIAL,2023,241205,6973.0042,5675.9685,0.814
TELANGANA,MANCHERIAL,2024,266912,8365.3142,6770.8888,0.8094
TELANGANA,MEDAK,2019,322669,7171.2976,5796.7171,0.8083
TELANGANA,MEDAK,2020,255102,7891.2328,4687.0527,0.594
TELANGANA,MEDAK,2021,281951,8704.5948,5384.0948,0.6185
TELANGANA,MEDAK,2022,274238,6366.5173,4615.9283,0.725
TELANGANA,MEDAK,2023,310260,8659.6345,5635.6615,0.6508
TELANGANA,MEDAK,2024,337883,9531.3183,6225.2467,0.6531
TELANGANA,MEDCHAL-MALKAJGIRI,2019,488712,48433.6015,31278.8787,0.6458
TELANGANA,MEDCHAL-MALKAJGIRI,2020,824206,68022.9051,46819.0645,0.6883
TELANGANA,MEDCHAL-MALKAJGIRI,2021,1646142,85209.2792,55813.5124,0.655
TELANGANA,MEDCHAL-MALKAJGIRI,2022,1708882,100688.3082,66331.2003,0.6588
TELANGANA,MEDCHAL-MALKAJGIRI,2023,1865075,120177.3139,82430.4887,0.6859
TELANGANA,MEDCHAL-MALKAJGIRI,2024,2234545,182880.3719,130839.0993,0.7154
TELANGANA,MULUGU,2019,66288,796.6562,678.3071,0.8514
TELANGANA,MULUGU,2020,73596,925.8953,814.0656,0.8792
TELANGANA,MULUGU,2021,77160,1084.6907,935.9778,0.8629
TELANGANA,MULUGU,2022,80506,1231.516,1064.7777,0.8646
TELANGANA,MULUGU,2023,89121,1468.0433,1272.3232,0.8667
TELANGANA,MULUGU,2024,99209,1793.8194,1533.8362,0.8551
TELANGANA,NAGARKURNOOL,2019,200439,2544.9513,2209.5472,0.8682
TELANGANA,NAGARKURNOOL,2020,225774,3059.1666,2717.3701,0.8883
TELANGANA,NAGARKURNOOL,2021,244883,3660.1713,3192.6027,0.8723
TELANGANA,NAGARKURNOOL,2022,254611,4140.7513,3598.3449,0.869
TELANGANA,NAGARKURNOOL,2023,276659,4895.5929,4263.0857,0.8708
TELANGANA,NAGARKURNOOL,2024,305286,6060.9326,5208.9938,0.8594
TELANGANA,NALGONDA,2019,520105,9925.7043,8134.6922,0.8196
TELANGANA,NALGONDA,2020,569418,11502.4529,9361.9111,0.8139
TELANGANA,NALGONDA,2021,641925,13460.217,11068.2449,0.8223
TELANGANA,NALGONDA,2022,680628,15381.0846,12627.7707,0.821
TELANGANA,NALGONDA,2023,741803,18248.9791,14789.0141,0.8104
TELANGANA,NALGONDA,2024,827568,22893.0322,18409.4678,0.8042
TELANGANA,NARAYANPET,2019,126903,1471.9232,1304.2557,0.8861
TELANGANA,NARAYANPET,2020,137369,1751.5256,1553.5313,0.887
TELANGANA,NARAYANPET,2021,145367,2001.9777,1759.7869,0.879
TELANGANA,NARAYANPET,2022,154090,2238.0742,1952.6408,0.8725
TELANGANA,NARAYANPET,2023,165838,2590.0287,2249.8582,0.8687
TELANGANA,NARAYANPET,2024,169982,2950.9041,2516.6098,0.8528
TELANGANA,NIRMAL,2019,145550,2750.2477,2407.353,0.8753
TELANGANA,NIRMAL,2020,164620,3353.2427,2931.0561,0.8741
TELANGANA,NIRMAL,2021,185829,4004.449,3455.2701,0.8629
TELANGANA,NIRMAL,2022,202484,4758.6414,4095.7635,0.8607
TELANGANA,NIRMAL,2023,223404,5712.6318,4895.9436,0.857
TELANGANA,NIRMAL,2024,247828,6815.1492,5762.6472,0.8456
TELANGANA,NIZAMABAD,2019,407304,10605.9745,8652.917,0.8159
TELANGANA,NIZAMABAD,2020,408927,10735.6969,8774.9462,0.8174
TELANGANA,NIZAMABAD,2021,479935,12671.5314,10241.7645,0.8082
TELANGANA,NIZAMABAD,2022,527211,15035.7871,12063.6799,0.8023
TELANGANA,NIZAMABAD,2023,581000,18147.8656,14461.611,0.7969
TELANGANA,NIZAMABAD,2024,661345,21647.6536,17202.8498,0.7947
TELANGANA,PEDDAPALLI,2019,142869,3055.0009,2393.1963,0.7834
TELANGANA,PEDDAPALLI,2020,163053,3526.161,2756.6902,0.7818
TELANGANA,PEDDAPALLI,2021,190366,4217.8283,3311.3668,0.7851
TELANGANA,PEDDAPALLI,2022,206498,4920.1546,3852.1621,0.7829
TELANGANA,PEDDAPALLI,2023,225766,6084.631,4770.9411,0.7841
TELANGANA,PEDDAPALLI,2024,254680,7224.9673,5590.3246,0.7738
TELANGANA,RAJANNA(SIRCILLA),2019,77932,1462.4125,1177.5292,0.8052
TELANGANA,RAJANNA(SIRCILLA),2020,97741,1903.1094,1533.9176,0.806
TELANGANA,RAJANNA(SIRCILLA),2021,112405,2218.5502,1776.3318,0.8007
TELANGANA,RAJANNA(SIRCILLA),2022,120655,2604.9947,2089.4325,0.8021
TELANGANA,RAJANNA(SIRCILLA),2023,130926,3129.8454,2502.6429,0.7996
TELANGANA,RAJANNA(SIRCILLA),2024,142908,3729.8271,2899.6975,0.7774
TELANGANA,RANGAREDDI,2019,1460245,56405.7517,34584.0325,0.6131
TELANGANA,RANGAREDDI,2020,1376115,61526.6739,37277.1615,0.6059
TELANGANA,RANGAREDDI,2021,748278,32495.9569,21848.6165,0.6723
TELANGANA,RANGAREDDI,2022,803456,44153.2984,27883.1141,0.6315
TELANGANA,RANGAREDDI,2023,868013,52964.7014,35640.0388,0.6729
TELANGANA,RANGAREDDI,2024,1023399,68275.3904,46059.0982,0.6746
TELANGANA,SANGAREDDY,2019,271262,9682.5967,7428.1093,0.7672
TELANGANA,SANGAREDDY,2020,363476,13550.723,10381.8966,0.7662
TELANGANA,SANGAREDDY,2021,406996,15560.5159,12011.4817,0.7719
TELANGANA,SANGAREDDY,2022,444340,18380.6204,13751.8725,0.7482
TELANGANA,SANGAREDDY,2023,460208,21112.3364,15991.2708,0.7574
TELANGANA,SANGAREDDY,2024,540009,31338.9299,24244.2848,0.7736
TELANGANA,SIDDIPET,2019,198979,3760.6102,3120.1242,0.8297
TELANGANA,SIDDIPET,2020,240183,4884.7498,4089.75,0.8372
TELANGANA,SIDDIPET,2021,284391,5931.6774,4932.6862,0.8316
TELANGANA,SIDDIPET,2022,300478,6803.8703,5601.5321,0.8233
TELANGANA,SIDDIPET,2023,331901,8121.4559,6721.7308,0.8277
TELANGANA,SIDDIPET,2024,370224,10000.839,8210.0486,0.8209
TELANGANA,SURYAPET,2019,273478,5511.8851,4648.0718,0.8433
TELANGANA,SURYAPET,2020,318955,6666.0067,5634.5122,0.8453
TELANGANA,SURYAPET,2021,361647,8048.5176,6757.1232,0.8395
TELANGANA,SURYAPET,2022,404083,9434.8073,7818.3477,0.8287
TELANGANA,SURYAPET,2023,451345,11069.8294,9233.4733,0.8341
TELANGANA,SURYAPET,2024,494660,14094.5244,11353.3009,0.8055
TELANGANA,VIKARABAD,2019,164908,2454.1337,2088.6414,0.8511
TELANGANA,VIKARABAD,2020,201620,3046.8628,2589.3504,0.8498
TELANGANA,VIKARABAD,2021,231278,3649.5604,3071.0007,0.8415
TELANGANA,VIKARABAD,2022,241925,4190.8628,3513.5051,0.8384
TELANGANA,VIKARABAD,2023,255820,4914.7703,4123.7868,0.8391
TELANGANA,VIKARABAD,2024,290977,6210.0516,5087.1301,0.8192
TELANGANA,WANAPARTHY,2019,116577,1778.3586,1539.9328,0.8659
TELANGANA,WANAPARTHY,2020,132296,2203.5267,1915.5087,0.8693
TELANGANA,WANAPARTHY,2021,147758,2623.776,2240.0109,0.8537
TELANGANA,WANAPARTHY,2022,160681,3071.1735,2586.6623,0.8422
TELANGANA,WANAPARTHY,2023,174959,3698.7296,3081.5301,0.8331
TELANGANA,WANAPARTHY,2024,191801,4428.7169,3650.5199,0.8243
TELANGANA,WARANGAL,2023,298844,7023.006,5380.8707,0.7662
TELANGANA,WARANGAL,2024,368223,10540.1336,7939.4462,0.7533
TELANGANA,WARANGAL RURAL,2019,145343,2255.6105,1892.0479,0.8388
TELANGANA,WARANGAL RURAL,2020,155572,2488.0937,2102.5162,0.845
TELANGANA,WARANGAL RURAL,2021,172397,2917.599,2480.3661,0.8501
TELANGANA,WARANGAL RURAL,2022,182624,3320.0346,2831.9262,0.853
TELANGANA,WARANGAL URBAN,2019,296872,13373.6909,10225.3884,0.7646
TELANGANA,WARANGAL URBAN,2020,316168,14878.6978,11281.2676,0.7582
TELANGANA,WARANGAL URBAN,2021,393290,18286.7967,13276.5598,0.726
TELANGANA,WARANGAL URBAN,2022,432498,19600.035,14609.9286,0.7454
TELANGANA,YADADRI,2019,146202,2807.3715,2304.2434,0.8208
TELANGANA,YADADRI,2020,171737,3315.303,2804.388,0.8459
TELANGANA,YADADRI,2021,210168,4117.0928,3448.7802,0.8377
TELANGANA,YADADRI,2022,219473,4876.8459,4005.196,0.8213
TELANGANA,YADADRI BHUVANAGIRI,2023,242474,5976.6688,4906.568,0.821
TELANGANA,YADADRI BHUVANAGIRI,2024,279372,7280.9158,5931.3327,0.8146
TRIPURA,DHALAI,2019,71125,745.1197,596.9264,0.8011
TRIPURA,DHALAI,2020,78080,849.7936,670.4342,0.7889
TRIPURA,DHALAI,2021,78416,921.897,714.9998,0.7756
TRIPURA,DHALAI,2022,77096,1021.0634,758.7236,0.7431
TRIPURA,DHALAI,2023,70721,1163.7622,782.6927,0.6726
TRIPURA,DHALAI,2024,70027,1289.5719,944.7791,0.7326
TRIPURA,GOMATI,2019,83817,604.2172,494.4346,0.8183
TRIPURA,GOMATI,2020,66549,749.9925,580.1796,0.7736
TRIPURA,GOMATI,2021,79056,880.9252,687.3137,0.7802
TRIPURA,GOMATI,2022,78095,1065.6399,799.0982,0.7499
TRIPURA,GOMATI,2023,65507,1090.2431,789.625,0.7243
TRIPURA,GOMATI,2024,106034,1935.7105,1469.268,0.759
TRIPURA,KHOWAI,2019,67489,463.341,392.814,0.8478
TRIPURA,KHOWAI,2020,76049,663.744,550.3282,0.8291
TRIPURA,KHOWAI,2021,52952,545.4834,429.5718,0.7875
TRIPURA,KHOWAI,2022,76930,880.1485,676.5793,0.7687
TRIPURA,KHOWAI,2023,62288,842.0229,593.7596,0.7052
TRIPURA,KHOWAI,2024,57238,800.791,607.0976,0.7581
TRIPURA,NORTH TRIPURA,2019,105618,1108.9221,864.1932,0.7793
TRIPURA,NORTH TRIPURA,2020,124919,1153.9363,910.6599,0.7892
TRIPURA,NORTH TRIPURA,2021,162806,1455.6977,1174.5418,0.8069
TRIPURA,NORTH TRIPURA,2022,122411,1420.6873,1083.3905,0.7626
TRIPURA,NORTH TRIPURA,2023,116759,1673.6682,1197.769,0.7157
TRIPURA,NORTH TRIPURA,2024,126252,1975.9294,1469.8082,0.7439
TRIPURA,SEPAHIJALA,2019,92398,684.2598,578.0968,0.8448
TRIPURA,SEPAHIJALA,2020,92088,817.2075,682.3928,0.835
TRIPURA,SEPAHIJALA,2021,91211,821.174,672.1495,0.8185
TRIPURA,SEPAHIJALA,2022,97871,1159.4965,920.8317,0.7942
TRIPURA,SEPAHIJALA,2023,85886,1164.9953,881.8274,0.7569
TRIPURA,SEPAHIJALA,2024,81584,1613.885,1340.5628,0.8306
TRIPURA,SOUTH TRIPURA,2019,136827,1444.3357,1171.428,0.811
TRIPURA,SOUTH TRIPURA,2020,155858,1534.7205,1234.389,0.8043
TRIPURA,SOUTH TRIPURA,2021,170396,1734.0119,1396.6105,0.8054
TRIPURA,SOUTH TRIPURA,2022,145839,1913.3791,1499.3029,0.7836
TRIPURA,SOUTH TRIPURA,2023,136366,2001.9673,1508.1991,0.7534
TRIPURA,SOUTH TRIPURA,2024,102799,1785.4544,1327.4733,0.7435
TRIPURA,UNAKOTI,2019,66129,441.4871,379.1642,0.8588
TRIPURA,UNAKOTI,2020,51255,512.2927,410.8483,0.802
TRIPURA,UNAKOTI,2021,52087,565.2227,441.8864,0.7818
TRIPURA,UNAKOTI,2022,68932,807.7241,635.6344,0.7869
TRIPURA,UNAKOTI,2023,54575,794.6658,592.1977,0.7452
TRIPURA,UNAKOTI,2024,50148,857.5759,621.4098,0.7246
TRIPURA,WEST TRIPURA,2019,339689,7403.9967,5986.0098,0.8085
TRIPURA,WEST TRIPURA,2020,359773,7961.5922,6306.3568,0.7921
TRIPURA,WEST TRIPURA,2021,454776,8504.0518,6576.4239,0.7733
TRIPURA,WEST TRIPURA,2022,398336,9360.2473,7188.7092,0.768
TRIPURA,WEST TRIPURA,2023,417511,10919.9815,8153.0256,0.7466
TRIPURA,WEST TRIPURA,2024,436060,13019.6165,9624.2184,0.7392
UTTAR PRADESH,AGRA,2019,958397,36106.845,25263.4774,0.6997
UTTAR PRADESH,AGRA,2020,1137885,37753.8309,26952.6677,0.7139
UTTAR PRADESH,AGRA,2021,1259137,40406.3784,29446.3269,0.7288
UTTAR PRADESH,AGRA,2022,1031565,42668.6813,30638.2506,0.7181
UTTAR PRADESH,AGRA,2023,1216163,49184.4221,34955.1716,0.7107
UTTAR PRADESH,AGRA,2024,1510243,59337.8704,40759.2458,0.6869
UTTAR PRADESH,ALIGARH,2019,393769,11917.9383,9723.5224,0.8159
UTTAR PRADESH,ALIGARH,2020,405028,12809.8503,10256.0192,0.8006
UTTAR PRADESH,ALIGARH,2021,442704,13939.5462,11137.8627,0.799
UTTAR PRADESH,ALIGARH,2022,468937,15329.1134,11995.3445,0.7825
UTTAR PRADESH,ALIGARH,2023,517274,17365.3479,13273.8431,0.7644
UTTAR PRADESH,ALIGARH,2024,580618,20712.5543,15597.8189,0.7531
UTTAR PRADESH,ALLAHABAD,2019,424242,14522.4179,9530.6159,0.6563
UTTAR PRADESH,ALLAHABAD,2020,545346,18323.486,13418.1519,0.7323
UTTAR PRADESH,ALLAHABAD,2021,613089,21922.2651,16128.5265,0.7357
UTTAR PRADESH,ALLAHABAD,2022,667171,23629.6095,16552.6973,0.7005
UTTAR PRADESH,AMBEDKAR NAGAR,2019,161700,2704.5346,2049.9392,0.758
UTTAR PRADESH,AMBEDKAR NAGAR,2020,187192,3211.5363,2326.4412,0.7244
UTTAR PRADESH,AMBEDKAR NAGAR,2021,182411,3600.954,2648.7518,0.7356
UTTAR PRADESH,AMBEDKAR NAGAR,2022,201591,4117.2199,2976.3574,0.7229
UTTAR PRADESH,AMBEDKAR NAGAR,2023,230148,5120.9427,3643.7905,0.7115
UTTAR PRADESH,AMBEDKAR NAGAR,2024,257616,6185.4455,4370.9879,0.7067
UTTAR PRADESH,AMETHI,2019,135582,2301.2138,1728.6579,0.7512
UTTAR PRADESH,AMETHI,2020,242553,3331.8615,2395.8622,0.7191
UTTAR PRADESH,AMETHI,2021,287844,3935.7491,2905.4547,0.7382
UTTAR PRADESH,AMETHI,2022,306141,4235.5856,3168.4052,0.748
UTTAR PRADESH,AMETHI,2023,334231,4932.7079,3555.8274,0.7209
UTTAR PRADESH,AMETHI,2024,369196,5690.6051,4105.8935,0.7215
UTTAR PRADESH,AMROHA,2023,264146,6750.6882,5193.1408,0.7693
UTTAR PRADESH,AMROHA,2024,266913,7262.8921,5532.589,0.7618
UTTAR PRADESH,AURAIYA,2019,69648,1339.911,1048.3854,0.7824
UTTAR PRADESH,AURAIYA,2020,72768,1495.0904,1152.0573,0.7706
UTTAR PRADESH,AURAIYA,2021,90804,1855.6991,1441.0707,0.7766
UTTAR PRADESH,AURAIYA,2022,91792,2184.4371,1672.131,0.7655
UTTAR PRADESH,AURAIYA,2023,99452,2680.0184,2010.2355,0.7501
UTTAR PRADESH,AURAIYA,2024,113232,3290.166,2402.5305,0.7302
UTTAR PRADESH,AYODHYA,2023,287921,7644.2964,5547.5961,0.7257
UTTAR PRADESH,AYODHYA,2024,328322,9604.2899,6803.49,0.7084
UTTAR PRADESH,AZAMGARH,2019,276800,4561.3754,3428.4559,0.7516
UTTAR PRADESH,AZAMGARH,2020,286242,4984.6505,3671.4898,0.7366
UTTAR PRADESH,AZAMGARH,2021,289785,5626.5573,4238.4067,0.7533
UTTAR PRADESH,AZAMGARH,2022,296352,6249.9966,4790.151,0.7664
UTTAR PRADESH,AZAMGARH,2023,343771,7946.372,6017.7229,0.7573
UTTAR PRADESH,AZAMGARH,2024,406404,9865.818,7432.9503,0.7534
UTTAR PRADESH,BAGHPAT,2019,105846,2597.6123,2201.1933,0.8474
UTTAR PRADESH,BAGHPAT,2020,110493,2803.8505,2309.4482,0.8237
UTTAR PRADESH,BAGHPAT,2021,127925,3059.8374,2578.2142,0.8426
UTTAR PRADESH,BAGHPAT,2022,134098,3383.8448,2826.1209,0.8352
UTTAR PRADESH,BAGHPAT,2023,140595,3763.3616,3050.4227,0.8106
UTTAR PRADESH,BAGHPAT,2024,153498,4273.6489,3398.4324,0.7952
UTTAR PRADESH,BAHRAICH,2019,224603,4289.556,3591.5451,0.8373
UTTAR PRADESH,BAHRAICH,2020,226084,4592.9326,3748.0796,0.8161
UTTAR PRADESH,BAHRAICH,2021,242380,5067.8669,4176.5157,0.8241
UTTAR PRADESH,BAHRAICH,2022,255091,5871.138,4856.4117,0.8272
UTTAR PRADESH,BAHRAICH,2023,279263,7076.9816,5759.6951,0.8139
UTTAR PRADESH,BAHRAICH,2024,321605,8602.1378,6671.9496,0.7756
UTTAR PRADESH,BALLIA,2019,262086,3278.1095,2311.1505,0.705
UTTAR PRADESH,BALLIA,2020,213477,3319.6091,2496.4941,0.752
UTTAR PRADESH,BALLIA,2021,243076,3668.2438,2806.0933,0.765
UTTAR PRADESH,BALLIA,2022,243456,4415.1971,3371.3232,0.7636
UTTAR PRADESH,BALLIA,2023,275523,5547.8704,4103.716,0.7397
UTTAR PRADESH,BALLIA,2024,297311,6884.3975,4936.4567,0.717
UTTAR PRADESH,BALRAMPUR,2019,104645,1867.3999,1529.9683,0.8193
UTTAR PRADESH,BALRAMPUR,2020,114866,2264.9978,1808.8177,0.7986
UTTAR PRADESH,BALRAMPUR,2021,132468,2613.0304,2177.1119,0.8332
UTTAR PRADESH,BALRAMPUR,2022,142533,2952.6005,2405.1158,0.8146
UTTAR PRADESH,BALRAMPUR,2023,148804,3475.9752,2755.9418,0.7929
UTTAR PRADESH,BALRAMPUR,2024,156668,4032.8419,3152.2404,0.7816
UTTAR PRADESH,BANDA,2019,170101,2777.7772,2488.1103,0.8957
UTTAR PRADESH,BANDA,2020,161591,2711.4435,2502.107,0.9228
UTTAR PRADESH,BANDA,2021,163594,2944.157,2652.9021,0.9011
UTTAR PRADESH,BANDA,2022,170608,3221.5294,2849.8028,0.8846
UTTAR PRADESH,BANDA,2023,178110,3693.5235,3165.2786,0.857
UTTAR PRADESH,BANDA,2024,188203,4414.0786,3611.1726,0.8181
UTTAR PRADESH,BARA BANKI,2019,327048,6409.3653,4685.08,0.731
UTTAR PRADESH,BARA BANKI,2020,356002,6752.2122,5041.7524,0.7467
UTTAR PRADESH,BARA BANKI,2021,383792,7410.9421,5662.0785,0.764
UTTAR PRADESH,BARA BANKI,2022,405080,8528.5243,6466.1402,0.7582
UTTAR PRADESH,BARA BANKI,2023,409030,9788.7304,7179.613,0.7335
UTTAR PRADESH,BARA BANKI,2024,388090,11065.1409,8163.6708,0.7378
UTTAR PRADESH,BAREILLY,2019,441628,14048.5284,10690.7404,0.761
UTTAR PRADESH,BAREILLY,2020,714574,16149.3217,11847.9825,0.7337
UTTAR PRADESH,BAREILLY,2021,757967,18114.9016,13397.4475,0.7396
UTTAR PRADESH,BAREILLY,2022,846973,20816.4702,15420.4744,0.7408
UTTAR PRADESH,BAREILLY,2023,1006951,25441.1016,18777.5754,0.7381
UTTAR PRADESH,BAREILLY,2024,1154188,31995.8335,23253.7486,0.7268
UTTAR PRADESH,BASTI,2019,158791,3001.4578,2332.9666,0.7773
UTTAR PRADESH,BASTI,2020,179592,3401.8281,2590.5186,0.7615
UTTAR PRADESH,BASTI,2021,197736,3660.083,2843.7163,0.777
UTTAR PRADESH,BASTI,2022,206162,4233.7803,3250.0393,0.7676
UTTAR PRADESH,BASTI,2023,232240,5303.937,3878.081,0.7312
UTTAR PRADESH,BASTI,2024,256148,6360.7756,4591.8605,0.7219
UTTAR PRADESH,BHIM NAGAR,2019,178736,3671.486,3172.5588,0.8641
UTTAR PRADESH,BHIM NAGAR,2020,194143,4669.5067,3774.0887,0.8082
UTTAR PRADESH,BHIM NAGAR,2021,210387,4922.5594,4095.6151,0.832
UTTAR PRADESH,BHIM NAGAR,2022,225138,5684.5819,4604.9119,0.8101
UTTAR PRADESH,BIJNOR,2019,354982,10061.4212,8189.571,0.814
UTTAR PRADESH,BIJNOR,2020,375117,10632.4492,8788.5688,0.8266
UTTAR PRADESH,BIJNOR,2021,416835,11026.4165,8893.1391,0.8065
UTTAR PRADESH,BIJNOR,2022,416618,14098.6962,9392.411,0.6662
UTTAR PRADESH,BIJNOR,2023,437371,13095.0381,9677.3428,0.739
UTTAR PRADESH,BIJNOR,2024,475542,15288.0043,10719.046,0.7011
UTTAR PRADESH,BUDAUN,2019,234590,4604.4065,3893.5211,0.8456
UTTAR PRADESH,BUDAUN,2020,239735,5043.2621,4191.0876,0.831
UTTAR PRADESH,BUDAUN,2021,263127,5678.5281,4781.7913,0.8421
UTTAR PRADESH,BUDAUN,2022,275939,6192.757,5181.5907,0.8367
UTTAR PRADESH,BUDAUN,2023,292653,7296.0431,5814.2682,0.7969
UTTAR PRADESH,BUDAUN,2024,308022,8202.0428,6551.7772,0.7988
UTTAR PRADESH,BULANDSHAHR,2019,322126,8091.0924,6693.4137,0.8273
UTTAR PRADESH,BULANDSHAHR,2020,353546,8736.5482,7028.3281,0.8045
UTTAR PRADESH,BULANDSHAHR,2021,380836,9182.2826,7466.1481,0.8131
UTTAR PRADESH,BULANDSHAHR,2022,395767,9984.6988,7992.4445,0.8005
UTTAR PRADESH,BULANDSHAHR,2023,418951,11264.1744,8727.9885,0.7748
UTTAR PRADESH,BULANDSHAHR,2024,465774,13335.806,10104.3922,0.7577
UTTAR PRADESH,CHANDAULI,2019,153536,2516.5153,1964.2834,0.7806
UTTAR PRADESH,CHANDAULI,2020,164760,2923.2301,2232.8682,0.7638
UTTAR PRADESH,CHANDAULI,2021,188669,3450.9176,2700.7581,0.7826
UTTAR PRADESH,CHANDAULI,2022,181182,3806.6438,2962.3187,0.7782
UTTAR PRADESH,CHANDAULI,2023,196873,4818.568,3613.3146,0.7499
UTTAR PRADESH,CHANDAULI,2024,217160,5755.739,4285.5312,0.7446
UTTAR PRADESH,CHITRAKOOT,2019,101266,1313.3679,1179.5259,0.8981
UTTAR PRADESH,CHITRAKOOT,2020,101759,1398.6994,1227.3306,0.8775
UTTAR PRADESH,CHITRAKOOT,2021,106647,1617.0477,1427.8176,0.883
UTTAR PRADESH,CHITRAKOOT,2022,108511,1796.1796,1570.827,0.8745
UTTAR PRADESH,CHITRAKOOT,2023,115216,2102.8631,1776.9065,0.845
UTTAR PRADESH,CHITRAKOOT,2024,119472,2427.5172,1944.7762,0.8011
UTTAR PRADESH,DEORIA,2019,232427,3419.9373,2620.9479,0.7664
UTTAR PRADESH,DEORIA,2020,247069,3874.5802,2930.3762,0.7563
UTTAR PRADESH,DEORIA,2021,265977,4345.5749,3362.9722,0.7739
UTTAR PRADESH,DEORIA,2022,279837,5300.3307,4059.8157,0.766
UTTAR PRADESH,DEORIA,2023,328876,6744.5449,4999.521,0.7413
UTTAR PRADESH,DEORIA,2024,366458,8439.9719,6083.254,0.7208
UTTAR PRADESH,ETAH,2019,182028,3812.8575,3057.8991,0.802
UTTAR PRADESH,ETAH,2020,163610,3948.1605,3186.0794,0.807
UTTAR PRADESH,ETAH,2021,185079,4068.5315,3384.2001,0.8318
UTTAR PRADESH,ETAH,2022,181799,4451.8228,3701.3366,0.8314
UTTAR PRADESH,ETAH,2023,197285,5170.9324,4150.5024,0.8027
UTTAR PRADESH,ETAH,2024,211992,5976.5994,4687.1541,0.7843
UTTAR PRADESH,ETAWAH,2019,103724,2716.9437,2139.4542,0.7874
UTTAR PRADESH,ETAWAH,2020,124554,3006.3149,2318.1939,0.7711
UTTAR PRADESH,ETAWAH,2021,141857,3257.6244,2532.8355,0.7775
UTTAR PRADESH,ETAWAH,2022,156390,3905.7869,2986.5405,0.7646
UTTAR PRADESH,ETAWAH,2023,172957,4704.6411,3506.7273,0.7454
UTTAR PRADESH,ETAWAH,2024,218064,6036.8417,4422.0165,0.7325
UTTAR PRADESH,FAIZABAD,2019,243846,7321.1628,5451.5887,0.7446
UTTAR PRADESH,FAIZABAD,2020,212415,5313.6209,3880.4599,0.7303
UTTAR PRADESH,FAIZABAD,2021,231374,5397.649,4010.9414,0.7431
UTTAR PRADESH,FAIZABAD,2022,237914,6050.9542,4481.1894,0.7406
UTTAR PRADESH,FARRUKHABAD,2019,163281,3269.1447,2564.8944,0.7846
UTTAR PRADESH,FARRUKHABAD,2020,157906,3347.1961,2584.6771,0.7722
UTTAR PRADESH,FARRUKHABAD,2021,168671,3559.1071,2778.0319,0.7805
UTTAR PRADESH,FARRUKHABAD,2022,179292,3981.2471,3079.4047,0.7735
UTTAR PRADESH,FARRUKHABAD,2023,194798,4689.9032,3589.4544,0.7654
UTTAR PRADESH,FARRUKHABAD,2024,205576,5475.865,4092.4488,0.7474
UTTAR PRADESH,FATEHPUR,2019,180035,3661.3491,2785.3387,0.7607
UTTAR PRADESH,FATEHPUR,2020,197427,4210.1383,3086.4953,0.7331
UTTAR PRADESH,FATEHPUR,2021,219463,4706.3423,3514.9869,0.7469
UTTAR PRADESH,FATEHPUR,2022,222471,4968.1521,3738.4413,0.7525
UTTAR PRADESH,FATEHPUR,2023,252619,6301.257,4615.3354,0.7324
UTTAR PRADESH,FATEHPUR,2024,272823,7404.0634,5407.5557,0.7303
UTTAR PRADESH,FIROZABAD,2019,172726,5177.1946,4066.1918,0.7854
UTTAR PRADESH,FIROZABAD,2020,196274,5595.7796,4267.2247,0.7626
UTTAR PRADESH,FIROZABAD,2021,215805,6072.8197,4662.3685,0.7677
UTTAR PRADESH,FIROZABAD,2022,246045,7066.2089,5267.9034,0.7455
UTTAR PRADESH,FIROZABAD,2023,286975,8594.0544,6216.6454,0.7234
UTTAR PRADESH,FIROZABAD,2024,337520,10457.8681,7593.5942,0.7261
UTTAR PRADESH,GAUTAM BUDDHA NAGAR,2019,1017912,100349.3361,57704.4392,0.575
UTTAR PRADESH,GAUTAM BUDDHA NAGAR,2020,1253673,113301.1009,62574.4266,0.5523
UTTAR PRADESH,GAUTAM BUDDHA NAGAR,2021,1400190,123124.5305,66040.5236,0.5364
UTTAR PRADESH,GAUTAM BUDDHA NAGAR,2022,1514610,149662.866,82124.7629,0.5487
UTTAR PRADESH,GAUTAM BUDDHA NAGAR,2023,1572561,171430.5181,96079.428,0.5605
UTTAR PRADESH,GAUTAM BUDDHA NAGAR,2024,1739692,233496.9335,135821.1812,0.5817
UTTAR PRADESH,GHAZIABAD,2019,711893,42367.4187,28654.5337,0.6763
UTTAR PRADESH,GHAZIABAD,2020,777713,47356.189,29511.9523,0.6232
UTTAR PRADESH,GHAZIABAD,2021,848418,47685.0908,30735.2682,0.6445
UTTAR PRADESH,GHAZIABAD,2022,911346,53201.7831,33852.3897,0.6363
UTTAR PRADESH,GHAZIABAD,2023,996854,65207.7378,40715.5051,0.6244
UTTAR PRADESH,GHAZIABAD,2024,1118426,84275.0119,54300.9023,0.6443
UTTAR PRADESH,GHAZIPUR,2019,245408,4202.9799,3323.6985,0.7908
UTTAR PRADESH,GHAZIPUR,2020,260777,4789.036,3707.7443,0.7742
UTTAR PRADESH,GHAZIPUR,2021,290681,5505.411,4343.4296,0.7889
UTTAR PRADESH,GHAZIPUR,2022,293123,6242.289,4993.1154,0.7999
UTTAR PRADESH,GHAZIPUR,2023,337782,7738.2914,6063.6034,0.7836
UTTAR PRADESH,GHAZIPUR,2024,371787,9395.5606,7185.5285,0.7648
UTTAR PRADESH,GONDA,2019,244823,4293.901,3677.1182,0.8564
UTTAR PRADESH,GONDA,2020,251490,4654.0648,3940.1061,0.8466
UTTAR PRADESH,GONDA,2021,266491,5209.9542,4377.6261,0.8402
UTTAR PRADESH,GONDA,2022,288528,5782.0509,4801.9175,0.8305
UTTAR PRADESH,GONDA,2023,309178,6933.9716,5563.9105,0.8024
UTTAR PRADESH,GONDA,2024,323351,8077.3726,6263.5785,0.7754
UTTAR PRADESH,GORAKHPUR,2019,414430,12788.2089,9536.4119,0.7457
UTTAR PRADESH,GORAKHPUR,2020,464889,14242.2986,10247.495,0.7195
UTTAR PRADESH,GORAKHPUR,2021,498657,16240.3193,12072.9872,0.7434
UTTAR PRADESH,GORAKHPUR,2022,511328,19426.2792,14342.9179,0.7383
UTTAR PRADESH,GORAKHPUR,2023,631107,24126.7512,17731.4294,0.7349
UTTAR PRADESH,GORAKHPUR,2024,808896,31411.5327,22573.4239,0.7186
UTTAR PRADESH,HAMIRPUR,2019,134266,2165.1422,2096.7584,0.9684
UTTAR PRADESH,HAMIRPUR,2020,130564,2309.1489,2063.6335,0.8937
UTTAR PRADESH,HAMIRPUR,2021,115906,2029.4201,1802.5666,0.8882
UTTAR PRADESH,HAMIRPUR,2022,124053,2267.9354,2013.6327,0.8879
UTTAR PRADESH,HAMIRPUR,2023,133866,2673.7446,2300.3729,0.8604
UTTAR PRADESH,HAMIRPUR,2024,144216,3094.9396,2565.3888,0.8289
UTTAR PRADESH,HAPUR,2023,177096,5838.1594,4376.9315,0.7497
UTTAR PRADESH,HAPUR,2024,207371,8488.849,5423.3798,0.6389
UTTAR PRADESH,HARDOI,2019,394999,5309.3848,4133.9275,0.7786
UTTAR PRADESH,HARDOI,2020,342938,5436.9846,4065.6697,0.7478
UTTAR PRADESH,HARDOI,2021,335282,6016.5841,4729.3425,0.7861
UTTAR PRADESH,HARDOI,2022,349201,6796.9389,5313.7223,0.7818
UTTAR PRADESH,HARDOI,2023,368908,7843.2315,5935.1179,0.7567
UTTAR PRADESH,HARDOI,2024,392168,9127.7027,6827.858,0.748
UTTAR PRADESH,HATHRAS,2019,154172,3738.1381,3137.2521,0.8393
UTTAR PRADESH,HATHRAS,2020,157933,3983.4105,3324.1047,0.8345
UTTAR PRADESH,HATHRAS,2021,168455,4268.1174,3518.6092,0.8244
UTTAR PRADESH,HATHRAS,2022,189346,4712.3324,3843.2919,0.8156
UTTAR PRADESH,HATHRAS,2023,209445,5353.6983,4262.9421,0.7963
UTTAR PRADESH,HATHRAS,2024,228487,6227.4733,4843.1314,0.7777
UTTAR PRADESH,JALAUN,2019,155897,4219.5449,2651.7746,0.6285
UTTAR PRADESH,JALAUN,2020,147539,2976.2083,2552.9737,0.8578
UTTAR PRADESH,JALAUN,2021,145986,2937.3563,2604.5396,0.8867
UTTAR PRADESH,JALAUN,2022,158642,3284.0501,2870.6525,0.8741
UTTAR PRADESH,JALAUN,2023,167289,3868.4266,3236.2614,0.8366
UTTAR PRADESH,JALAUN,2024,184585,4546.6171,3640.4655,0.8007
UTTAR PRADESH,JAUNPUR,2019,350813,5204.3784,4029.0769,0.7742
UTTAR PRADESH,JAUNPUR,2020,371147,5860.0679,4499.2375,0.7678
UTTAR PRADESH,JAUNPUR,2021,406551,6654.6332,5192.2706,0.7802
UTTAR PRADESH,JAUNPUR,2022,414352,7346.9807,5801.7743,0.7897
UTTAR PRADESH,JAUNPUR,2023,467168,9091.707,6990.4426,0.7689
UTTAR PRADESH,JAUNPUR,2024,509778,11040.708,8324.4585,0.754
UTTAR PRADESH,JHANSI,2019,245706,7875.5535,6074.6512,0.7713
UTTAR PRADESH,JHANSI,2020,261508,8738.3051,6775.0187,0.7753
UTTAR PRADESH,JHANSI,2021,287668,9699.9258,7308.8405,0.7535
UTTAR PRADESH,JHANSI,2022,304084,10836.9202,8079.0493,0.7455
UTTAR PRADESH,JHANSI,2023,328902,12757.7022,9449.5929,0.7407
UTTAR PRADESH,JHANSI,2024,375771,15593.7453,11455.5977,0.7346
UTTAR PRADESH,JYOTIBA PHULE NAGAR,2019,223065,3935.0698,3462.2355,0.8798
UTTAR PRADESH,JYOTIBA PHULE NAGAR,2020,224163,4646.6589,3692.0452,0.7946
UTTAR PRADESH,JYOTIBA PHULE NAGAR,2021,236900,4962.7065,4048.9401,0.8159
UTTAR PRADESH,JYOTIBA PHULE NAGAR,2022,245368,5477.8141,4351.2579,0.7943
UTTAR PRADESH,KANAUJ,2019,150562,2575.6476,2086.7398,0.8102
UTTAR PRADESH,KANAUJ,2020,158236,2944.9362,2349.9539,0.798
UTTAR PRADESH,KANAUJ,2021,180866,3239.5872,2646.5747,0.8169
UTTAR PRADESH,KANAUJ,2022,182178,3642.7592,2931.7681,0.8048
UTTAR PRADESH,KANAUJ,2023,189129,4177.7431,3329.4332,0.7969
UTTAR PRADESH,KANAUJ,2024,209069,4958.2123,3887.3108,0.784
UTTAR PRADESH,KANPUR DEHAT,2019,367928,4578.8936,2380.9492,0.52
UTTAR PRADESH,KANPUR DEHAT,2020,163251,2985.7877,2205.9113,0.7388
UTTAR PRADESH,KANPUR DEHAT,2021,177629,4223.7495,2939.2374,0.6959
UTTAR PRADESH,KANPUR DEHAT,2022,167418,4605.767,3355.7383,0.7286
UTTAR PRADESH,KANPUR DEHAT,2023,195165,3841.331,2922.2312,0.7607
UTTAR PRADESH,KANPUR DEHAT,2024,222843,4683.6318,3545.2244,0.7569
UTTAR PRADESH,KANPUR NAGAR,2019,507986,43677.6174,30998.6348,0.7097
UTTAR PRADESH,KANPUR NAGAR,2020,601093,42129.3633,29973.9658,0.7115
UTTAR PRADESH,KANPUR NAGAR,2021,699505,44549.8218,30372.4905,0.6818
UTTAR PRADESH,KANPUR NAGAR,2022,763187,55905.6827,37949.5251,0.6788
UTTAR PRADESH,KANPUR NAGAR,2023,877682,66805.8013,45971.4067,0.6881
UTTAR PRADESH,KANPUR NAGAR,2024,976768,80264.4955,53520.8992,0.6668
UTTAR PRADESH,KANSHIRAM NAGAR,2019,100785,1724.4066,1479.31,0.8579
UTTAR PRADESH,KANSHIRAM NAGAR,2020,114970,2095.0498,1759.9664,0.8401
UTTAR PRADESH,KANSHIRAM NAGAR,2021,128563,2369.8132,2052.3194,0.866
UTTAR PRADESH,KANSHIRAM NAGAR,2022,130944,2630.6406,2249.6953,0.8552
UTTAR PRADESH,KASGANJ,2023,138252,3021.68,2519.8772,0.8339
UTTAR PRADESH,KASGANJ,2024,147088,3486.15,2838.9518,0.8144
UTTAR PRADESH,KAUSHAMBI,2019,83836,1264.8893,944.6861,0.7469
UTTAR PRADESH,KAUSHAMBI,2020,99918,1581.5804,1136.1066,0.7183
UTTAR PRADESH,KAUSHAMBI,2021,117931,1927.6386,1432.8303,0.7433
UTTAR PRADESH,KAUSHAMBI,2022,121687,2110.3964,1593.9951,0.7553
UTTAR PRADESH,KAUSHAMBI,2023,139072,2705.4622,1981.8998,0.7326
UTTAR PRADESH,KAUSHAMBI,2024,153697,3273.541,2377.0253,0.7261
UTTAR PRADESH,KHERI,2019,354447,6774.372,5439.088,0.8029
UTTAR PRADESH,KHERI,2020,337111,6940.6643,5666.0268,0.8164
UTTAR PRADESH,KHERI,2021,355151,7492.5483,6342.2962,0.8465
UTTAR PRADESH,KHERI,2022,382491,8385.9609,7068.6502,0.8429
UTTAR PRADESH,KHERI,2023,422198,9951.9834,8133.3795,0.8173
UTTAR PRADESH,KHERI,2024,442913,11122.622,8852.4601,0.7959
UTTAR PRADESH,KUSHI NAGAR,2019,337520,3621.1977,2837.2355,0.7835
UTTAR PRADESH,KUSHI NAGAR,2020,387066,4106.7956,3132.4921,0.7628
UTTAR PRADESH,KUSHI NAGAR,2021,387447,4404.3021,3461.8344,0.786
UTTAR PRADESH,KUSHI NAGAR,2022,422132,5202.1749,4015.0487,0.7718
UTTAR PRADESH,KUSHI NAGAR,2023,447414,6152.1985,4648.9038,0.7556
UTTAR PRADESH,KUSHI NAGAR,2024,456309,7263.1008,5378.0536,0.7405
UTTAR PRADESH,LALITPUR,2019,162214,2912.5728,2453.6896,0.8424
UTTAR PRADESH,LALITPUR,2020,166770,3048.1962,2692.3167,0.8832
UTTAR PRADESH,LALITPUR,2021,178306,3463.4213,2855.0249,0.8243
UTTAR PRADESH,LALITPUR,2022,181690,3825.687,3066.7878,0.8016
UTTAR PRADESH,LALITPUR,2023,192562,4366.4643,3536.0411,0.8098
UTTAR PRADESH,LALITPUR,2024,200920,4780.9149,3913.5246,0.8186
UTTAR PRADESH,LUCKNOW,2019,853008,73039.0953,43971.025,0.602
UTTAR PRADESH,LUCKNOW,2020,1058660,83949.1052,53037.593,0.6318
UTTAR PRADESH,LUCKNOW,2021,1228884,111223.736,67907.0568,0.6105
UTTAR PRADESH,LUCKNOW,2022,1335178,125084.7235,79709.811,0.6372
UTTAR PRADESH,LUCKNOW,2023,1541612,137618.079,92023.5065,0.6687
UTTAR PRADESH,LUCKNOW,2024,1788015,165806.2228,111348.086,0.6716
UTTAR PRADESH,MAHARAJGANJ,2019,170198,2565.6529,1971.7633,0.7685
UTTAR PRADESH,MAHARAJGANJ,2020,179870,2882.6024,2172.3479,0.7536
UTTAR PRADESH,MAHARAJGANJ,2021,195085,3278.9175,2530.8124,0.7718
UTTAR PRADESH,MAHARAJGANJ,2022,228713,3877.7191,3004.3372,0.7748
UTTAR PRADESH,MAHARAJGANJ,2023,267696,4937.0768,3713.2636,0.7521
UTTAR PRADESH,MAHARAJGANJ,2024,309922,6349.3925,4717.1343,0.7429
UTTAR PRADESH,MAHOBA,2019,77405,1308.1262,1224.4706,0.936
UTTAR PRADESH,MAHOBA,2020,74390,1350.5509,1202.6128,0.8905
UTTAR PRADESH,MAHOBA,2021,97785,1896.9106,1729.866,0.9119
UTTAR PRADESH,MAHOBA,2022,102170,2085.4578,1863.6364,0.8936
UTTAR PRADESH,MAHOBA,2023,109325,2400.373,2104.8442,0.8769
UTTAR PRADESH,MAHOBA,2024,120115,2829.618,2366.673,0.8364
UTTAR PRADESH,MAINPURI,2019,138805,3105.3057,2493.5043,0.803
UTTAR PRADESH,MAINPURI,2020,143342,3485.1317,2757.4926,0.7912
UTTAR PRADESH,MAINPURI,2021,152070,3788.7499,3011.1564,0.7948
UTTAR PRADESH,MAINPURI,2022,164524,4262.002,3340.5159,0.7838
UTTAR PRADESH,MAINPURI,2023,179804,5122.7032,3924.8663,0.7662
UTTAR PRADESH,MAINPURI,2024,195366,6251.4495,4779.807,0.7646
UTTAR PRADESH,MATHURA,2019,271388,9572.0212,7941.1215,0.8296
UTTAR PRADESH,MATHURA,2020,295110,10792.5178,8761.9675,0.8119
UTTAR PRADESH,MATHURA,2021,335095,12391.347,9582.7903,0.7733
UTTAR PRADESH,MATHURA,2022,355132,13824.08,10577.9334,0.7652
UTTAR PRADESH,MATHURA,2023,380468,16183.9652,12169.402,0.7519
UTTAR PRADESH,MATHURA,2024,423414,19271.4263,14276.1758,0.7408
UTTAR PRADESH,MAU,2019,154563,2371.5712,1779.0606,0.7502
UTTAR PRADESH,MAU,2020,141193,2562.6426,1888.1006,0.7368
UTTAR PRADESH,MAU,2021,321716,5044.4914,2585.4182,0.5125
UTTAR PRADESH,MAU,2022,224747,4200.1417,2890.1793,0.6881
UTTAR PRADESH,MAU,2023,244886,5102.2831,3591.5407,0.7039
UTTAR PRADESH,MAU,2024,260702,6092.9939,4232.9391,0.6947
UTTAR PRADESH,MEERUT,2019,433525,21837.8542,16834.3257,0.7709
UTTAR PRADESH,MEERUT,2020,462841,23155.8791,17224.2162,0.7438
UTTAR PRADESH,MEERUT,2021,507367,24630.415,18117.0405,0.7356
UTTAR PRADESH,MEERUT,2022,551591,27919.9996,20058.909,0.7184
UTTAR PRADESH,MEERUT,2023,627910,31963.1061,23269.8302,0.728
UTTAR PRADESH,MEERUT,2024,725135,39838.1678,28228.9249,0.7086
UTTAR PRADESH,MIRZAPUR,2019,207872,3438.9677,2749.2406,0.7994
UTTAR PRADESH,MIRZAPUR,2020,212019,3698.724,2866.1619,0.7749
UTTAR PRADESH,MIRZAPUR,2021,226427,4113.9412,3254.4801,0.7911
UTTAR PRADESH,MIRZAPUR,2022,240991,4764.7261,3759.2252,0.789
UTTAR PRADESH,MIRZAPUR,2023,254797,5795.7301,4502.4879,0.7769
UTTAR PRADESH,MIRZAPUR,2024,275597,7089.2389,5354.3939,0.7553
UTTAR PRADESH,MORADABAD,2019,354277,13879.3303,10376.5915,0.7476
UTTAR PRADESH,MORADABAD,2020,351802,15574.8587,10827.5276,0.6952
UTTAR PRADESH,MORADABAD,2021,399747,16389.6677,11559.9145,0.7053
UTTAR PRADESH,MORADABAD,2022,397540,18581.3181,13170.6143,0.7088
UTTAR PRADESH,MORADABAD,2023,422451,21416.7471,14689.4077,0.6859
UTTAR PRADESH,MORADABAD,2024,490774,25842.352,18006.081,0.6968
UTTAR PRADESH,MUZAFFARNAGAR,2019,259370,10667.9847,8410.311,0.7884
UTTAR PRADESH,MUZAFFARNAGAR,2020,278038,11166.1116,8625.9929,0.7725
UTTAR PRADESH,MUZAFFARNAGAR,2021,308038,11745.8712,9032.6129,0.769
UTTAR PRADESH,MUZAFFARNAGAR,2022,334462,12906.9335,9884.5883,0.7658
UTTAR PRADESH,MUZAFFARNAGAR,2023,405919,16026.312,11905.0241,0.7428
UTTAR PRADESH,MUZAFFARNAGAR,2024,530278,20552.972,15171.4991,0.7382
UTTAR PRADESH,PANCHSHEEL NAGAR,2019,114735,3603.6366,2742.3721,0.761
UTTAR PRADESH,PANCHSHEEL NAGAR,2020,125781,4390.5568,3045.9691,0.6938
UTTAR PRADESH,PANCHSHEEL NAGAR,2021,167182,4905.8306,3481.8329,0.7097
UTTAR PRADESH,PANCHSHEEL NAGAR,2022,158400,6431.3248,4058.7178,0.6311
UTTAR PRADESH,PILIBHIT,2019,152246,3956.699,3153.2245,0.7969
UTTAR PRADESH,PILIBHIT,2020,155987,4251.4794,3270.7973,0.7693
UTTAR PRADESH,PILIBHIT,2021,172351,4711.1841,3660.0212,0.7769
UTTAR PRADESH,PILIBHIT,2022,187128,5229.0996,4027.5627,0.7702
UTTAR PRADESH,PILIBHIT,2023,211868,6888.4061,5472.6289,0.7945
UTTAR PRADESH,PILIBHIT,2024,232652,7750.4781,5728.9089,0.7392
UTTAR PRADESH,PRABUDH NAGAR,2019,110257,2566.2705,2124.5602,0.8279
UTTAR PRADESH,PRABUDH NAGAR,2020,120590,2790.837,2222.4386,0.7963
UTTAR PRADESH,PRABUDH NAGAR,2021,137657,3042.1721,2530.108,0.8317
UTTAR PRADESH,PRABUDH NAGAR,2022,139817,3374.9913,2762.8993,0.8186
UTTAR PRADESH,PRATAPGARH,2019,153679,2904.4966,2116.865,0.7288
UTTAR PRADESH,PRATAPGARH,2020,177174,3546.4117,2566.7644,0.7238
UTTAR PRADESH,PRATAPGARH,2021,211643,4168.5085,3094.123,0.7423
UTTAR PRADESH,PRATAPGARH,2022,213890,4490.5672,3426.7856,0.7631
UTTAR PRADESH,PRATAPGARH,2023,266677,5818.4564,4302.6838,0.7395
UTTAR PRADESH,PRATAPGARH,2024,305389,6997.47,5094.6774,0.7281
UTTAR PRADESH,PRAYAGRAJ,2023,753202,29082.2134,20499.5309,0.7049
UTTAR PRADESH,PRAYAGRAJ,2024,855385,36722.945,25386.2728,0.6913
UTTAR PRADESH,RAI BARELI,2019,228604,5126.9891,3548.9301,0.6922
UTTAR PRADESH,RAI BARELI,2020,243720,5495.8174,3977.4566,0.7237
UTTAR PRADESH,RAI BARELI,2021,283924,6259.3319,4664.7994,0.7453
UTTAR PRADESH,RAI BARELI,2022,289393,6955.373,5149.3096,0.7403
UTTAR PRADESH,RAI BARELI,2023,350019,8905.8312,6606.9143,0.7419
UTTAR PRADESH,RAI BARELI,2024,403819,10837.2465,8020.6473,0.7401
UTTAR PRADESH,RAMPUR,2019,227593,4292.1779,3637.068,0.8474
UTTAR PRADESH,RAMPUR,2020,232312,4876.8022,3939.7538,0.8079
UTTAR PRADESH,RAMPUR,2021,253841,5293.7078,4384.4657,0.8282
UTTAR PRADESH,RAMPUR,2022,257327,5811.7371,4682.942,0.8058
UTTAR PRADESH,RAMPUR,2023,273017,7194.1645,5523.3086,0.7677
UTTAR PRADESH,RAMPUR,2024,281439,8109.2432,6030.2271,0.7436
UTTAR PRADESH,SAHARANPUR,2019,412264,11293.4425,9019.2168,0.7986
UTTAR PRADESH,SAHARANPUR,2020,420741,12285.4505,9669.1551,0.787
UTTAR PRADESH,SAHARANPUR,2021,474182,12770.1094,9863.1872,0.7724
UTTAR PRADESH,SAHARANPUR,2022,503239,14343.8059,10916.4699,0.7611
UTTAR PRADESH,SAHARANPUR,2023,566564,16061.8661,12122.0642,0.7547
UTTAR PRADESH,SAHARANPUR,2024,645801,21098.1498,15545.8674,0.7368
UTTAR PRADESH,SAMBHAL,2023,225672,6131.4296,4720.8903,0.7699
UTTAR PRADESH,SAMBHAL,2024,244758,7432.57,5604.7976,0.7541
UTTAR PRADESH,SANT KABIR NAGAR,2019,101856,1790.8983,1393.6765,0.7782
UTTAR PRADESH,SANT KABIR NAGAR,2020,106796,1659.6913,1266.1298,0.7629
UTTAR PRADESH,SANT KABIR NAGAR,2021,119018,2059.9314,1603.0196,0.7782
UTTAR PRADESH,SANT KABIR NAGAR,2022,144831,2446.9981,1908.2835,0.7798
UTTAR PRADESH,SANT KABIR NAGAR,2023,217646,3272.2183,2483.8941,0.7591
UTTAR PRADESH,SANT KABIR NAGAR,2024,292010,4179.7656,3024.156,0.7235
UTTAR PRADESH,SANT RAVIDAS NAGAR,2019,95438,2225.6474,1645.0036,0.7391
UTTAR PRADESH,SANT RAVIDAS NAGAR,2020,188660,3064.2612,2196.1263,0.7167
UTTAR PRADESH,SANT RAVIDAS NAGAR,2021,223145,3630.921,2606.8874,0.718
UTTAR PRADESH,SANT RAVIDAS NAGAR,2022,246831,4185.5501,3017.9332,0.721
UTTAR PRADESH,SANT RAVIDAS NAGAR,2023,267268,4559.2531,3260.5043,0.7151
UTTAR PRADESH,SANT RAVIDAS NAGAR,2024,268377,5373.3214,3903.2587,0.7264
UTTAR PRADESH,SHAHJAHANPUR,2019,302832,6575.2004,5096.5859,0.7751
UTTAR PRADESH,SHAHJAHANPUR,2020,271238,7129.6665,5227.886,0.7333
UTTAR PRADESH,SHAHJAHANPUR,2021,269746,7585.1706,5835.2029,0.7693
UTTAR PRADESH,SHAHJAHANPUR,2022,277893,8056.4038,6104.367,0.7577
UTTAR PRADESH,SHAHJAHANPUR,2023,333311,9891.1777,7388.1733,0.7469
UTTAR PRADESH,SHAHJAHANPUR,2024,370162,11548.8222,8515.5376,0.7374
UTTAR PRADESH,SHAMLI,2023,151290,3961.3594,3124.1237,0.7886
UTTAR PRADESH,SHAMLI,2024,168989,4772.2652,3694.2098,0.7741
UTTAR PRADESH,SHRAVASTI,2019,72676,897.8911,764.6752,0.8516
UTTAR PRADESH,SHRAVASTI,2020,64774,928.3623,807.1781,0.8695
UTTAR PRADESH,SHRAVASTI,2021,76281,1168.1674,1054.6785,0.9028
UTTAR PRADESH,SHRAVASTI,2022,84569,1339.4003,1198.7929,0.895
UTTAR PRADESH,SHRAVASTI,2023,92921,1590.2623,1377.937,0.8665
UTTAR PRADESH,SHRAVASTI,2024,105877,1867.5754,1547.6074,0.8287
UTTAR PRADESH,SIDHARTHANAGAR,2019,136965,1953.0148,1412.6819,0.7233
UTTAR PRADESH,SIDHARTHANAGAR,2020,122187,2005.767,1523.5013,0.7596
UTTAR PRADESH,SIDHARTHANAGAR,2021,131116,2323.9304,1810.8009,0.7792
UTTAR PRADESH,SIDHARTHANAGAR,2022,147442,2744.574,2126.5764,0.7748
UTTAR PRADESH,SIDHARTHANAGAR,2023,163003,3361.6204,2516.2634,0.7485
UTTAR PRADESH,SIDHARTHANAGAR,2024,182510,4103.5357,3011.0777,0.7338
UTTAR PRADESH,SITAPUR,2019,313209,5029.1229,3937.5127,0.7829
UTTAR PRADESH,SITAPUR,2020,306998,5218.2975,4096.4948,0.785
UTTAR PRADESH,SITAPUR,2021,326061,5615.3076,4651.6551,0.8284
UTTAR PRADESH,SITAPUR,2022,348173,6663.7672,5538.969,0.8312
UTTAR PRADESH,SITAPUR,2023,373753,8051.5789,6374.7243,0.7917
UTTAR PRADESH,SITAPUR,2024,400592,9328.5764,7236.6581,0.7758
UTTAR PRADESH,SONBHADRA,2019,199312,5881.6102,3052.5746,0.519
UTTAR PRADESH,SONBHADRA,2020,211271,6190.1008,3237.2555,0.523
UTTAR PRADESH,SONBHADRA,2021,168603,6323.333,3401.9415,0.538
UTTAR PRADESH,SONBHADRA,2022,186648,6976.3773,3912.1921,0.5608
UTTAR PRADESH,SONBHADRA,2023,202712,7923.4137,4582.7762,0.5784
UTTAR PRADESH,SONBHADRA,2024,222218,8987.5559,5286.8994,0.5882
UTTAR PRADESH,SULTANPUR,2019,183801,3682.8234,2680.9349,0.728
UTTAR PRADESH,SULTANPUR,2020,184930,3697.5049,2644.7767,0.7153
UTTAR PRADESH,SULTANPUR,2021,195376,3935.3711,2879.4899,0.7317
UTTAR PRADESH,SULTANPUR,2022,210770,4428.7235,3296.9357,0.7444
UTTAR PRADESH,SULTANPUR,2023,245151,5607.8151,4064.2797,0.7248
UTTAR PRADESH,SULTANPUR,2024,265761,6603.8019,4760.9252,0.7209
UTTAR PRADESH,UNNAO,2019,225112,3636.3243,2706.4488,0.7443
UTTAR PRADESH,UNNAO,2020,224358,3906.2496,2896.101,0.7414
UTTAR PRADESH,UNNAO,2021,250666,4152.7554,3193.1959,0.7689
UTTAR PRADESH,UNNAO,2022,255907,4649.4467,3627.2511,0.7801
UTTAR PRADESH,UNNAO,2023,266429,5372.3393,4039.6296,0.7519
UTTAR PRADESH,UNNAO,2024,273511,6255.4055,4602.0891,0.7357
UTTAR PRADESH,VARANASI,2019,473936,20257.2407,15976.4468,0.7887
UTTAR PRADESH,VARANASI,2020,1131997,24008.0757,17713.0105,0.7378
UTTAR PRADESH,VARANASI,2021,1356642,28246.0711,20356.925,0.7207
UTTAR PRADESH,VARANASI,2022,1490068,34361.0239,25390.8969,0.7389
UTTAR PRADESH,VARANASI,2023,1607484,41615.1435,29829.9504,0.7168
UTTAR PRADESH,VARANASI,2024,1847361,49361.4064,34930.1199,0.7076
UTTARAKHAND,ALMORA,2019,48479,1460.0419,1040.3254,0.7125
UTTARAKHAND,ALMORA,2020,49619,1600.9669,1147.3694,0.7167
UTTARAKHAND,ALMORA,2021,55110,1719.5548,1240.8755,0.7216
UTTARAKHAND,ALMORA,2022,56980,1948.2679,1404.0771,0.7207
UTTARAKHAND,ALMORA,2023,62557,2265.2701,1642.4489,0.7251
UTTARAKHAND,ALMORA,2024,68238,2649.0546,1877.8502,0.7089
UTTARAKHAND,BAGESHWAR,2019,27249,652.8357,488.4076,0.7481
UTTARAKHAND,BAGESHWAR,2020,16143,473.3336,326.6811,0.6902
UTTARAKHAND,BAGESHWAR,2021,17352,504.5547,350.9194,0.6955
UTTARAKHAND,BAGESHWAR,2022,17926,562.8088,398.6983,0.7084
UTTARAKHAND,BAGESHWAR,2023,19115,658.5046,455.4593,0.6917
UTTARAKHAND,BAGESHWAR,2024,20756,751.5094,513.8322,0.6837
UTTARAKHAND,CHAMOLI,2019,29096,930.9704,666.8678,0.7163
UTTARAKHAND,CHAMOLI,2020,29021,1017.0556,714.2112,0.7022
UTTARAKHAND,CHAMOLI,2021,31671,1112.9441,779.395,0.7003
UTTARAKHAND,CHAMOLI,2022,31426,1204.8806,858.7723,0.7127
UTTARAKHAND,CHAMOLI,2023,32849,1393.9639,984.4044,0.7062
UTTARAKHAND,CHAMOLI,2024,34248,1483.5124,1032.9258,0.6963
UTTARAKHAND,CHAMPAWAT,2019,19959,634.1743,447.2101,0.7052
UTTARAKHAND,CHAMPAWAT,2020,22287,739.9343,525.3918,0.7101
UTTARAKHAND,CHAMPAWAT,2021,25111,857.077,624.2715,0.7284
UTTARAKHAND,CHAMPAWAT,2022,29269,981.0283,722.9918,0.737
UTTARAKHAND,CHAMPAWAT,2023,31803,1101.9107,779.34,0.7073
UTTARAKHAND,CHAMPAWAT,2024,34588,1243.8634,871.3677,0.7005
UTTARAKHAND,DEHRA DUN,2019,370077,25088.4351,18168.7371,0.7242
UTTARAKHAND,DEHRA DUN,2020,420335,28094.6204,19496.2016,0.6939
UTTARAKHAND,DEHRA DUN,2021,463050,30273.1212,20693.4624,0.6836
UTTARAKHAND,DEHRA DUN,2022,493322,36522.9396,23662.2664,0.6479
UTTARAKHAND,DEHRA DUN,2023,561317,41136.1616,27598.6415,0.6709
UTTARAKHAND,DEHRA DUN,2024,666299,52690.2168,36152.8349,0.6861
UTTARAKHAND,GARHWAL,2019,53980,2771.1914,2157.5948,0.7786
UTTARAKHAND,GARHWAL,2020,54034,2360.6512,1666.1025,0.7058
UTTARAKHAND,GARHWAL,2021,58675,2568.8083,1827.8371,0.7116
UTTARAKHAND,GARHWAL,2022,62970,3003.7129,2125.4454,0.7076
UTTARAKHAND,GARHWAL,2023,70761,3584.9994,2501.6893,0.6978
UTTARAKHAND,GARHWAL,2024,76730,4392.5786,3084.8119,0.7023
UTTARAKHAND,HARIDWAR,2019,287081,13692.7811,10560.897,0.7713
UTTARAKHAND,HARIDWAR,2020,301834,15023.4089,11510.8589,0.7662
UTTARAKHAND,HARIDWAR,2021,326864,16003.3955,12287.9665,0.7678
UTTARAKHAND,HARIDWAR,2022,334741,17636.9481,12774.0654,0.7243
UTTARAKHAND,HARIDWAR,2023,374724,19016.8919,13692.958,0.72
UTTARAKHAND,HARIDWAR,2024,424432,22525.6945,16044.6704,0.7123
UTTARAKHAND,NAINITAL,2019,128139,7588.102,5184.2804,0.6832
UTTARAKHAND,NAINITAL,2020,151237,8348.7467,5638.5194,0.6754
UTTARAKHAND,NAINITAL,2021,172281,9036.9606,5890.1617,0.6518
UTTARAKHAND,NAINITAL,2022,194733,10455.3212,6981.7991,0.6678
UTTARAKHAND,NAINITAL,2023,223352,12298.9538,8103.9006,0.6589
UTTARAKHAND,NAINITAL,2024,261995,14122.8507,10166.6493,0.7199
UTTARAKHAND,PITHORAGARH,2019,50162,1455.5372,1008.5354,0.6929
UTTARAKHAND,PITHORAGARH,2020,46607,1523.2944,1051.2131,0.6901
UTTARAKHAND,PITHORAGARH,2021,49722,1657.8688,1168.6971,0.7049
UTTARAKHAND,PITHORAGARH,2022,48511,1784.2277,1269.5082,0.7115
UTTARAKHAND,PITHORAGARH,2023,50481,1968.3385,1390.8224,0.7066
UTTARAKHAND,PITHORAGARH,2024,52885,2167.228,1491.4075,0.6882
UTTARAKHAND,RUDRAPRAYAG,2019,15985,430.3232,302.3851,0.7027
UTTARAKHAND,RUDRAPRAYAG,2020,35362,532.9571,373.0701,0.7
UTTARAKHAND,RUDRAPRAYAG,2021,38357,616.0184,444.3631,0.7213
UTTARAKHAND,RUDRAPRAYAG,2022,46436,703.3902,498.1678,0.7082
UTTARAKHAND,RUDRAPRAYAG,2023,55391,846.2315,589.9981,0.6972
UTTARAKHAND,RUDRAPRAYAG,2024,59399,971.1971,662.5832,0.6822
UTTARAKHAND,TEHRI GARHWAL,2019,38604,1131.4705,813.7385,0.7192
UTTARAKHAND,TEHRI GARHWAL,2020,38754,1231.1691,891.2287,0.7239
UTTARAKHAND,TEHRI GARHWAL,2021,45146,1441.9999,1043.0636,0.7233
UTTARAKHAND,TEHRI GARHWAL,2022,46717,1626.0712,1198.1719,0.7369
UTTARAKHAND,TEHRI GARHWAL,2023,49331,1925.4812,1358.9569,0.7058
UTTARAKHAND,TEHRI GARHWAL,2024,51610,2180.8975,1556.2582,0.7136
UTTARAKHAND,UDHAM SINGH NAGAR,2019,293259,15321.0679,11626.8715,0.7589
UTTARAKHAND,UDHAM SINGH NAGAR,2020,318687,16954.6142,12590.017,0.7426
UTTARAKHAND,UDHAM SINGH NAGAR,2021,376732,18538.5744,13681.2099,0.738
UTTARAKHAND,UDHAM SINGH NAGAR,2022,368372,21107.1735,15057.2583,0.7134
UTTARAKHAND,UDHAM SINGH NAGAR,2023,395616,24101.6241,17059.9229,0.7078
UTTARAKHAND,UDHAM SINGH NAGAR,2024,440341,28982.9419,20287.0473,0.7
UTTARAKHAND,UTTAR KASHI,2019,29329,756.141,569.8636,0.7536
UTTARAKHAND,UTTAR KASHI,2020,29474,826.0838,620.1579,0.7507
UTTARAKHAND,UTTAR KASHI,2021,32465,940.3162,707.3752,0.7523
UTTARAKHAND,UTTAR KASHI,2022,32132,1057.5791,799.6658,0.7561
UTTARAKHAND,UTTAR KASHI,2023,33822,1269.0301,935.5104,0.7372
UTTARAKHAND,UTTAR KASHI,2024,34840,1454.9546,1060.8618,0.7291
WEST BENGAL,ALIPURDUAR,2019,222552,1507.4758,1291.259,0.8566
WEST BENGAL,ALIPURDUAR,2020,604570,3345.4937,2467.9586,0.7377
WEST BENGAL,ALIPURDUAR,2021,688072,3757.6247,2981.7993,0.7935
WEST BENGAL,ALIPURDUAR,2022,710799,4043.1006,3209.8356,0.7939
WEST BENGAL,ALIPURDUAR,2023,688271,5124.0112,3673.6947,0.717
WEST BENGAL,ALIPURDUAR,2024,495482,5161.462,3727.4602,0.7222
WEST BENGAL,BANKURA,2019,239382,4041.3092,3054.6142,0.7558
WEST BENGAL,BANKURA,2020,252467,4657.2829,3492.7691,0.75
WEST BENGAL,BANKURA,2021,295803,5433.6838,4010.0921,0.738
WEST BENGAL,BANKURA,2022,293867,6448.0518,4723.0861,0.7325
WEST BENGAL,BANKURA,2023,304532,7677.6622,5553.6444,0.7234
WEST BENGAL,BANKURA,2024,326380,9386.5469,6657.2927,0.7092
WEST BENGAL,BIRBHUM,2019,445665,5886.2314,4550.2318,0.773
WEST BENGAL,BIRBHUM,2020,475134,6785.7046,5149.0371,0.7588
WEST BENGAL,BIRBHUM,2021,552085,8224.6048,6100.8962,0.7418
WEST BENGAL,BIRBHUM,2022,488564,9198.1169,6704.8511,0.7289
WEST BENGAL,BIRBHUM,2023,505613,10680.7515,7600.1093,0.7116
WEST BENGAL,BIRBHUM,2024,566969,12716.5606,8962.5321,0.7048
WEST BENGAL,DAKSHIN DINAJPUR,2019,241427,2296.9154,1827.7744,0.7958
WEST BENGAL,DAKSHIN DINAJPUR,2020,239111,2602.4657,2056.6579,0.7903
WEST BENGAL,DAKSHIN DINAJPUR,2021,275880,3077.1627,2425.7181,0.7883
WEST BENGAL,DAKSHIN DINAJPUR,2022,252751,3491.6998,2716.8349,0.7781
WEST BENGAL,DAKSHIN DINAJPUR,2023,249069,3979.704,3004.8813,0.7551
WEST BENGAL,DAKSHIN DINAJPUR,2024,261850,4962.4093,3559.5669,0.7173
WEST BENGAL,DARJILING,2019,399212,12443.2296,9569.2627,0.769
WEST BENGAL,DARJILING,2020,454489,14789.7741,11037.8699,0.7463
WEST BENGAL,DARJILING,2021,539447,16975.2033,12706.6225,0.7485
WEST BENGAL,DARJILING,2022,498387,19879.2523,14771.2545,0.743
WEST BENGAL,DARJILING,2023,544059,23588.413,17403.1549,0.7378
WEST BENGAL,DARJILING,2024,585299,27529.1091,20043.0521,0.7281
WEST BENGAL,HAORA,2019,621170,12632.0375,9446.6628,0.7478
WEST BENGAL,HAORA,2020,666746,16279.1118,10711.242,0.658
WEST BENGAL,HAORA,2021,818792,16617.2399,12430.8742,0.7481
WEST BENGAL,HAORA,2022,758915,19265.9594,14276.8433,0.741
WEST BENGAL,HAORA,2023,801224,21978.0298,16298.7091,0.7416
WEST BENGAL,HAORA,2024,901383,26468.575,19429.4612,0.7341
WEST BENGAL,HUGLI,2019,717992,10859.3753,8480.9048,0.781
WEST BENGAL,HUGLI,2020,1407238,14610.2941,10859.2892,0.7433
WEST BENGAL,HUGLI,2021,1616326,16385.5568,12285.92,0.7498
WEST BENGAL,HUGLI,2022,1504551,18676.6795,13916.635,0.7451
WEST BENGAL,HUGLI,2023,1529012,21572.23,15753.2133,0.7303
WEST BENGAL,HUGLI,2024,1682923,27028.7646,19358.6273,0.7162
WEST BENGAL,JALPAIGURI,2019,404861,5698.2295,4524.223,0.794
WEST BENGAL,JALPAIGURI,2020,430634,6147.6421,4883.6705,0.7944
WEST BENGAL,JALPAIGURI,2021,485249,7499.0546,5947.0665,0.793
WEST BENGAL,JALPAIGURI,2022,510621,9096.7051,7209.927,0.7926
WEST BENGAL,JALPAIGURI,2023,475090,10100.9358,7826.9956,0.7749
WEST BENGAL,JALPAIGURI,2024,510712,12475.6363,9661.6472,0.7744
WEST BENGAL,JHARGRAM,2019,77811,1113.5538,896.6226,0.8052
WEST BENGAL,JHARGRAM,2020,174382,1484.3369,1097.6017,0.7395
WEST BENGAL,JHARGRAM,2021,195128,1682.5609,1269.2405,0.7544
WEST BENGAL,JHARGRAM,2022,188274,1973.5002,1490.142,0.7551
WEST BENGAL,JHARGRAM,2023,209536,2384.7092,1708.7292,0.7165
WEST BENGAL,JHARGRAM,2024,233061,2924.5923,2095.2187,0.7164
WEST BENGAL,KALIMPONG,2019,29507,493.3949,369.1831,0.7483
WEST BENGAL,KALIMPONG,2020,26165,577.9302,423.8594,0.7334
WEST BENGAL,KALIMPONG,2021,30639,689.9197,512.0742,0.7422
WEST BENGAL,KALIMPONG,2022,30998,813.4513,604.3581,0.743
WEST BENGAL,KALIMPONG,2023,29433,874.8517,653.2702,0.7467
WEST BENGAL,KALIMPONG,2024,36274,1351.7753,1046.1586,0.7739
WEST BENGAL,KOCH BIHAR,2019,564481,5527.9238,4608.7507,0.8337
WEST BENGAL,KOCH BIHAR,2020,607184,6456.4709,5419.0251,0.8393
WEST BENGAL,KOCH BIHAR,2021,711612,7565.973,6481.2008,0.8566
WEST BENGAL,KOCH BIHAR,2022,623460,8475.6986,7171.3393,0.8461
WEST BENGAL,KOCH BIHAR,2023,564296,9459.26,7656.8575,0.8095
WEST BENGAL,KOCH BIHAR,2024,593689,11400.2581,9124.7333,0.8004
WEST BENGAL,KOLKATA,2019,2743561,425759.0772,260145.0549,0.611
WEST BENGAL,KOLKATA,2020,3137715,415063.2745,262761.4906,0.6331
WEST BENGAL,KOLKATA,2021,3295483,435975.0089,252797.6375,0.5798
WEST BENGAL,KOLKATA,2022,3187986,480677.6364,272009.8283,0.5659
WEST BENGAL,KOLKATA,2023,3362536,519201.7941,294382.261,0.567
WEST BENGAL,KOLKATA,2024,3799451,670902.9216,313763.8994,0.4677
WEST BENGAL,MALDAH,2019,397383,5321.9542,4309.7535,0.8098
WEST BENGAL,MALDAH,2020,436148,6043.9237,4832.6368,0.7996
WEST BENGAL,MALDAH,2021,518806,7173.243,5770.32,0.8044
WEST BENGAL,MALDAH,2022,469236,8180.9652,6495.0252,0.7939
WEST BENGAL,MALDAH,2023,493936,9960.5734,7599.0651,0.7629
WEST BENGAL,MALDAH,2024,539635,11766.443,8773.1067,0.7456
WEST BENGAL,MURSHIDABAD,2019,731872,7959.1868,6586.2329,0.8275
WEST BENGAL,MURSHIDABAD,2020,813512,9069.4305,7407.3643,0.8167
WEST BENGAL,MURSHIDABAD,2021,988759,10879.5103,8793.3503,0.8082
WEST BENGAL,MURSHIDABAD,2022,860367,12355.0934,9802.7532,0.7934
WEST BENGAL,MURSHIDABAD,2023,933216,14627.2385,11587.3774,0.7922
WEST BENGAL,MURSHIDABAD,2024,1016204,18417.8736,14414.4302,0.7826
WEST BENGAL,NADIA,2019,670448,8633.4405,7171.8543,0.8307
WEST BENGAL,NADIA,2020,729442,9992.8824,8174.4422,0.818
WEST BENGAL,NADIA,2021,915462,11870.1742,9696.0334,0.8168
WEST BENGAL,NADIA,2022,811801,12979.5492,10456.9509,0.8056
WEST BENGAL,NADIA,2023,759664,14261.5327,11174.2923,0.7835
WEST BENGAL,NADIA,2024,849650,17481.198,13450.801,0.7694
WEST BENGAL,NORTH 24 PARGANAS,2019,1155693,39336.025,28313.6239,0.7198
WEST BENGAL,NORTH 24 PARGANAS,2020,1394057,45381.1675,32703.7624,0.7206
WEST BENGAL,NORTH 24 PARGANAS,2021,1628998,44105.9411,30952.1246,0.7018
WEST BENGAL,NORTH 24 PARGANAS,2022,1498252,51504.8641,35424.7354,0.6878
WEST BENGAL,NORTH 24 PARGANAS,2023,1582817,64820.3935,44373.6336,0.6846
WEST BENGAL,NORTH 24 PARGANAS,2024,1776785,75695.5249,50940.4457,0.673
WEST BENGAL,PASCHIM BARDHAMAN,2019,344345,13055.8765,9817.3657,0.7519
WEST BENGAL,PASCHIM BARDHAMAN,2020,472992,16011.6476,11662.8622,0.7284
WEST BENGAL,PASCHIM BARDHAMAN,2021,597649,19317.7326,13630.8986,0.7056
WEST BENGAL,PASCHIM BARDHAMAN,2022,537130,21710.583,14891.899,0.6859
WEST BENGAL,PASCHIM BARDHAMAN,2023,616246,26300.5033,18061.4168,0.6867
WEST BENGAL,PASCHIM BARDHAMAN,2024,704172,32965.2393,22386.4508,0.6791
WEST BENGAL,PASCHIM MEDINIPUR,2019,659271,13243.0794,10141.2482,0.7658
WEST BENGAL,PASCHIM MEDINIPUR,2020,681055,13293.7517,9876.8907,0.743
WEST BENGAL,PASCHIM MEDINIPUR,2021,740529,14566.8866,10725.2977,0.7363
WEST BENGAL,PASCHIM MEDINIPUR,2022,697495,15606.2922,11610.6883,0.744
WEST BENGAL,PASCHIM MEDINIPUR,2023,718604,17793.3417,13075.712,0.7349
WEST BENGAL,PASCHIM MEDINIPUR,2024,762483,21214.3717,15439.0228,0.7278
WEST BENGAL,PURBA BARDHAMAN,2019,649179,11354.6904,8944.5171,0.7877
WEST BENGAL,PURBA BARDHAMAN,2020,696446,12734.72,9863.7732,0.7746
WEST BENGAL,PURBA BARDHAMAN,2021,758869,13697.6295,10682.2874,0.7799
WEST BENGAL,PURBA BARDHAMAN,2022,826747,16197.708,12511.1692,0.7724
WEST BENGAL,PURBA BARDHAMAN,2023,862851,18725.6065,14073.1789,0.7515
WEST BENGAL,PURBA BARDHAMAN,2024,930114,21835.1367,16218.7987,0.7428
WEST BENGAL,PURBA MEDINIPUR,2019,508009,7157.9815,5494.9798,0.7677
WEST BENGAL,PURBA MEDINIPUR,2020,653788,9497.8042,7470.1882,0.7865
WEST BENGAL,PURBA MEDINIPUR,2021,768986,11366.1134,8915.0677,0.7844
WEST BENGAL,PURBA MEDINIPUR,2022,711174,13725.8295,9946.5439,0.7247
WEST BENGAL,PURBA MEDINIPUR,2023,741867,15916.0084,11522.9758,0.724
WEST BENGAL,PURBA MEDINIPUR,2024,911536,19372.4948,14176.6319,0.7318
WEST BENGAL,PURULIYA,2019,152646,2426.4915,1825.9822,0.7525
WEST BENGAL,PURULIYA,2020,170640,2840.4294,2126.2813,0.7486
WEST BENGAL,PURULIYA,2021,206027,3356.0324,2471.2267,0.7364
WEST BENGAL,PURULIYA,2022,191031,3848.9853,2766.6658,0.7188
WEST BENGAL,PURULIYA,2023,189986,4606.5879,3208.0479,0.6964
WEST BENGAL,PURULIYA,2024,209625,5491.5756,3846.7306,0.7005
WEST BENGAL,SOUTH 24 PARGANAS,2019,734026,12809.9347,9128.7588,0.7126
WEST BENGAL,SOUTH 24 PARGANAS,2020,1310892,15982.2983,11182.8332,0.6997
WEST BENGAL,SOUTH 24 PARGANAS,2021,1609403,15786.3676,11589.6572,0.7342
WEST BENGAL,SOUTH 24 PARGANAS,2022,1297780,17094.5023,12182.9972,0.7127
WEST BENGAL,SOUTH 24 PARGANAS,2023,1551318,19230.0495,14359.9661,0.7467
WEST BENGAL,SOUTH 24 PARGANAS,2024,1689701,24873.4925,18115.8181,0.7283
WEST BENGAL,UTTAR DINAJPUR,2019,390883,3909.6214,3177.9035,0.8128
WEST BENGAL,UTTAR DINAJPUR,2020,416363,4438.7307,3549.5413,0.7997
WEST BENGAL,UTTAR DINAJPUR,2021,490310,5211.1635,4173.0584,0.8008
WEST BENGAL,UTTAR DINAJPUR,2022,436558,5782.1096,4569.1336,0.7902
WEST BENGAL,UTTAR DINAJPUR,2023,476309,7055.2441,5323.7364,0.7546
WEST BENGAL,UTTAR DINAJPUR,2024,519461,9029.2567,6729.5845,0.7453
