District,Year,Total_Accounts_Thousands,Total_Deposits_Rs_Million,Metro_Accounts_Thousands,Metro_Deposits_Cr,Rural_Accounts_Thousands,Rural_Deposits_Cr,SemiUrban_Accounts_Thousands,SemiUrban_Deposits_Cr,Urban_Accounts_Thousands,Urban_Deposits_Cr,Total_Deposits_Cr
ADILABAD,2009-10,1571.339,35604.673,,,759.92,1320.3686,661.17,1656.4707,150.249,583.628,3560.47
ADILABAD,2010-11,1792.258,38763.905,,,857.292,1449.5211,737.756,1799.6191,197.21,627.2503,3876.39
ADILABAD,2011-12,1755.486,42330.771,,,854.131,1528.2422,701.548,1959.3209,199.807,745.514,4233.08
ADILABAD,2012-13,2189.584,50934.94,,,1110.923,1874.6646,841.875,2364.4921,236.786,854.3373,5093.49
ADILABAD,2013-14,2740.887,57477.189,,,1379.468,2220.0798,998.032,2645.5999,363.387,882.0392,5747.72
ADILABAD,2014-15,3443.337,67621.413,,,1732.602,2579.1299,1179.497,3106.7306,531.238,1076.2808,6762.14
ADILABAD,2015-16,3785.645,76113.553,,,1863.379,2842.493,1341.017,3600.1565,581.249,1168.7058,7611.36
ADILABAD,2016-17,4748.148,105086.104,,,2166.217,3591.578,1930.452,5369.8213,651.479,1547.2111,10508.61
ADILABAD,2017-18,1557.481,33308.124,,,573.35,1041.576,317.203,643.0784,666.928,1646.158,3330.81
AGAR MALWA,2013-14,322.948,3852.144,,,83.896,73.8003,239.052,311.4141,,,385.21
AGAR MALWA,2014-15,465.344,4294.24,,,99.02,72.0712,366.324,357.3528,,,429.42
AGAR MALWA,2015-16,614.23,5006.605,,,132.587,80.9843,481.643,419.6762,,,500.66
AGAR MALWA,2016-17,678.436,6580.335,,,139.445,93.8393,538.991,564.1942,,,658.03
AGAR MALWA,2017-18,726.856,6949.742,,,153.386,79.3531,573.47,615.6211,,,694.97
AGRA,2009-10,2876.709,113268.315,1803.698,9413.6951,529.493,1050.1093,543.518,863.0271,,,11326.83
AGRA,2010-11,3253.276,134518.114,1998.667,11247.0406,645.742,1235.4538,608.867,969.317,,,13451.81
AGRA,2011-12,3441.277,150906.677,2133.226,12619.5258,637.869,1315.2229,670.182,1155.919,,,15090.67
AGRA,2012-13,3887.819,172751.97,2396.224,14256.4877,736.087,1641.4885,755.508,1377.2208,,,17275.2
AGRA,2013-14,4544.815,204739.2,2670.706,17000.8238,944.667,1833.6594,929.442,1639.4368,,,20473.92
AGRA,2014-15,5419.684,239334.072,3142.166,19842.233,1113.346,2160.2673,1164.172,1930.9069,,,23933.41
AGRA,2015-16,5925.854,272820.972,3354.648,22794.2555,1225.553,2273.0004,1345.653,2214.8413,,,27282.1
AGRA,2016-17,6364.895,320927.298,3683.452,26895.6875,980.562,2180.7645,1700.881,3016.2778,,,32092.73
AGRA,2017-18,6706.14,338364.775,3721.788,28232.8836,1140.479,2428.2391,1843.873,3175.3548,,,33836.48
AHMEDABAD,2009-10,7405.765,631959.258,6757.349,61197.1365,227.34,501.8241,421.076,1496.9652,,,63195.93
AHMEDABAD,2010-11,7831.941,765690.775,7156.218,73804.339,233.503,648.6917,442.22,2116.0468,,,76569.08
AHMEDABAD,2011-12,8776.458,851910.137,8052.507,81937.2611,272.627,827.6625,451.324,2426.0901,,,85191.01
AHMEDABAD,2012-13,9864.937,1049613.329,9002.544,101211.6892,323.022,1035.8771,539.371,2713.7666,,,104961.33
AHMEDABAD,2013-14,11107.735,1155539.421,10078.865,110875.7808,407.363,1444.6603,621.507,3233.501,,,115553.94
AHMEDABAD,2014-15,12691.832,1339124.283,11402.189,128502.7458,518.161,1645.9359,771.482,3763.7466,,,133912.43
AHMEDABAD,2015-16,13783.379,1440663.617,12258.56,137817.1896,639.005,1924.1726,885.814,4324.9995,,,144066.36
AHMEDABAD,2016-17,14877.776,1632871.255,13158.562,155747.4556,563.541,1674.5793,1155.673,5865.0906,,,163287.13
AHMEDABAD,2017-18,14971.33,1793546.892,13188.037,168687.0053,589.857,4605.5854,1193.436,6062.0985,,,179354.69
AHMEDNAGAR,2009-10,1420.531,52339.733,,,459.688,1051.8348,631.134,2303.2642,329.709,1878.8743,5233.97
AHMEDNAGAR,2010-11,1702.855,64594.107,,,553.55,1362.4946,766.378,2813.5184,382.927,2283.3977,6459.41
AHMEDNAGAR,2011-12,1983.211,72017.752,,,661.356,1467.8133,894.474,3356.0999,427.381,2377.862,7201.78
AHMEDNAGAR,2012-13,2656.14,87722.543,,,999.745,1776.773,1157.452,4037.0601,498.943,2958.4212,8772.25
AHMEDNAGAR,2013-14,3284.784,108942.082,,,1318.018,2103.3793,1412.807,4954.4301,553.959,3836.3988,10894.21
AHMEDNAGAR,2014-15,3875.707,120940.041,,,1567.352,2435.0742,1669.276,5555.4901,639.079,4103.4398,12094
AHMEDNAGAR,2015-16,4591.58,129841.176,,,1911.278,2802.5052,1954.603,6072.2491,725.699,4109.3633,12984.12
AHMEDNAGAR,2016-17,5120.821,154312.374,,,1842.23,2786.8162,2471.287,8013.9374,807.304,4630.4838,15431.24
AHMEDNAGAR,2017-18,5510.305,168029.327,,,2040.023,3235.311,2625.522,9036.0343,844.76,4531.5874,16802.93
AIZAWL,2009-10,195.738,16813.582,,,37.82,85.1842,3.559,7.1725,154.359,1589.0015,1681.36
AIZAWL,2010-11,205.462,19694.058,,,30.068,40.4243,3.995,9.1414,171.399,1919.8401,1969.41
AIZAWL,2011-12,236.086,24321.937,,,30.964,69.8163,5.171,10.6569,199.951,2351.7205,2432.19
AIZAWL,2012-13,290.204,30756.584,,,43.966,85.2667,5.214,13.2645,241.024,2977.1272,3075.66
AIZAWL,2013-14,336.118,33050.554,,,63.749,134.0057,5.133,15.9399,267.236,3155.1098,3305.06
AIZAWL,2014-15,405.715,40153.301,,,79.567,145.3489,5.422,17.2455,320.726,3852.7357,4015.33
AIZAWL,2015-16,495.738,44496.241,,,57.57,94.7152,23.882,32.0774,414.286,4322.8315,4449.62
AIZAWL,2016-17,591.211,55289.588,,,76.69,123.9368,25.756,39.4179,488.765,5365.6041,5528.96
AIZAWL,2017-18,633.121,65896.256,,,84.562,149.6403,25.204,42.5027,523.355,6397.4826,6589.63
AJMER,2009-10,1629.515,63697.067,,,339.942,535.2626,227.504,562.2203,1062.069,5272.2238,6369.71
AJMER,2010-11,1730.869,78207.632,,,355.548,615.6584,242.052,651.2437,1133.269,6553.8611,7820.76
AJMER,2011-12,1923.003,88403.691,,,392.617,735.3381,271.654,803.7132,1258.732,7301.3178,8840.37
AJMER,2012-13,2239.276,102939.069,,,480.299,887.2694,347.31,974.3981,1411.667,8432.2394,10293.91
AJMER,2013-14,2577.174,123065.416,,,588.922,1079.0499,399.076,1169.3113,1589.176,10058.1804,12306.54
AJMER,2014-15,3105.384,148660.301,,,763.885,1269.2906,486.455,1365.6995,1855.044,12231.04,14866.03
AJMER,2015-16,3623.783,164569.163,,,959.364,1374.2464,583.344,1522.6904,2081.075,13559.9795,16456.92
AJMER,2016-17,3887.127,197413.582,,,965.806,1556.5941,699.138,2045.9811,2222.183,16138.783,19741.36
AJMER,2017-18,4015.563,210523.073,,,1021.876,1741.1452,748.345,2140.6992,2245.342,17170.4629,21052.31
AKOLA,2009-10,669.484,21047.166,,,130.869,156.0339,224.602,540.7974,314.013,1407.8853,2104.72
AKOLA,2010-11,804.776,24567.715,,,162.833,189.2153,285.091,653.6089,356.852,1613.9473,2456.77
AKOLA,2011-12,941.538,29515.601,,,189.164,226.9011,330.708,774.433,421.666,1950.226,2951.56
AKOLA,2012-13,1187.367,35388.358,,,256.214,270.5457,437.435,940.9945,493.718,2327.2956,3538.84
AKOLA,2013-14,1397.367,43142.981,,,306.511,318.5431,516.073,1084.7594,574.783,2910.9956,4314.3
AKOLA,2014-15,1670.987,47234.159,,,382.952,347.2361,617.905,1292.9058,670.13,3083.274,4723.42
AKOLA,2015-16,1872.157,51455.462,,,430.932,401.3945,698.894,1343.066,742.331,3401.0857,5145.55
AKOLA,2016-17,2050.78,61881.154,,,461.993,493.8875,776.202,1678.2261,812.585,4016.0018,6188.12
AKOLA,2017-18,2149.402,64679.073,,,494.419,503.2402,817.382,1689.5209,837.601,4275.1462,6467.91
ALAPUZHA,2009-10,1868.878,87883.236,,,65.743,223.891,1418.063,6828.0443,385.072,1736.3883,8788.32
ALAPUZHA,2010-11,2050.776,94736.658,,,74.145,246.868,1544.078,7401.7821,432.553,1825.0157,9473.67
ALAPUZHA,2011-12,2253.128,114946.377,,,82.541,286.5358,1705.976,9025.6442,464.611,2182.4577,11494.64
ALAPUZHA,2012-13,2787.106,134436.52,,,91.284,323.7301,2134.77,10610.8149,561.052,2509.107,13443.65
ALAPUZHA,2013-14,3407.087,162634.324,,,114.842,359.1076,2629.054,12900.6659,663.191,3003.6589,16263.43
ALAPUZHA,2014-15,3715.021,196573.791,,,122.895,408.4996,2877.051,15796.05,715.075,3452.8295,19657.38
ALAPUZHA,2015-16,3993.198,218889.527,,,17.948,75.2819,3163.769,17942.8175,811.481,3870.8533,21888.95
ALAPUZHA,2016-17,4158.611,260965.265,,,19.018,91.7629,3547.478,22416.3912,592.115,3588.3724,26096.53
ALAPUZHA,2017-18,4440.837,277712.684,,,19.958,102.1857,3787.472,24011.6355,633.407,3657.4472,27771.27
ALIGARH,2009-10,1848.871,54408.434,,,649.915,757.8575,372.887,707.6179,826.069,3975.368,5440.84
ALIGARH,2010-11,2059.543,66674.337,,,733.517,884.7201,431.442,864.1361,894.584,4918.5775,6667.43
ALIGARH,2011-12,2229.268,77819.196,,,795.691,992.0032,483.668,998.4071,949.909,5791.5093,7781.92
ALIGARH,2012-13,2518.865,90128.381,,,891.565,1165.6278,569.569,1192.1986,1057.731,6655.0117,9012.84
ALIGARH,2013-14,3009.053,107051.289,,,1127.093,1360.0078,703.629,1412.3667,1178.331,7932.7544,10705.13
ALIGARH,2014-15,3430.142,116509.94,,,1226.524,1505.2286,832.875,1617.1045,1370.743,8528.6609,11650.99
ALIGARH,2015-16,3882.234,129093.881,,,1428.594,1679.9814,949.139,1724.2862,1504.501,9505.1205,12909.39
ALIGARH,2016-17,4269.845,157864.053,,,1428.941,2198.6748,1175.609,2171.0601,1665.295,11416.6704,15786.41
ALIGARH,2017-18,4494.605,170962.269,,,1538.339,2352.8245,1243.876,2359.4249,1712.39,12383.9775,17096.23
ALIPURDUAR,2015-16,1356.114,18654.098,,,952.266,951.3705,403.848,914.0393,,,1865.41
ALIPURDUAR,2016-17,1701.31,25669.028,,,1029.325,1115.5586,671.985,1451.3442,,,2566.9
ALIPURDUAR,2017-18,1794.967,27552.484,,,1083.337,1244.762,711.63,1510.4864,,,2755.25
ALIRAJPUR,2009-10,135.65,3329.288,,,85.761,149.9486,49.889,182.9802,,,332.93
ALIRAJPUR,2010-11,154.12,3763.203,,,98.97,178.4641,55.15,197.8562,,,376.32
ALIRAJPUR,2011-12,193.921,4293.095,,,125.903,206.6263,68.018,222.6832,,,429.31
ALIRAJPUR,2012-13,216.076,4453.646,,,136.84,224.3115,79.236,221.0531,,,445.36
ALIRAJPUR,2013-14,295.005,5763.586,,,189.868,264.9202,105.137,311.4384,,,576.36
ALIRAJPUR,2014-15,396.759,6361.365,,,249.94,284.432,146.819,351.7045,,,636.14
ALIRAJPUR,2015-16,489.318,6822.512,,,306.137,302.9804,183.181,379.2708,,,682.25
ALIRAJPUR,2016-17,618.903,9327.526,,,219.92,229.5859,398.983,703.1667,,,932.75
ALIRAJPUR,2017-18,680.544,9642.128,,,243.438,228.7191,437.106,735.4937,,,964.21
ALLAHABAD,2009-10,3689.188,123899.342,1861.613,9787.5177,1454.344,1814.6446,373.231,787.7719,,,12389.93
ALLAHABAD,2010-11,4120.894,144835.224,2050.076,11368.8563,1643.535,2157.6877,427.283,956.9784,,,14483.52
ALLAHABAD,2011-12,4399.089,170019.135,2178.09,13314.8162,1742.97,2527.8532,478.029,1159.2441,,,17001.91
ALLAHABAD,2012-13,4886.388,210738.99,2406.819,16497.2714,1935.854,3119.7937,543.715,1456.8339,,,21073.9
ALLAHABAD,2013-14,5514.611,243811.761,2578.362,18809.8126,2301.303,3818.2039,634.946,1753.1596,,,24381.18
ALLAHABAD,2014-15,6389.376,279270.578,2836.863,21510.0374,2769.343,4349.8767,783.17,2067.1437,,,27927.06
ALLAHABAD,2015-16,7255.377,297431.738,3108.654,22591.0229,3203.459,4818.3052,943.264,2333.8457,,,29743.17
ALLAHABAD,2016-17,8043.789,363379.37,3362.226,27584.2215,3264.46,5335.83,1417.103,3417.8855,,,36337.94
ALLAHABAD,2017-18,8373.611,397541.254,3435.067,29933.4675,3454.991,6031.3361,1483.553,3789.3218,,,39754.13
ALMORA,2009-10,507.828,14642.466,,,329.206,742.0988,178.622,722.1478,,,1464.25
ALMORA,2010-11,541.144,17128.234,,,343.524,856.9671,197.62,855.8563,,,1712.82
ALMORA,2011-12,589.317,19557.003,,,372.272,971.029,217.045,984.6713,,,1955.7
ALMORA,2012-13,680.794,22140.11,,,442.269,1094.5875,238.525,1119.4235,,,2214.01
ALMORA,2013-14,739.931,25244.74,,,490.516,1251.1832,249.415,1273.2908,,,2524.47
ALMORA,2014-15,868.955,30132.532,,,586.953,1485.2829,282.002,1527.9703,,,3013.25
ALMORA,2015-16,959.128,33446.979,,,667.554,1723.6983,291.574,1620.9996,,,3344.7
ALMORA,2016-17,1035.374,40089.553,,,727.424,2204.6067,307.95,1804.3486,,,4008.96
ALMORA,2017-18,1071.839,44119.758,,,756.765,2438.2398,315.074,1973.736,,,4411.98
ALWAR,2009-10,1395.823,45924.491,,,573.707,1405.4705,366.923,1199.7998,455.193,1987.1788,4592.45
ALWAR,2010-11,1612.535,55535.987,,,683.854,1906.6169,429.46,1439.9276,499.221,2207.0542,5553.6
ALWAR,2011-12,1905.583,65803.922,,,819.18,2160.6961,532.423,1728.7005,553.98,2690.9956,6580.39
ALWAR,2012-13,2242.931,81603.831,,,950.05,2547.8237,674.08,2506.2331,618.801,3106.3263,8160.38
ALWAR,2013-14,2658.071,93450.489,,,1188.472,2931.9981,804.682,2869.4285,664.917,3543.6223,9345.05
ALWAR,2014-15,3220.245,106128.311,,,1455.262,3284.0477,981.876,3213.8787,783.107,4114.9047,10612.83
ALWAR,2015-16,4070.718,116776.511,,,1982.617,3404.17,1241.56,3623.7341,846.541,4649.747,11677.65
ALWAR,2016-17,4525.335,143252.263,,,1918.556,3726.7246,1321.218,3038.2758,1285.561,7560.2259,14325.23
ALWAR,2017-18,4804.05,159136.788,,,2012.924,4196.6824,1435.2,3312.7588,1355.926,8404.2376,15913.68
AMBALA,2009-10,1260.062,50698.444,,,242.746,618.0923,289.807,1146.4142,727.509,3305.3379,5069.84
AMBALA,2010-11,1371.191,58347.014,,,274.787,734.2129,316.165,1372.1184,780.239,3728.3701,5834.7
AMBALA,2011-12,1466.04,68954.574,,,299.448,867.165,351.252,1591.9001,815.34,4436.3923,6895.46
AMBALA,2012-13,1636.45,79998.134,,,359.663,1001.7906,400.477,1917.3786,876.31,5080.6442,7999.81
AMBALA,2013-14,1853.761,93615.499,,,444.381,1286.2874,456.106,2277.8758,953.274,5797.3867,9361.55
AMBALA,2014-15,2126.861,107457.915,,,564.316,1520.0388,515.831,2664.2941,1046.714,6561.4586,10745.79
AMBALA,2015-16,2400.457,121677.653,,,653.269,1717.2632,598.893,2986.0068,1148.295,7464.4953,12167.77
AMBALA,2016-17,2570.007,142518.679,,,700.312,2129.2149,348.083,1351.4859,1521.612,10771.1671,14251.87
AMBALA,2017-18,2628.323,155930.501,,,738.038,2300.9454,363.15,1485.7044,1527.135,11806.4003,15593.05
AMBEDKAR NAGAR,2009-10,1232.812,15943.888,,,916.488,862.4957,316.324,731.8931,,,1594.39
AMBEDKAR NAGAR,2010-11,1403.576,19242.129,,,1036.103,1021.8219,367.473,902.391,,,1924.21
AMBEDKAR NAGAR,2011-12,1470.45,22976.85,,,1005.948,1176.8046,464.502,1120.8804,,,2297.68
AMBEDKAR NAGAR,2012-13,1633.605,27607.554,,,1088.036,1383.8311,545.569,1376.9243,,,2760.76
AMBEDKAR NAGAR,2013-14,1924.336,32649.065,,,1274.614,1608.1275,649.722,1656.779,,,3264.91
AMBEDKAR NAGAR,2014-15,2291.333,36437.642,,,1506.415,1806.7376,784.918,1837.0266,,,3643.76
AMBEDKAR NAGAR,2015-16,2596.052,41732.497,,,1704.68,2081.5247,891.372,2091.725,,,4173.25
AMBEDKAR NAGAR,2016-17,2838.99,50942.126,,,1710.461,2238.054,730.782,1646.661,397.747,1209.4976,5094.21
AMBEDKAR NAGAR,2017-18,2992.005,57492.404,,,1807.791,2566.6458,768.243,1834.1083,415.971,1348.4863,5749.24
AMETHI,2013-14,1763.545,33336.579,,,1397.902,2424.1874,365.643,909.4705,,,3333.66
AMETHI,2014-15,2077.853,39377.063,,,1655.379,2908.2902,422.474,1029.4161,,,3937.71
AMETHI,2015-16,2467.116,45073.604,,,1995.805,3405.6271,471.311,1101.7333,,,4507.36
AMETHI,2016-17,2401.803,51328.225,,,2029.106,4057.642,372.697,1075.1805,,,5132.82
AMETHI,2017-18,2526.99,58732.819,,,2134.21,4678.147,392.78,1195.1349,,,5873.28
AMRAVATI,2009-10,1109.915,33548.101,,,316.281,499.0071,277.931,695.535,515.703,2160.268,3354.81
AMRAVATI,2010-11,1347.656,41767.328,,,388.904,584.6643,357.81,859.4585,600.942,2732.61,4176.73
AMRAVATI,2011-12,1591.979,50150.921,,,468.962,700.3481,423.244,1075.8912,699.773,3238.8528,5015.09
AMRAVATI,2012-13,2148.697,58122.141,,,716.034,807.4307,583.223,1140.4431,849.44,3864.3403,5812.21
AMRAVATI,2013-14,2522.301,71584.945,,,845.307,990.8037,683.095,1471.2493,993.899,4696.4415,7158.49
AMRAVATI,2014-15,2938.666,79643.196,,,993.395,1170.5503,809.444,1661.5308,1135.827,5132.2385,7964.32
AMRAVATI,2015-16,3331.773,90397.484,,,1158.974,1260.6289,902.125,1728.477,1270.674,6050.6425,9039.75
AMRAVATI,2016-17,3592.198,108508.877,,,1227.368,1595.2076,993.365,2267.7245,1371.465,6987.9556,10850.89
AMRAVATI,2017-18,3773.74,118384.146,,,1315.64,1793.3337,1042.72,2424.8893,1415.38,7620.1916,11838.41
AMRELI,2009-10,680.068,20064.239,,,224.772,477.7595,455.296,1528.6644,,,2006.42
AMRELI,2010-11,747.743,24072.049,,,253.145,567.4212,494.598,1839.7837,,,2407.2
AMRELI,2011-12,834.236,27323.464,,,275.537,558.8565,558.699,2173.4899,,,2732.35
AMRELI,2012-13,971.511,31754.313,,,320.202,667.4074,651.309,2508.0239,,,3175.43
AMRELI,2013-14,1207.1,36453.077,,,411.685,762.5241,795.415,2882.7836,,,3645.31
AMRELI,2014-15,1402.023,40938.713,,,481.282,844.7475,920.741,3249.1238,,,4093.87
AMRELI,2015-16,1515.895,44553.285,,,511.245,926.7338,1004.65,3528.5947,,,4455.33
AMRELI,2016-17,1694.595,56787.465,,,550.637,1193.5994,819.028,2667.7591,324.93,1817.388,5678.75
AMRELI,2017-18,1727.764,58671.398,,,572.978,1235.5736,832.124,2745.1367,322.662,1886.4295,5867.14
AMRITSAR,2009-10,2862.74,128949.601,2062.015,10137.923,563.113,2051.8382,237.612,705.1989,,,12894.96
AMRITSAR,2010-11,3030.481,162666.363,2148.832,13178.7153,618.514,2299.2915,263.135,788.6295,,,16266.64
AMRITSAR,2011-12,3249.407,171035.939,2242.713,13529.9132,711.057,2632.8493,295.637,940.8314,,,17103.59
AMRITSAR,2012-13,3598.905,199248.104,2422.525,15689.7557,822.125,3046.9879,354.255,1188.0668,,,19924.81
AMRITSAR,2013-14,3913.898,227975.188,2583.883,17938.0286,941.718,3518.3514,388.297,1341.1388,,,22797.52
AMRITSAR,2014-15,4360.417,258924.449,2807.461,20310.0484,1117.457,4073.469,435.499,1508.9275,,,25892.44
AMRITSAR,2015-16,4924.182,283647.674,3191.528,22540.0879,1242.235,4227.9377,490.419,1596.7418,,,28364.77
AMRITSAR,2016-17,5348.179,321123.359,3427.834,25301.025,1266.979,4488.1733,653.366,2323.1376,,,32112.34
AMRITSAR,2017-18,5368.484,333570.706,3391.679,26234.4646,1296.184,4577.5588,680.621,2545.0472,,,33357.07
ANAND,2009-10,1794.642,104411.252,,,403.837,1427.74,940.575,4410.2258,450.23,4603.1594,10441.13
ANAND,2010-11,1972.441,117253.769,,,440.285,1644.5835,1057.967,5107.3654,474.189,4973.428,11725.38
ANAND,2011-12,2168.099,134959.605,,,488.158,1934.4566,1155.793,5991.475,524.148,5570.0289,13495.96
ANAND,2012-13,2450.863,158725.303,,,568.371,2288.1383,1311.396,6941.8022,571.096,6642.5898,15872.53
ANAND,2013-14,2981.828,196396.058,,,773.939,2847.655,1557.643,8265.1005,650.246,8526.8503,19639.61
ANAND,2014-15,3386.641,220505.683,,,907.256,3332.9583,1756.458,9614.4746,722.927,9103.1354,22050.57
ANAND,2015-16,3682.938,242061.386,,,990.561,3764.3006,1882.206,10541.2383,810.171,9900.5997,24206.14
ANAND,2016-17,3929.579,269793.187,,,1097.546,4379.3117,2012.46,11733.8449,819.573,10866.1621,26979.32
ANAND,2017-18,3966.459,273142.076,,,1123.572,4452.0702,2037.805,12001.6328,805.082,10860.5046,27314.21
ANANTAPUR,2009-10,3154.158,64627.815,,,1058.457,1010.8316,1170.143,2623.529,925.558,2828.4209,6462.78
ANANTAPUR,2010-11,3394.707,74541.176,,,1115.201,1109.5577,1279.952,3026.1541,999.554,3318.4058,7454.12
ANANTAPUR,2011-12,3765.15,87896.612,,,1228.993,1191.4992,1438.255,3696.1802,1097.902,3901.9818,8789.66
ANANTAPUR,2012-13,4590.924,97984.639,,,1521.877,1420.7038,1766.361,3946.585,1302.686,4431.1751,9798.46
ANANTAPUR,2013-14,5832.028,109164.238,,,1673.746,1569.625,1914.741,4290.7131,2243.541,5056.0857,10916.42
ANANTAPUR,2014-15,6824.074,140818.924,,,1910.793,1901.9416,2207.778,6320.4188,2705.503,5859.532,14081.89
ANANTAPUR,2015-16,7237.916,141104.971,,,1974.674,2067.3202,2425.039,5296.6292,2838.203,6746.5477,14110.5
ANANTAPUR,2016-17,7756.182,166872.062,,,1902.305,2147.0711,2447.252,5458.4996,3406.625,9081.6355,16687.21
ANANTAPUR,2017-18,7892.691,178283.465,,,1971.523,2431.592,2467.241,5509.7212,3453.927,9887.0333,17828.35
ANANTNAG,2009-10,454.612,14425.113,,,284.459,694.8096,170.153,747.7017,,,1442.51
ANANTNAG,2010-11,513.071,16465.212,,,329.561,837.9412,183.51,808.58,,,1646.52
ANANTNAG,2011-12,622.956,20539.473,,,402.62,1056.6216,220.336,997.3257,,,2053.95
ANANTNAG,2012-13,703.311,24336.413,,,449.599,1223.6862,253.712,1209.9551,,,2433.64
ANANTNAG,2013-14,814.311,26407.198,,,523.603,1340.8129,290.708,1299.9069,,,2640.72
ANANTNAG,2014-15,1009.478,28226.5,,,661.995,1411.9833,347.483,1410.6667,,,2822.65
ANANTNAG,2015-16,1132.582,32108.58,,,733.49,1529.7682,399.092,1681.0898,,,3210.86
ANANTNAG,2016-17,1215.56,35809.391,,,697.065,1536.2414,231.23,637.4317,287.265,1407.266,3580.94
ANANTNAG,2017-18,1330.337,39230.18,,,778.451,1730.4376,250.977,699.8736,300.909,1492.7068,3923.02
ANGUL,2009-10,640.369,26945.839,,,342.994,984.137,297.375,1710.4469,,,2694.58
ANGUL,2010-11,707.353,30903.908,,,365.282,1105.2212,342.071,1985.1696,,,3090.39
ANGUL,2011-12,854.859,36550.955,,,457.951,1241.1496,396.908,2413.9459,,,3655.1
ANGUL,2012-13,3333.613,40985.069,,,2892.5,1588.619,441.113,2509.8879,,,4098.51
ANGUL,2013-14,1127.245,47285.771,,,627.32,1880.4017,499.925,2848.1754,,,4728.58
ANGUL,2014-15,1398.779,57810.736,,,813.062,2377.042,585.717,3404.0316,,,5781.07
ANGUL,2015-16,1628.217,66545.102,,,938.041,2709.8148,690.176,3944.6954,,,6654.51
ANGUL,2016-17,1841.472,82857.68,,,1071.604,3208.0153,769.868,5077.7527,,,8285.77
ANGUL,2017-18,1927.661,96556.667,,,1130.23,3734.0206,797.431,5921.6461,,,9655.67
ANJAW,2009-10,5.588,168.253,,,5.588,16.8253,,,,,16.83
ANJAW,2010-11,6.072,189.81,,,6.072,18.981,,,,,18.98
ANJAW,2011-12,7.704,224.738,,,7.704,22.4738,,,,,22.47
ANJAW,2012-13,7.993,218.036,,,7.993,21.8036,,,,,21.8
ANJAW,2013-14,9.89,264.587,,,9.89,26.4587,,,,,26.46
ANJAW,2014-15,11.918,348.8,,,11.918,34.88,,,,,34.88
ANJAW,2015-16,13.578,381.921,,,13.578,38.1921,,,,,38.19
ANJAW,2016-17,15.425,550.479,,,15.425,55.0479,,,,,55.05
ANJAW,2017-18,16.863,897.118,,,16.863,89.7118,,,,,89.71
ANUPPUR,2009-10,288.537,8076.423,,,176.114,349.398,112.423,458.2443,,,807.64
ANUPPUR,2010-11,429.462,9540.466,,,241.123,380.4162,188.339,573.6304,,,954.05
ANUPPUR,2011-12,450.552,11774.276,,,224.475,435.5,226.077,741.9276,,,1177.43
ANUPPUR,2012-13,515.544,14424.857,,,257.443,534.9629,258.101,907.5228,,,1442.49
ANUPPUR,2013-14,659.504,17133.064,,,342.742,636.5531,316.762,1076.7533,,,1713.31
ANUPPUR,2014-15,809.649,20471.549,,,412.024,809.2267,397.625,1237.9282,,,2047.15
ANUPPUR,2015-16,938.734,22929.387,,,477.84,834.1317,460.894,1458.807,,,2292.94
ANUPPUR,2016-17,995.124,27904.029,,,516.396,1021.2134,478.728,1769.1895,,,2790.4
ANUPPUR,2017-18,1031.126,30087.843,,,550.544,1114.9319,480.582,1893.8524,,,3008.78
ARARIA,2009-10,456.122,11289.552,,,230.265,261.2222,225.857,867.733,,,1128.96
ARARIA,2010-11,497.789,12653.997,,,241.235,288.0632,256.554,977.3365,,,1265.4
ARARIA,2011-12,637.782,13620.97,,,322.11,310.6509,315.672,1051.4461,,,1362.1
ARARIA,2012-13,774.391,16535.87,,,388.38,349.0008,386.011,1304.5862,,,1653.59
ARARIA,2013-14,969.684,20102.557,,,515.07,374.572,454.614,1635.6837,,,2010.26
ARARIA,2014-15,1355.135,23028.322,,,731.805,449.2703,623.33,1853.5619,,,2302.83
ARARIA,2015-16,1932.6,25525.014,,,1065.396,624.5795,867.204,1927.9219,,,2552.5
ARARIA,2016-17,2411.529,31340.708,,,1115.985,632.4068,1295.544,2501.664,,,3134.07
ARARIA,2017-18,2683.45,36669.357,,,1234.821,795.9987,1448.629,2870.937,,,3666.94
ARAVALLI,2013-14,818.082,15460.268,,,435.24,506.4733,382.842,1039.5535,,,1546.03
ARAVALLI,2014-15,1043.383,18089.427,,,572.598,599.0173,470.785,1209.9254,,,1808.94
ARAVALLI,2015-16,1160.725,20467.183,,,644.949,699.3774,515.776,1347.3409,,,2046.72
ARAVALLI,2016-17,1302.822,25089.77,,,601.838,731.7485,700.984,1777.2285,,,2508.98
ARAVALLI,2017-18,1256.941,27231.215,,,570.001,798.5405,686.94,1924.581,,,2723.12
ARIYALUR,2009-10,329.565,5518.035,,,185.62,218.8388,143.945,332.9647,,,551.8
ARIYALUR,2010-11,367.963,6625.962,,,212.17,265.1663,155.793,397.4299,,,662.6
ARIYALUR,2011-12,449.4,7741.629,,,268.028,308.0645,181.372,466.0984,,,774.16
ARIYALUR,2012-13,621.601,8603.071,,,386.115,341.6685,235.486,518.6386,,,860.31
ARIYALUR,2013-14,885.954,9878.4,,,569.542,382.6167,316.412,605.2233,,,987.84
ARIYALUR,2014-15,1005.159,11320.676,,,650.48,435.4804,354.679,696.5872,,,1132.07
ARIYALUR,2015-16,1100.778,13133.454,,,708.658,515.0493,392.12,798.2961,,,1313.35
ARIYALUR,2016-17,1140.635,15156.278,,,711.07,605.7519,429.565,909.8759,,,1515.63
ARIYALUR,2017-18,1229.232,17096.589,,,764.023,642.0274,465.209,1067.6315,,,1709.66
ARWAL,2009-10,198.446,4359.286,,,182.029,407.6648,16.417,28.2638,,,435.93
ARWAL,2010-11,243.35,5316.109,,,224.629,506.3315,18.721,25.2794,,,531.61
ARWAL,2011-12,237.672,6109.882,,,220.626,584.8337,17.046,26.1545,,,610.99
ARWAL,2012-13,350.215,9390.02,,,308.233,876.2374,41.982,62.7646,,,939
ARWAL,2013-14,356.639,8796.563,,,325.802,832.8291,30.837,46.8272,,,879.66
ARWAL,2014-15,421.669,9774.932,,,381.991,915.8429,39.678,61.6503,,,977.49
ARWAL,2015-16,590.268,10715.452,,,524.783,993.9686,65.485,77.5766,,,1071.55
ARWAL,2016-17,698.495,12624.669,,,563.353,1064.6653,135.142,197.8016,,,1262.47
ARWAL,2017-18,770.589,13675.268,,,616.729,1140.925,153.86,226.6018,,,1367.53
ASHOKNAGAR,2009-10,225.247,6194.583,,,75.514,128.5679,149.733,490.8904,,,619.46
ASHOKNAGAR,2010-11,272.618,7068.471,,,85.746,152.3488,186.872,554.4983,,,706.85
ASHOKNAGAR,2011-12,304.086,7887.064,,,104.197,169.8437,199.889,618.8627,,,788.71
ASHOKNAGAR,2012-13,292.754,9298.067,,,76.808,192.915,215.946,736.8917,,,929.81
ASHOKNAGAR,2013-14,436.886,10847.604,,,127.603,218.2352,309.283,866.5252,,,1084.76
ASHOKNAGAR,2014-15,582.266,11965.98,,,167.503,222.0883,414.763,974.5097,,,1196.6
ASHOKNAGAR,2015-16,739.144,12787.31,,,231.765,254.4348,507.379,1024.2962,,,1278.73
ASHOKNAGAR,2016-17,882.309,14836.276,,,281.046,254.6518,601.263,1228.9758,,,1483.63
ASHOKNAGAR,2017-18,922.044,15149.615,,,299.613,255.624,622.431,1259.3375,,,1514.96
AURAIYA,2009-10,555.894,9156.602,,,308.876,373.2462,247.018,542.414,,,915.66
AURAIYA,2010-11,636.27,10927.296,,,357.911,446.7921,278.359,645.9375,,,1092.73
AURAIYA,2011-12,718.922,12427.162,,,400.077,499.0489,318.845,743.6673,,,1242.72
AURAIYA,2012-13,924.145,15573.665,,,515.659,601.4341,408.486,955.9324,,,1557.37
AURAIYA,2013-14,1077.293,18915.529,,,601.169,728.6921,476.124,1162.8608,,,1891.55
AURAIYA,2014-15,1206.134,21860.662,,,627.931,849.4404,578.203,1336.6258,,,2186.07
AURAIYA,2015-16,1462.329,24817.469,,,790.03,947.1036,672.299,1534.6433,,,2481.75
AURAIYA,2016-17,1578.616,31179.675,,,795.578,1116.5699,783.038,2001.3976,,,3117.97
AURAIYA,2017-18,1647.787,34939.045,,,828.508,1221.0608,819.279,2272.8437,,,3493.9
AURANGABAD,2009-10,2265.381,85763.304,,,769.495,1428.363,506.185,1932.3462,989.701,5215.6212,8576.33
AURANGABAD,2010-11,2644.104,99636.147,,,903.395,1680.6812,625.189,2135.0348,1115.52,6147.8987,9963.61
AURANGABAD,2011-12,2692.441,114559.638,,,902.407,1900.1078,669.432,2558.0208,1120.602,6997.8352,11455.96
AURANGABAD,2012-13,3393.197,142702.917,,,1283.184,3265.9171,830.175,2963.9824,1279.838,8040.3922,14270.29
AURANGABAD,2013-14,3942.536,157737.615,,,1445.735,2930.4385,997.221,3316.2881,1499.58,9527.0349,15773.76
AURANGABAD,2014-15,4744.295,186715.849,,,1759.243,3110.7242,1251.488,4063.1321,1733.564,11497.7286,18671.58
AURANGABAD,2015-16,5768.603,210131.877,,,2216.316,3689.0958,1579.875,4588.8777,1972.412,12735.2142,21013.19
AURANGABAD,2016-17,6944.84,256653.324,2324.185,15590.0839,2497.216,4208.177,1802.56,3776.4278,320.879,2090.6437,25665.33
AURANGABAD,2017-18,7203.317,278256.836,2269.103,17159.6252,2679.504,4581.0495,1917.03,4106.0355,337.68,1978.9734,27825.68
AZAMGARH,2009-10,2854.036,45321.143,,,2180.926,2653.1854,673.11,1878.9289,,,4532.11
AZAMGARH,2010-11,3348.765,53025.635,,,2634.067,3066.7501,714.698,2235.8134,,,5302.56
AZAMGARH,2011-12,3300.411,60025.116,,,2505.822,3516.9771,794.589,2485.5345,,,6002.51
AZAMGARH,2012-13,3681.666,72280.256,,,2801.232,4205.5051,880.434,3022.5205,,,7228.03
AZAMGARH,2013-14,4117.569,86578.071,,,3120.372,5087.038,997.197,3570.7691,,,8657.81
AZAMGARH,2014-15,4635.356,99193.063,,,3511.434,5843.8008,1123.922,4075.5055,,,9919.31
AZAMGARH,2015-16,5238.664,130214.823,,,3852.367,6752.0008,1386.297,6269.4815,,,13021.48
AZAMGARH,2016-17,5757.394,148594.042,,,4167.245,8759.3966,944.878,2399.5273,645.271,3700.4803,14859.4
AZAMGARH,2017-18,5929.309,162109.508,,,4306.578,9714.3024,970.996,2471.9518,651.735,4024.6966,16210.95
BADGAM,2009-10,283.413,6932.047,,,190.492,418.0139,67.28,219.2125,25.641,55.9783,693.2
BADGAM,2010-11,315.94,8435.445,,,212.711,499.7262,74.736,263.0812,28.493,80.7371,843.54
BADGAM,2011-12,364.168,9584.18,,,254.32,613.3353,84.091,293.866,25.757,51.2167,958.42
BADGAM,2012-13,424.006,11805.765,,,305.859,803.523,89.52,315.0496,28.627,62.0039,1180.58
BADGAM,2013-14,495.396,13088.022,,,366.401,919.8967,101.024,316.7489,27.971,72.1566,1308.8
BADGAM,2014-15,628.748,14374.587,,,476.653,1019.275,122.488,328.8367,29.607,89.347,1437.46
BADGAM,2015-16,821.412,21051.564,,,599.7,1208.5778,221.712,896.5786,,,2105.16
BADGAM,2016-17,908.928,22381.774,89.528,442.4489,670.838,1342.6348,148.562,453.0937,,,2238.18
BADGAM,2017-18,981.851,26056.318,92.231,506.2917,735.678,1601.2314,153.942,498.1087,,,2605.63
BAGALKOTE,2009-10,1145.021,27381.777,,,435.222,521.9853,709.799,2216.1924,,,2738.18
BAGALKOTE,2010-11,1185.873,32680.961,,,430.614,559.5242,755.259,2708.5719,,,3268.1
BAGALKOTE,2011-12,1387.591,38086.277,,,495.993,643.6054,891.598,3165.0223,,,3808.63
BAGALKOTE,2012-13,1625.995,43795.726,,,569.287,766.9114,1056.708,3612.6612,,,4379.57
BAGALKOTE,2013-14,1869.181,52359.028,,,648.349,887.9777,1220.832,4347.9251,,,5235.9
BAGALKOTE,2014-15,2299.511,56002.524,,,808.984,1004.6704,1490.527,4595.582,,,5600.25
BAGALKOTE,2015-16,2582.158,62064.378,,,918.734,1144.0455,1663.424,5062.3923,,,6206.44
BAGALKOTE,2016-17,2778.88,70000.969,,,959.274,1207.7337,1385.474,3163.975,434.132,2628.3882,7000.1
BAGALKOTE,2017-18,2904.289,79186.766,,,974.332,1341.4885,1478.674,3245.6043,451.283,3331.5838,7918.68
BAGESHWAR,2009-10,171.597,4146.289,,,171.597,414.6289,,,,,414.63
BAGESHWAR,2010-11,181.98,4903.29,,,181.98,490.329,,,,,490.33
BAGESHWAR,2011-12,194.89,5510.382,,,194.89,551.0382,,,,,551.04
BAGESHWAR,2012-13,225.166,6302.64,,,225.166,630.264,,,,,630.26
BAGESHWAR,2013-14,251.085,7460.188,,,251.085,746.0188,,,,,746.02
BAGESHWAR,2014-15,303.69,8840.083,,,303.69,884.0083,,,,,884.01
BAGESHWAR,2015-16,351.798,9795.766,,,351.798,979.5766,,,,,979.58
BAGESHWAR,2016-17,387.252,12281.567,,,387.252,1228.1567,,,,,1228.16
BAGESHWAR,2017-18,409.095,13576.72,,,409.095,1357.672,,,,,1357.67
BAGHPAT,2009-10,538.133,13473.345,,,185.565,317.5604,352.568,1029.7741,,,1347.33
BAGHPAT,2010-11,604.726,15460.393,,,203.473,375.5971,401.253,1170.4422,,,1546.04
BAGHPAT,2011-12,693.258,17479.344,,,226.575,403.4056,466.683,1344.5288,,,1747.93
BAGHPAT,2012-13,818.477,19643.444,,,266.395,456.7859,552.082,1507.5585,,,1964.34
BAGHPAT,2013-14,982.083,22154.792,,,347.034,472.8036,635.049,1742.6756,,,2215.48
BAGHPAT,2014-15,1164.186,25098.146,,,420.51,546.3487,743.676,1963.4659,,,2509.81
BAGHPAT,2015-16,1297.601,28748.594,,,448.654,659.2593,848.947,2215.6001,,,2874.86
BAGHPAT,2016-17,1348.969,36908.079,,,438.378,896.3796,565.356,1584.8191,345.235,1209.6092,3690.81
BAGHPAT,2017-18,1414.538,42819.989,,,469.365,1068.6406,597.887,1856.6119,347.286,1356.7464,4282
BAHRAICH,2009-10,1183.142,17504.718,,,852.837,788.8996,113.527,192.217,216.778,769.3552,1750.47
BAHRAICH,2010-11,1336.879,20713.069,,,947.409,970.2945,126.337,233.3863,263.133,867.6261,2071.31
BAHRAICH,2011-12,1496.019,23866.992,,,1110.375,1080.9592,138.068,280.3157,247.576,1025.4243,2386.7
BAHRAICH,2012-13,1752.196,28649.417,,,1284.006,1272.8488,165.873,345.8697,302.317,1246.2232,2864.94
BAHRAICH,2013-14,2090.854,32170.727,,,1534.333,1370.8779,194.999,400.2587,361.522,1445.9361,3217.07
BAHRAICH,2014-15,2263.727,36541.362,,,1637.769,1548.7095,217.849,442.0757,408.109,1663.351,3654.14
BAHRAICH,2015-16,3078.612,42739.861,,,2316.17,2006.2664,277.46,482.5078,484.982,1785.2119,4273.99
BAHRAICH,2016-17,3324.838,51571.018,,,2318.636,2222.5841,484.569,820.739,521.633,2113.7787,5157.1
BAHRAICH,2017-18,3459.033,57077.595,,,2411.675,2430.8829,503.509,889.4784,543.849,2387.3982,5707.76
BAKSA,2009-10,243.797,2360.853,,,243.797,236.0853,,,,,236.09
BAKSA,2010-11,279.907,3112.649,,,279.907,311.2649,,,,,311.26
BAKSA,2011-12,330.957,3431.801,,,330.957,343.1801,,,,,343.18
BAKSA,2012-13,366.486,3850.532,,,366.486,385.0532,,,,,385.05
BAKSA,2013-14,418.975,5335.584,,,418.975,533.5584,,,,,533.56
BAKSA,2014-15,531.79,6138.33,,,531.79,613.833,,,,,613.83
BAKSA,2015-16,719.726,7302.46,,,719.726,730.246,,,,,730.25
BAKSA,2016-17,893.398,8446.43,,,893.398,844.643,,,,,844.64
BAKSA,2017-18,964.557,9159.382,,,964.557,915.9382,,,,,915.94
BALAGHAT,2009-10,459.267,10672.821,,,270.447,367.6777,188.82,699.6044,,,1067.28
BALAGHAT,2010-11,549.924,12366.719,,,319.713,424.2795,230.211,812.3924,,,1236.67
BALAGHAT,2011-12,760.745,14582.297,,,441.108,494.2002,319.637,964.0295,,,1458.23
BALAGHAT,2012-13,1030.845,18389.9,,,599.415,614.4017,431.43,1224.5883,,,1838.99
BALAGHAT,2013-14,1424.802,21382.446,,,842.302,715.8006,582.5,1422.444,,,2138.24
BALAGHAT,2014-15,1603.494,24646.123,,,924.315,849.4584,679.179,1615.1539,,,2464.61
BALAGHAT,2015-16,1945.554,26280.262,,,1102.271,837.9405,843.283,1790.0857,,,2628.03
BALAGHAT,2016-17,2149.067,33291.409,,,1144.328,1096.8219,1004.739,2232.319,,,3329.14
BALAGHAT,2017-18,2267.592,35205.485,,,1212.827,1139.7065,1054.765,2380.842,,,3520.55
BALESHWAR,2009-10,1065.677,25842.277,,,681.637,962.7517,113.097,293.2787,270.943,1328.1973,2584.23
BALESHWAR,2010-11,1167.434,30231.271,,,741.894,1113.0363,122.872,342.9319,302.668,1567.1589,3023.13
BALESHWAR,2011-12,1385.992,35749.497,,,885.997,1340.8571,161.681,426.3705,338.314,1807.7221,3574.95
BALESHWAR,2012-13,1527.829,41279.574,,,961.418,1531.4199,195.85,551.1688,370.561,2045.3687,4127.96
BALESHWAR,2013-14,1796.436,51224.509,,,1125.331,1913.3031,255.596,719.4569,415.509,2489.6909,5122.45
BALESHWAR,2014-15,2197.308,61941.597,,,1376.036,2320.9797,345.406,930.0937,475.866,2943.0863,6194.16
BALESHWAR,2015-16,2631.757,66993.471,,,1628.917,2591.5338,447.732,1030.1923,555.108,3077.621,6699.35
BALESHWAR,2016-17,3071.694,80040.176,,,1929.018,3164.4014,535.779,1282.5042,606.897,3557.112,8004.02
BALESHWAR,2017-18,3247.208,89320.14,,,2030.356,3502.4819,582.011,1419.7092,634.841,4009.8229,8932.01
BALLIA,2009-10,1669.617,33002.894,,,929.611,1259.5082,453.211,918.7698,286.795,1122.0114,3300.29
BALLIA,2010-11,1889.043,36981.647,,,1058.716,1418.1251,524.279,1040.9075,306.048,1239.1321,3698.16
BALLIA,2011-12,2112.941,42676.185,,,1163.776,1630.2595,622.134,1222.3198,327.031,1415.0392,4267.62
BALLIA,2012-13,2558.377,51484.363,,,1380.457,1941.7535,791.458,1515.4963,386.462,1691.1865,5148.44
BALLIA,2013-14,2805.968,60427.617,,,1470.145,2219.4224,924.092,1820.3689,411.731,2002.9704,6042.76
BALLIA,2014-15,3318.131,68252.155,,,1732.025,2528.6865,1114.686,2088.0961,471.42,2208.4329,6825.22
BALLIA,2015-16,3892.049,76651.336,,,1969.746,2766.3631,1359.047,2447.9692,563.256,2450.8013,7665.13
BALLIA,2016-17,4324.945,92429.182,,,2144.67,3340.8866,1544.365,2998.6178,635.91,2903.4138,9242.92
BALLIA,2017-18,4552.313,100275.864,,,2269.236,3610.4378,1624.017,3268.0856,659.06,3149.063,10027.59
BALOD,2012-13,492.182,10872.979,,,346.976,504.0149,145.206,583.283,,,1087.3
BALOD,2013-14,514.88,11820.575,,,356.791,540.7341,158.089,641.3234,,,1182.06
BALOD,2014-15,745.855,13666.005,,,512.828,595.5614,233.027,771.0391,,,1366.6
BALOD,2015-16,970.958,16137.898,,,685.581,752.3859,285.377,861.4039,,,1613.79
BALOD,2016-17,1132.552,19571.474,,,810.883,870.8754,321.669,1086.272,,,1957.15
BALOD,2017-18,1182.716,21089.614,,,844.947,970.6166,337.769,1138.3448,,,2108.96
BALODABAZAR,2012-13,415.358,12484.297,,,204.979,416.3336,210.379,832.0961,,,1248.43
BALODABAZAR,2013-14,532.726,15969.239,,,260.277,537.2445,272.449,1059.6794,,,1596.92
BALODABAZAR,2014-15,898.46,18190.431,,,469.838,625.3382,428.622,1193.7049,,,1819.04
BALODABAZAR,2015-16,1152.449,20583.798,,,595.165,728.1105,557.284,1330.2693,,,2058.38
BALODABAZAR,2016-17,1474.799,26962.711,,,726.517,1001.5495,748.282,1694.7216,,,2696.27
BALODABAZAR,2017-18,1597.676,29714.291,,,790.456,1051.2439,807.22,1920.1852,,,2971.43
BALRAMPUR,2009-10,763.857,15309.288,,,501.629,729.314,262.228,801.6148,,,1530.93
BALRAMPUR,2010-11,891.652,17113.477,,,577.803,830.4561,313.849,880.8916,,,1711.35
BALRAMPUR,2011-12,948.347,19437.896,,,616.219,949.8757,332.128,993.9139,,,1943.79
BALRAMPUR,2012-13,1453.936,28360.585,,,1057.185,1668.8921,396.751,1167.1664,,,2836.06
BALRAMPUR,2013-14,1557.524,31556.039,,,1115.401,1835.016,442.123,1320.5879,,,3155.6
BALRAMPUR,2014-15,1856.029,36766.675,,,1369.345,2184.1861,486.684,1492.4814,,,3676.67
BALRAMPUR,2015-16,2432.578,41622.813,,,1831.83,2498.5198,600.748,1663.7615,,,4162.28
BALRAMPUR,2016-17,2808.066,50266.768,,,2028.073,2933.6778,779.993,2092.999,,,5026.68
BALRAMPUR,2017-18,3003.332,54458.008,,,2186.154,3208.5917,817.178,2237.2091,,,5445.8
BANAS KANTHA,2009-10,734.664,22858.593,,,278.158,495.0764,280.062,688.9287,176.444,1101.8542,2285.86
BANAS KANTHA,2010-11,845.951,31203.035,,,323.029,641.0152,325.783,789.4088,197.139,1689.8795,3120.3
BANAS KANTHA,2011-12,994.055,34110.736,,,375.092,753.829,380.739,959.4789,238.224,1697.7657,3411.07
BANAS KANTHA,2012-13,1189.57,39489.531,,,454.619,894.4594,455.68,1126.5299,279.271,1927.9638,3948.95
BANAS KANTHA,2013-14,1695.714,43489.863,,,726.411,1016.0101,647.65,1283.218,321.653,2049.7582,4348.99
BANAS KANTHA,2014-15,2137.729,47992.749,,,957.407,1205.2182,816.314,1523.2111,364.008,2070.8456,4799.27
BANAS KANTHA,2015-16,2460.416,51128.04,,,1119.141,1339.3939,936.536,1684.9783,404.739,2088.4318,5112.8
BANAS KANTHA,2016-17,2914.7,63861.265,,,1137.036,1553.5724,1005.151,1486.9721,772.513,3345.582,6386.13
BANAS KANTHA,2017-18,2994.972,69876.333,,,1167.295,1709.3572,1017.603,1705.6166,810.074,3572.6595,6987.63
BANDA,2009-10,858.879,15076.012,,,551.097,540.9118,178.549,219.5342,129.233,747.1552,1507.6
BANDA,2010-11,994.727,16531.799,,,611.772,515.4688,218.123,274.638,164.832,863.0731,1653.18
BANDA,2011-12,973.456,25375.835,,,604.995,577.4145,207.919,314.2414,160.542,1645.9276,2537.58
BANDA,2012-13,1093.658,24060.485,,,672.3,724.9671,252.511,390.7909,168.847,1290.2905,2406.05
BANDA,2013-14,1317.437,27379.564,,,803.087,843.4496,296.858,464.6053,217.492,1429.9015,2737.96
BANDA,2014-15,1441.431,29603.748,,,874.814,929.2807,308.225,514.3536,258.392,1516.7405,2960.37
BANDA,2015-16,1744.787,33465.207,,,1038.889,1068.378,394.256,605.4166,311.642,1672.7261,3346.52
BANDA,2016-17,1939.855,44544.585,,,1043.943,1208.202,542.408,921.0833,353.504,2325.1732,4454.46
BANDA,2017-18,2047.595,48056.998,,,1106.128,1314.8763,575.546,1010.563,365.921,2480.2605,4805.7
BANDIPURA,2009-10,125.238,2677.949,,,62.627,113.3407,62.611,154.4542,,,267.79
BANDIPURA,2010-11,146.341,3171.002,,,73.727,132.9073,72.614,184.1929,,,317.1
BANDIPURA,2011-12,191.704,4962.216,,,95.881,180.2351,95.823,315.9865,,,496.22
BANDIPURA,2012-13,192.682,6145.1,,,88.552,234.4056,104.13,380.1044,,,614.51
BANDIPURA,2013-14,229.287,6902.564,,,110.627,268.8558,118.66,421.4006,,,690.26
BANDIPURA,2014-15,312.444,6849.996,,,155.222,269.163,157.222,415.8366,,,685
BANDIPURA,2015-16,362.742,7527.365,,,186.694,301.1926,176.048,451.5439,,,752.74
BANDIPURA,2016-17,406.805,9111.004,,,133.655,248.1056,273.15,662.9948,,,911.1
BANDIPURA,2017-18,439.613,10030.192,,,144.901,263.9403,294.712,739.0789,,,1003.02
BANGALORE RURAL,2009-10,546.766,26218.064,,,206.347,439.328,340.419,2182.4784,,,2621.81
BANGALORE RURAL,2010-11,632.522,29609.833,,,227.305,534.2978,405.217,2426.6855,,,2960.98
BANGALORE RURAL,2011-12,758.225,35232.857,,,264.214,757.5722,494.011,2765.7135,,,3523.29
BANGALORE RURAL,2012-13,942.084,35804.102,,,338.783,1144.6892,603.301,2435.721,,,3580.41
BANGALORE RURAL,2013-14,1230.959,45273.578,,,484.97,1366.6384,745.989,3160.7194,,,4527.36
BANGALORE RURAL,2014-15,1534.054,61501.73,,,636.593,1734.1348,897.461,4416.0382,,,6150.17
BANGALORE RURAL,2015-16,1661.544,78829.999,,,673.995,2370.9969,987.549,5512.003,,,7883
BANGALORE RURAL,2016-17,1784.559,80966.224,,,637.021,2609.566,1147.538,5487.0564,,,8096.62
BANGALORE RURAL,2017-18,1954.891,88203.887,,,716.481,3677.7081,1238.41,5142.6806,,,8820.39
BANGALORE URBAN,2009-10,13769.451,1864144.854,13505.157,185340.1187,227.995,958.7943,36.299,115.5724,,,186414.49
BANGALORE URBAN,2010-11,15652.428,2286720.86,15348.833,227296.7807,256.992,1208.5576,46.603,166.7477,,,228672.09
BANGALORE URBAN,2011-12,17276.323,2710545.207,16900.282,269213.7069,318,1600.7699,58.041,240.0439,,,271054.52
BANGALORE URBAN,2012-13,19454.058,3001387.954,18947.879,297664.8846,419.149,2046.0578,87.03,427.853,,,300138.8
BANGALORE URBAN,2013-14,22078.454,3471389.889,21370.85,343771.0859,592.814,2888.5202,114.79,479.3828,,,347138.99
BANGALORE URBAN,2014-15,26362.166,4179768.893,25378.187,413634.0005,823.408,3739.9542,158.849,589.8034,1.722,13.1312,417976.89
BANGALORE URBAN,2015-16,26972.614,4519125.119,25757.352,446410.1175,1008.987,4676.4302,202.923,784.1638,3.352,41.8004,451912.51
BANGALORE URBAN,2016-17,29546.445,4970468.181,28206.537,491121.7652,636.968,2728.0255,702.94,3197.0274,,,497046.82
BANGALORE URBAN,2017-18,30305.052,5338659.889,28940.086,528524.7761,726.26,2904.7571,638.706,2436.4557,,,533865.99
BANKA,2009-10,369.676,9064.403,,,286.125,490.8194,83.551,415.6209,,,906.44
BANKA,2010-11,412.769,11235.287,,,313.983,575.3144,98.786,548.2143,,,1123.53
BANKA,2011-12,518.774,12334.977,,,388.433,633.0957,130.341,600.402,,,1233.5
BANKA,2012-13,555.209,15075.176,,,411.484,733.0834,143.725,774.4342,,,1507.52
BANKA,2013-14,652.7,17501.867,,,479.001,887.2941,173.699,862.8926,,,1750.19
BANKA,2014-15,818.229,19939.791,,,595.706,1037.6437,222.523,956.3354,,,1993.98
BANKA,2015-16,1100.038,20951.968,,,749.126,1100.3966,350.912,994.8002,,,2095.2
BANKA,2016-17,1577.034,26248.864,,,1109.716,1418.7674,467.318,1206.119,,,2624.89
BANKA,2017-18,1741.993,28050.73,,,1225.836,1591.448,516.157,1213.625,,,2805.07
BANKURA,2009-10,1400.759,34701.744,,,1066.552,1978.5415,131.796,452.043,202.411,1039.5899,3470.17
BANKURA,2010-11,1508.347,40992.841,,,1139.278,2331.6498,148.256,540.8725,220.813,1226.7618,4099.28
BANKURA,2011-12,1826.731,56680.474,,,1339.092,3020.6908,205.03,776.177,282.609,1871.1796,5668.05
BANKURA,2012-13,1978.301,59886.617,,,1477.339,3311.6765,199.039,795.4838,301.923,1881.5014,5988.66
BANKURA,2013-14,2476.328,73344.91,,,1888.758,4028.7582,239.389,985.5375,348.181,2320.1953,7334.49
BANKURA,2014-15,3297.318,88785.287,,,2572.566,4857.2494,315.065,1211.8686,409.687,2809.4107,8878.53
BANKURA,2015-16,4006.816,100862.032,,,3144.323,5584.1338,382.782,1359.2748,479.711,3142.7946,10086.2
BANKURA,2016-17,4723.449,121585.652,,,3723.288,6924.2951,453.345,1634.59,546.816,3599.6801,12158.57
BANKURA,2017-18,5018.669,128833.111,,,3959.267,7516.2614,488.408,1770.3861,570.994,3596.6636,12883.31
BANSWARA,2009-10,537.778,14788.485,,,314.211,607.0028,223.567,871.8457,,,1478.85
BANSWARA,2010-11,573.232,16560.737,,,332.062,676.146,241.17,979.9277,,,1656.07
BANSWARA,2011-12,634.22,19319.812,,,359.449,775.2721,274.771,1156.7091,,,1931.98
BANSWARA,2012-13,724.161,22527.563,,,408.63,888.5812,315.531,1364.1751,,,2252.76
BANSWARA,2013-14,843.273,26002.338,,,480.878,1010.461,362.395,1589.7728,,,2600.23
BANSWARA,2014-15,1127.466,29631.525,,,629.9,1152.8668,497.566,1810.2857,,,2963.15
BANSWARA,2015-16,1565.025,35200.778,,,924.783,1305.1483,640.242,2214.9295,,,3520.08
BANSWARA,2016-17,1767.836,43493.432,,,1000.889,1365.1074,289.627,706.153,477.32,2278.0828,4349.34
BANSWARA,2017-18,1868.734,44562.329,,,1080.071,1373.1201,324.612,763.5048,464.051,2319.608,4456.23
BARA BANKI,2009-10,1548.617,24307.058,,,990.828,1132.5713,557.789,1298.1345,,,2430.71
BARA BANKI,2010-11,1729.596,28852.033,,,1123.438,1375.8574,606.158,1509.3459,,,2885.2
BARA BANKI,2011-12,1917.227,33462.863,,,1240.5,1635.6983,676.727,1710.588,,,3346.29
BARA BANKI,2012-13,2094.641,38911.115,,,1326.398,1756.5796,768.243,2134.5319,,,3891.11
BARA BANKI,2013-14,2571.455,43769.776,,,1660.655,1969.4663,910.8,2407.5113,,,4376.98
BARA BANKI,2014-15,2983.028,50200.841,,,1935.863,2313.7353,1047.165,2706.3488,,,5020.08
BARA BANKI,2015-16,3414.397,55453.871,,,2180.644,2546.3487,1233.753,2999.0384,,,5545.39
BARA BANKI,2016-17,3641.042,68470.041,,,2178.044,2750.1012,1462.998,4096.9029,,,6847
BARA BANKI,2017-18,3905.438,75130.63,,,2353.975,3012.8662,1551.463,4500.1968,,,7513.06
BARAMULLA,2009-10,519.408,15830.081,,,303.52,727.1923,215.888,855.8158,,,1583.01
BARAMULLA,2010-11,569.919,17834.796,,,336.868,827.8082,233.051,955.6714,,,1783.48
BARAMULLA,2011-12,655.626,21681.412,,,394.273,1005.2857,261.353,1162.8555,,,2168.14
BARAMULLA,2012-13,701.851,25411.561,,,424.189,1164.0231,277.662,1377.133,,,2541.16
BARAMULLA,2013-14,816.169,27888.854,,,508.782,1294.7342,307.387,1494.1512,,,2788.89
BARAMULLA,2014-15,1041.412,29328.035,,,663.293,1382.9592,378.119,1549.8443,,,2932.8
BARAMULLA,2015-16,1211.156,32880.824,,,768.742,1510.2866,442.414,1777.7958,,,3288.08
BARAMULLA,2016-17,1328.625,37476.043,,,851.427,1738.6874,477.198,2008.9169,,,3747.6
BARAMULLA,2017-18,1418.522,39332.443,,,914.26,1833.4867,504.262,2099.7576,,,3933.24
BARAN,2009-10,422.231,8045.962,,,196.927,206.6065,225.304,597.9897,,,804.6
BARAN,2010-11,519.311,9781.29,,,250.057,299.3747,269.254,678.7543,,,978.13
BARAN,2011-12,659.665,10763.02,,,324.527,319.3582,335.138,756.9438,,,1076.3
BARAN,2012-13,735.213,12699.064,,,356.975,372.9601,378.238,896.9463,,,1269.91
BARAN,2013-14,881.683,14151.288,,,424.563,428.322,457.12,986.8068,,,1415.13
BARAN,2014-15,857.382,15979.558,,,403.216,479.457,454.166,1118.4988,,,1597.96
BARAN,2015-16,1250.515,18318.086,,,600.792,536.8853,649.723,1294.9233,,,1831.81
BARAN,2016-17,1361.937,23471.493,,,549.726,556.6361,524.544,858.4997,287.667,932.0135,2347.15
BARAN,2017-18,1478.275,26278.474,,,609.046,619.677,563.238,950.8181,305.991,1057.3523,2627.85
BARDDHAMAN,2009-10,4354.176,178269.121,,,1786.658,4028.449,596.072,2382.6996,1971.446,11415.7635,17826.91
BARDDHAMAN,2010-11,4799.56,208655.551,,,2012.014,4874.0422,676.789,2719.4643,2110.757,13272.0486,20865.56
BARDDHAMAN,2011-12,6421.662,250908.823,,,2327.172,5858.1913,778.6,3170.5234,3315.89,16062.1676,25090.88
BARDDHAMAN,2012-13,6114.633,309301.925,,,2622.727,7226.5905,894.276,4056.4647,2597.63,19647.1373,30930.19
BARDDHAMAN,2013-14,7136.987,378743.178,,,3212.594,8703.4607,1034.356,4939.8848,2890.037,24230.9723,37874.32
BARDDHAMAN,2014-15,8475.623,459865.955,,,3963.502,10628.4653,1257.563,6491.5506,3254.558,28866.5796,45986.6
BARDDHAMAN,2015-16,9854.14,495557.035,,,4533.127,11024.3425,1474.39,6909.296,3846.623,31622.065,49555.7
BARDDHAMAN,2016-17,11251.385,573187.544,,,5042.563,12385.7652,2003.886,8707.7088,4204.936,36225.2804,57318.75
BARDDHAMAN,2017-18,11834.403,613762.988,,,5391.824,13119.4944,2126.393,8993.5045,4316.186,39263.2999,61376.3
BAREILLY,2009-10,2193.41,55638.229,,,667.823,706.8992,488.047,800.3026,1037.54,4056.6211,5563.82
BAREILLY,2010-11,2401.282,67154.284,,,717.905,879.9255,552.339,969.6338,1131.038,4865.8691,6715.43
BAREILLY,2011-12,2611.442,77469.943,,,775.703,973.9912,609.938,1074.6962,1225.801,5698.3069,7746.99
BAREILLY,2012-13,2943.345,91907.246,,,852.85,979.2646,707.397,1270.1411,1383.098,6941.3189,9190.72
BAREILLY,2013-14,3328.653,107459.368,,,1008.434,1088.9852,823.423,1460.3395,1496.796,8196.6121,10745.94
BAREILLY,2014-15,4070.921,125045.112,,,1280.804,1233.0817,1056.407,1663.0131,1733.71,9608.4164,12504.51
BAREILLY,2015-16,4687.71,139359.007,,,1540.028,1536.1859,1240.572,1865.8139,1907.11,10533.9009,13935.9
BAREILLY,2016-17,5074.031,171076.692,,,1546.656,1852.4647,1381.727,1960.815,2145.648,13294.3895,17107.67
BAREILLY,2017-18,5158.775,184705.689,,,1583.776,2048.3564,1405.89,2145.5452,2169.109,14276.6673,18470.57
BARGARH,2009-10,481.073,10895.109,,,310.263,443.8598,170.81,645.6511,,,1089.51
BARGARH,2010-11,557.968,13416.693,,,350.503,532.6847,207.465,808.9846,,,1341.67
BARGARH,2011-12,671.193,16942.325,,,414.471,613.3867,256.722,1080.8458,,,1694.23
BARGARH,2012-13,776.507,20716.164,,,467.723,733.426,308.784,1338.1904,,,2071.62
BARGARH,2013-14,918.86,22613.647,,,562.276,835.6182,356.584,1425.7465,,,2261.36
BARGARH,2014-15,1216.699,25852.574,,,779.59,1001.444,437.109,1583.8134,,,2585.26
BARGARH,2015-16,1430.051,29959.833,,,916.127,1184.9232,513.924,1811.0601,,,2995.98
BARGARH,2016-17,1675.368,34783.455,,,983.948,1173.4777,691.42,2304.8678,,,3478.35
BARGARH,2017-18,1770.024,39857.871,,,1036.748,1389.583,733.276,2596.2041,,,3985.79
BARMER,2009-10,503.331,15568.775,,,263.947,505.0226,239.384,1051.8549,,,1556.88
BARMER,2010-11,573.067,24544.948,,,304.992,598.8382,268.075,1855.6566,,,2454.49
BARMER,2011-12,636.211,26864.204,,,334.68,680.1671,301.531,2006.2533,,,2686.42
BARMER,2012-13,734.178,27707.64,,,385.225,753.7173,348.953,2017.0467,,,2770.76
BARMER,2013-14,919.215,30622.272,,,500.451,859.7426,418.764,2202.4846,,,3062.23
BARMER,2014-15,1293.517,34902.255,,,702.773,1025.3787,590.744,2464.8468,,,3490.23
BARMER,2015-16,1704.407,39836.265,,,939.273,1181.7215,765.134,2801.905,,,3983.63
BARMER,2016-17,2180.055,50051.304,,,1273.734,1593.4207,906.321,3411.7097,,,5005.13
BARMER,2017-18,2459.973,50576.098,,,1499.472,1675.8665,960.501,3381.7433,,,5057.61
BARNALA,2009-10,383.391,13222.036,,,141.749,394.2774,241.642,927.9262,,,1322.2
BARNALA,2010-11,444.131,14451.788,,,157.89,409.4072,286.241,1035.7716,,,1445.18
BARNALA,2011-12,497.601,16371.037,,,179.912,470.5261,317.689,1166.5776,,,1637.1
BARNALA,2012-13,587.386,19313.087,,,216.514,548.2553,370.872,1383.0534,,,1931.31
BARNALA,2013-14,695.563,22644.022,,,264.546,656.9865,431.017,1607.4157,,,2264.4
BARNALA,2014-15,810.915,27577.076,,,320.807,797.5984,490.108,1960.1092,,,2757.71
BARNALA,2015-16,943.397,31714.458,,,373.674,895.6303,569.723,2275.8155,,,3171.45
BARNALA,2016-17,1057.375,37872.065,,,334.351,866.841,318.337,967.6089,404.687,1952.7566,3787.21
BARNALA,2017-18,1129.979,39310.069,,,357.492,908.0154,349.247,996.5495,423.24,2026.442,3931.01
BARPETA,2009-10,576.012,11004.011,,,394.129,572.8533,181.883,527.5478,,,1100.4
BARPETA,2010-11,650.892,12919.844,,,444.884,615.0901,206.008,676.8943,,,1291.98
BARPETA,2011-12,753.717,14450.822,,,516.5,684.5142,237.217,760.568,,,1445.08
BARPETA,2012-13,837.85,15940.506,,,565.273,749.6035,272.577,844.4471,,,1594.05
BARPETA,2013-14,1001.324,18566.078,,,668.443,898.3781,332.881,958.2297,,,1856.61
BARPETA,2014-15,1286.508,22386.104,,,839.244,1085.7632,447.264,1152.8472,,,2238.61
BARPETA,2015-16,1588.716,24583.594,,,998.216,1204.3793,590.5,1253.9801,,,2458.36
BARPETA,2016-17,1920.874,27294.134,,,1026.02,888.0331,894.854,1841.3803,,,2729.41
BARPETA,2017-18,2094.596,30877.376,,,1133.075,986.4939,961.521,2101.2437,,,3087.74
BARWANI,2009-10,322.335,8720.03,,,120.57,195.1597,201.765,676.8433,,,872
BARWANI,2010-11,386.675,9734.686,,,142.481,203.6232,244.194,769.8454,,,973.47
BARWANI,2011-12,491.821,11056.429,,,186.177,233.5565,305.644,872.0864,,,1105.64
BARWANI,2012-13,617.407,13272.426,,,240.785,271.2317,376.622,1056.0109,,,1327.24
BARWANI,2013-14,804.444,14784.324,,,337.176,309.6045,467.268,1168.8279,,,1478.43
BARWANI,2014-15,1027.453,16412.608,,,439.83,330.2283,587.623,1311.0325,,,1641.26
BARWANI,2015-16,1239.135,17534.786,,,527.069,391.778,712.066,1361.7006,,,1753.48
BARWANI,2016-17,1384.82,21699.425,,,497.727,415.9081,887.093,1754.0344,,,2169.94
BARWANI,2017-18,1475.501,25798.518,,,522.107,452.4132,953.394,2127.4386,,,2579.85
BASTAR,2009-10,448.821,13331.438,,,247.906,352.8545,200.915,980.2893,,,1333.14
BASTAR,2010-11,526.051,17069.072,,,289.887,434.1283,236.164,1272.7789,,,1706.91
BASTAR,2011-12,593.793,19393.464,,,335.176,483.1338,258.617,1456.2126,,,1939.35
BASTAR,2012-13,479.542,17601.496,,,248.923,372.5246,230.619,1387.625,,,1760.15
BASTAR,2013-14,541.549,19240.935,,,279.209,450.7071,262.34,1473.3864,,,1924.09
BASTAR,2014-15,737.931,22307.262,,,423.228,513.8539,314.703,1716.8723,,,2230.73
BASTAR,2015-16,884.159,23676.623,,,522.585,554.3778,361.574,1813.2845,,,2367.66
BASTAR,2016-17,1020.427,27098.804,,,551.342,588.861,75.747,80.4256,393.338,2040.5938,2709.88
BASTAR,2017-18,1084.479,30073.852,,,598.238,604.7975,74.642,87.8611,411.599,2314.7266,3007.39
BASTI,2009-10,1081.605,20372.513,,,870.498,1230.5272,12.101,8.9534,199.006,797.7707,2037.25
BASTI,2010-11,1244.014,23045.216,,,1013.632,1375.8783,7.724,10.4306,222.658,918.2127,2304.52
BASTI,2011-12,1351.601,26214.743,,,1102.515,1558.0781,9.166,12.3772,239.92,1051.019,2621.47
BASTI,2012-13,1800.431,32218.441,,,1482.101,1918.5467,23.632,13.1091,294.698,1290.1883,3221.84
BASTI,2013-14,2086.556,37233.53,,,1728.06,2208.1296,25.814,14.0415,332.682,1501.1819,3723.35
BASTI,2014-15,2516.001,43656.183,,,2091.12,2574.4937,27.978,15.4321,396.903,1775.6925,4365.62
BASTI,2015-16,2831.423,49310.465,,,2349.441,2914.7527,29.192,17.7513,452.79,1998.5425,4931.05
BASTI,2016-17,2968.857,59203.318,,,2329.416,3359.9481,145.039,195.517,494.402,2364.8667,5920.33
BASTI,2017-18,3070.952,66347.811,,,2417.286,3699.4362,149.263,210.172,504.403,2725.1729,6634.78
BATHINDA,2009-10,1037.109,38755.165,,,274.189,688.0184,267.267,802.2131,495.653,2385.285,3875.52
BATHINDA,2010-11,1154.894,50535.283,,,304.393,751.0324,303.859,908.4007,546.642,3394.0952,5053.53
BATHINDA,2011-12,1262.16,58659.607,,,338.834,824.8883,347.6,1013.0142,575.726,4028.0582,5865.96
BATHINDA,2012-13,1461.394,64375.956,,,420.031,1211.6351,407.072,1197.9973,634.291,4027.9632,6437.6
BATHINDA,2013-14,1675.628,73220.285,,,524.832,1418.6869,469.274,1400.1545,681.522,4503.1871,7322.03
BATHINDA,2014-15,1944.435,89310.429,,,627.898,1698.9937,548.78,1624.6513,767.757,5607.3979,8931.04
BATHINDA,2015-16,2268.369,98142.726,,,728.126,1853.1643,658.741,1807.839,881.502,6153.2693,9814.27
BATHINDA,2016-17,2542.483,115377.314,,,770.474,2029.5538,801.605,2354.073,970.404,7154.1046,11537.73
BATHINDA,2017-18,2718.775,117018.046,,,833.164,1780.0097,858.373,2506.511,1027.238,7415.2839,11701.8
BEGUSARAI,2009-10,774.857,23735.831,,,288.999,522.9891,485.858,1850.594,,,2373.58
BEGUSARAI,2010-11,865.602,27043.895,,,312.941,560.1801,552.661,2144.2094,,,2704.39
BEGUSARAI,2011-12,1068.64,30991.12,,,376.448,635.1342,692.192,2463.9778,,,3099.11
BEGUSARAI,2012-13,1182.159,39621.492,,,390.129,741.3695,792.03,3220.7797,,,3962.15
BEGUSARAI,2013-14,1373.933,43515.188,,,448.232,844.9552,925.701,3506.5636,,,4351.52
BEGUSARAI,2014-15,1735.162,48921.436,,,561.512,980.2736,1173.65,3911.87,,,4892.14
BEGUSARAI,2015-16,2318.325,53930.818,,,760.12,1087.9862,1558.205,4305.0956,,,5393.08
BEGUSARAI,2016-17,2845.855,61732.654,,,832.236,1135.7383,1472.402,2696.2301,541.217,2341.297,6173.27
BEGUSARAI,2017-18,3061.061,67364.875,,,949.533,1282.9827,1550.229,2942.6153,561.299,2510.8895,6736.49
BELGAUM,2009-10,3317.218,88045.691,,,1091.279,1161.139,1350.114,2879.1792,875.825,4764.2509,8804.57
BELGAUM,2010-11,3444.082,102586.269,,,1042.498,1360.5068,1417.868,3462.1254,983.716,5435.9947,10258.63
BELGAUM,2011-12,3998.933,119829.388,,,1271.891,1563.772,1656.556,3959.199,1070.486,6459.9678,11982.94
BELGAUM,2012-13,4578.343,140375.477,,,1445.115,1854.2776,1924.382,4724.9351,1208.846,7458.335,14037.55
BELGAUM,2013-14,5175.578,155128.941,,,1667.026,2165.3794,2148.614,5190.5919,1359.938,8156.9228,15512.89
BELGAUM,2014-15,6136.478,170919.794,,,2093.982,2381.0336,2519.097,5636.9065,1523.399,9074.0393,17091.98
BELGAUM,2015-16,6845.865,187152.972,,,2345.233,2564.5542,2901.945,6311.2495,1598.687,9839.4935,18715.3
BELGAUM,2016-17,7301.871,223408.646,,,2388.499,2988.6342,3219.655,7554.7944,1693.717,11797.436,22340.86
BELGAUM,2017-18,7791.83,236780.174,,,2571.689,3075.7875,3454.11,7976.1207,1766.031,12626.1092,23678.02
BELLARY,2009-10,1469.167,64838.642,,,517.362,721.3475,307.94,847.4268,643.865,4915.0899,6483.86
BELLARY,2010-11,1664.696,67455.876,,,588.082,884.2912,370.944,1033.7518,705.67,4827.5446,6745.59
BELLARY,2011-12,1804.871,68044.376,,,622.446,950.5836,421.664,1179.5985,760.761,4674.2555,6804.44
BELLARY,2012-13,2077.185,77488.172,,,721.099,1181.3431,502.215,1311.8483,853.871,5255.6258,7748.82
BELLARY,2013-14,2403.478,89087.796,,,834.548,1370.6063,592.33,1598.2646,976.6,5939.9087,8908.78
BELLARY,2014-15,2892.44,95736.047,,,993.701,1380.731,731.952,1616.6401,1166.787,6576.2336,9573.6
BELLARY,2015-16,3193.682,112189.325,,,1115.297,1720.8282,817.851,1967.3432,1260.534,7530.7611,11218.93
BELLARY,2016-17,3401.022,136668.075,,,973.261,1285.7685,1067.877,3027.6003,1359.884,9353.4387,13666.81
BELLARY,2017-18,3579.196,130945.833,,,1079.741,1405.8506,1109.428,3087.7729,1390.027,8600.9598,13094.58
BEMETARA,2012-13,327.812,5773.761,,,272.948,360.5103,54.864,216.8658,,,577.38
BEMETARA,2013-14,358.612,7048.115,,,290.64,433.4991,67.972,271.3124,,,704.81
BEMETARA,2014-15,563.17,7913.96,,,437.1,452.861,126.07,338.535,,,791.4
BEMETARA,2015-16,617.843,8856.261,,,447.977,442.2446,169.866,443.3815,,,885.63
BEMETARA,2016-17,789.859,11732.258,,,477.732,538.6016,312.127,634.6242,,,1173.23
BEMETARA,2017-18,859.615,12573.712,,,510.337,570.0234,349.278,687.3478,,,1257.37
BETUL,2009-10,691.864,14697.963,,,396.254,554.2721,295.61,915.5242,,,1469.8
BETUL,2010-11,787.775,17820.167,,,438.544,635.3454,349.231,1146.6713,,,1782.02
BETUL,2011-12,996.944,21064.993,,,578.558,758.759,418.386,1347.7403,,,2106.5
BETUL,2012-13,1164.421,24665.895,,,667.628,874.6301,496.793,1591.9594,,,2466.59
BETUL,2013-14,1401.986,29835.884,,,809.156,1076.4269,592.83,1907.1615,,,2983.59
BETUL,2014-15,1649.967,33716.631,,,927.464,1211.7887,722.503,2159.8744,,,3371.66
BETUL,2015-16,1890.694,37199.76,,,1048.351,1325.4651,842.343,2394.5109,,,3719.98
BETUL,2016-17,2041.527,45212.815,,,1087.963,1550.0446,550.172,1492.2133,403.392,1479.0236,4521.28
BETUL,2017-18,2131.03,49005.34,,,1134.808,1638.9735,576.965,1640.6627,419.257,1620.8978,4900.53
BHADRADRI (KOTHAGUDEM),2017-18,1631.524,63312.57,,,435.955,499.4562,1195.569,5831.8008,,,6331.26
BHADRAK,2009-10,510.589,13353.053,,,338.452,640.3344,172.137,694.9709,,,1335.31
BHADRAK,2010-11,568.729,15759.04,,,378.366,751.4853,190.363,824.4187,,,1575.9
BHADRAK,2011-12,723.775,18901.3,,,479.923,906.4274,243.852,983.7026,,,1890.13
BHADRAK,2012-13,829.48,21837.765,,,542.497,1050.6195,286.983,1133.157,,,2183.78
BHADRAK,2013-14,1000.594,26309.648,,,658.493,1274.973,342.101,1355.9918,,,2630.96
BHADRAK,2014-15,1300.474,31356.188,,,866.139,1538.0877,434.335,1597.5311,,,3135.62
BHADRAK,2015-16,1605.465,34638.121,,,1038.847,1656.7693,566.618,1807.0428,,,3463.81
BHADRAK,2016-17,1911.493,41839.496,,,1209.938,1954.6534,272.604,430.4752,428.951,1798.821,4183.95
BHADRAK,2017-18,2049.098,45905.167,,,1301.429,2168.4027,292.319,472.4234,455.35,1949.6906,4590.52
BHAGALPUR,2009-10,1060.012,32033.683,,,405.354,690.5581,222.64,534.6032,432.018,1978.207,3203.37
BHAGALPUR,2010-11,1183.52,39930.677,,,446.458,955.6364,256.398,576.8906,480.664,2460.5407,3993.07
BHAGALPUR,2011-12,1386.457,47561.709,,,545.086,1169.696,315.865,685.4259,525.506,2901.049,4756.17
BHAGALPUR,2012-13,1570.854,57197.876,,,640.247,1471.259,352.192,820.6981,578.415,3427.8305,5719.79
BHAGALPUR,2013-14,1794.836,66842.71,,,753.728,1891.2297,416.311,992.5907,624.797,3800.4506,6684.27
BHAGALPUR,2014-15,2174.598,82423.172,,,960.471,2251.6817,518.403,1180.1276,695.724,4810.5079,8242.32
BHAGALPUR,2015-16,2756.166,86815.635,,,1231.908,2539.0215,688.551,1325.9277,835.707,4816.6143,8681.56
BHAGALPUR,2016-17,3183.326,101620.694,,,1166.027,1900.4629,1120.125,2616.4454,897.174,5645.1611,10162.07
BHAGALPUR,2017-18,3436.773,111894.564,,,1298.062,2053.8028,1206.459,2900.1914,932.252,6235.4622,11189.46
BHANDARA,2009-10,494.333,10631.313,,,234.451,298.3398,259.882,764.7915,,,1063.13
BHANDARA,2010-11,610.773,13048.979,,,283.147,333.0969,327.626,971.801,,,1304.9
BHANDARA,2011-12,728.936,16486.007,,,350.785,410.1748,378.151,1238.4259,,,1648.6
BHANDARA,2012-13,889.54,21019.35,,,422.186,479.9882,467.354,1621.9468,,,2101.94
BHANDARA,2013-14,1092.879,34660.894,,,526.48,600.8798,566.399,2865.2096,,,3466.09
BHANDARA,2014-15,1301.653,25317.368,,,620.409,676.0286,681.244,1855.7082,,,2531.74
BHANDARA,2015-16,1473.773,28539.251,,,701.187,769.2055,772.586,2084.7196,,,2853.93
BHANDARA,2016-17,1601.565,35743.896,,,780.816,1031.5128,820.749,2542.8768,,,3574.39
BHANDARA,2017-18,1746.117,39306.801,,,865.944,1143.6744,880.173,2787.0057,,,3930.68
BHARATPUR,2009-10,739.193,21803.318,,,240.74,467.723,249.155,669.3999,249.298,1043.2089,2180.33
BHARATPUR,2010-11,841.619,25690.232,,,280.219,573.2087,289.515,810.4293,271.885,1185.3852,2569.02
BHARATPUR,2011-12,979.384,29626.331,,,331.669,680.6601,344.551,941.7575,303.164,1340.2155,2962.63
BHARATPUR,2012-13,1110.067,34152.959,,,335.043,631.8137,421.204,1152.1253,353.82,1631.3569,3415.3
BHARATPUR,2013-14,1293.621,40859.189,,,411.281,739.4577,499.486,1371.8794,382.854,1974.5818,4085.92
BHARATPUR,2014-15,1607.451,48100.483,,,519.279,845.2012,644.632,1610.1252,443.54,2354.7219,4810.05
BHARATPUR,2015-16,2235.585,53477.156,,,857.581,956.241,864.506,1762.4371,513.498,2629.0375,5347.72
BHARATPUR,2016-17,2432.631,64661.741,,,875.799,1083.4585,988.576,2258.8579,568.256,3123.8577,6466.17
BHARATPUR,2017-18,2576.367,68972.644,,,909.289,1153.9027,1074.326,2406.5003,592.752,3336.8614,6897.26
BHARUCH,2009-10,1147.127,47413.479,,,356.534,1040.3746,395.156,1731.5555,395.437,1969.4178,4741.35
BHARUCH,2010-11,1225.822,56163.758,,,379.558,1289.5238,427.221,2033.0199,419.043,2293.8321,5616.38
BHARUCH,2011-12,1388.979,74306.429,,,423.073,1860.8876,490.905,2642.4382,475.001,2927.3171,7430.64
BHARUCH,2012-13,1572.595,88810.552,,,502.406,2165.6068,546.16,3115.3881,524.029,3600.0603,8881.06
BHARUCH,2013-14,1840.24,104086.038,,,631.391,2551.7009,629.466,3616.1307,579.383,4240.7722,10408.6
BHARUCH,2014-15,2184.439,120693.757,,,787.903,2667.8863,744.519,4357.4437,652.017,5044.0457,12069.38
BHARUCH,2015-16,2453.515,130182.144,,,900.713,2891.5931,817.344,4417.9757,735.458,5708.6456,13018.21
BHARUCH,2016-17,2744.165,151164.391,,,852.843,2698.6093,1086.004,5807.5119,805.318,6610.3179,15116.44
BHARUCH,2017-18,2835.962,159782.39,,,899.86,2836.2243,1147.204,6319.8391,788.898,6822.1756,15978.24
BHAVNAGAR,2009-10,1449.16,59045.756,,,258.357,549.2867,342.318,955.6041,848.485,4399.6848,5904.58
BHAVNAGAR,2010-11,1560.969,73689.282,,,291.403,647.4663,371.707,1135.9276,897.859,5585.5343,7368.93
BHAVNAGAR,2011-12,1729.174,95964.282,,,315.05,705.3896,418.854,1323.1748,995.27,7567.8638,9596.43
BHAVNAGAR,2012-13,1955.605,111088.199,,,362.848,803.2383,481.532,1546.5028,1111.225,8759.0788,11108.82
BHAVNAGAR,2013-14,2182.952,106943.942,,,493.526,826.2853,559.999,1586.5464,1129.427,8281.5625,10694.39
BHAVNAGAR,2014-15,2472.052,118199.02,,,594.306,970.0272,640.106,1822.1659,1237.64,9027.7089,11819.9
BHAVNAGAR,2015-16,2702.468,121668.623,,,666.076,1059.8832,722.565,2037.9063,1313.827,9069.0728,12166.86
BHAVNAGAR,2016-17,3066.273,148503.679,,,761.384,1352.7431,876.917,2606.3353,1427.972,10891.2895,14850.37
BHAVNAGAR,2017-18,3089.558,150380.306,,,801.458,1475.7568,877.972,2658.8966,1410.128,10903.3772,15038.03
BHILWARA,2009-10,974.326,29324.227,,,394.21,645.5305,206.624,534.5446,373.492,1752.3476,2932.42
BHILWARA,2010-11,1156.708,33688.004,,,408.488,739.6211,226.731,606.7032,521.489,2022.4761,3368.8
BHILWARA,2011-12,1186.618,38219,,,434.146,846.4281,251.281,733.4437,501.191,2242.0282,3821.9
BHILWARA,2012-13,1367.944,45949.701,,,507.342,995.8751,301.199,889.7157,559.403,2709.3793,4594.97
BHILWARA,2013-14,1610.262,55985.436,,,619.83,1149.3871,363.308,1031.6554,627.124,3417.5011,5598.54
BHILWARA,2014-15,2072.688,64945.647,,,819.083,1330.2041,450.054,1222.9924,803.551,3941.3682,6494.56
BHILWARA,2015-16,2662.542,73046.786,,,1168.694,1498.0496,575.873,1371.7996,917.975,4434.8294,7304.68
BHILWARA,2016-17,2932.013,84826.227,,,1264.623,1785.2154,684.839,1682.7945,982.551,5014.6128,8482.62
BHILWARA,2017-18,3087.672,90526.067,,,1333.775,1891.0384,739.569,1809.6386,1014.328,5351.9297,9052.61
BHIM NAGAR,2011-12,954.859,15971.208,,,485.175,547.4658,196.087,296.1623,273.597,753.4927,1597.12
BHIM NAGAR,2012-13,1067.642,18226.86,,,525.623,601.6895,225.794,366.8793,316.225,854.1172,1822.69
BHIM NAGAR,2013-14,1142.073,22481.819,,,532.744,762.483,253.967,464.3301,355.362,1021.3688,2248.18
BHIM NAGAR,2014-15,1741.07,26304.843,,,929.99,867.5926,356.698,554.0788,454.382,1208.8129,2630.48
BHIM NAGAR,2015-16,2114.67,30425.359,,,1078.434,1051.492,424.331,604.8938,611.905,1386.1501,3042.54
BHIM NAGAR,2016-17,2296.229,35807.671,,,1149.398,1135.499,483.549,729.0137,663.282,1716.2544,3580.77
BHIM NAGAR,2017-18,2324.936,38357.232,,,1173.281,1140.0293,490.34,826.0101,661.315,1869.6838,3835.72
BHIND,2009-10,382.152,10334.909,,,81.743,171.6225,158.979,344.6119,141.43,517.2565,1033.49
BHIND,2010-11,438.09,11892.521,,,93.718,190.5239,185.157,384.538,159.215,614.1902,1189.25
BHIND,2011-12,552.554,13880.002,,,125.072,223.5275,236.904,455.6969,190.578,708.7758,1388
BHIND,2012-13,644.42,15842.249,,,150.546,254.1172,280.235,527.9816,213.639,802.1261,1584.22
BHIND,2013-14,761.883,18601.365,,,189.423,294.9807,329.199,613.7799,243.261,951.3759,1860.14
BHIND,2014-15,939.584,21573.163,,,229.61,393.7365,396.473,735.7352,313.501,1027.8446,2157.32
BHIND,2015-16,1207.871,23115.4,,,313.114,379.3318,514.315,778.6699,380.442,1153.5383,2311.54
BHIND,2016-17,1382.358,29471.838,,,270.427,376.2874,666.999,1093.2492,444.932,1477.6472,2947.18
BHIND,2017-18,1487.552,30958.866,,,295.964,389.7528,717.351,1157.7347,474.237,1548.3991,3095.89
BHIWANI,2009-10,863.203,25874.699,,,268.391,503.6418,280.109,744.5045,314.703,1339.3236,2587.47
BHIWANI,2010-11,982.335,30349.309,,,309.777,576.753,318.609,886.2603,353.949,1571.9176,3034.93
BHIWANI,2011-12,1061.788,35027.878,,,334.082,667.5218,340.966,995.604,386.74,1839.662,3502.79
BHIWANI,2012-13,1230.549,41662.526,,,396.558,727.9937,400.017,1153.9325,433.974,2284.3264,4166.25
BHIWANI,2013-14,1453.856,44938.95,,,504.321,852.8027,474.693,1318.4891,474.842,2322.6032,4493.89
BHIWANI,2014-15,1661.063,50843.29,,,577.8,1022.9803,546.756,1543.7977,536.507,2517.551,5084.33
BHIWANI,2015-16,2006.577,57811.653,,,751.296,1139.1234,649.39,1753.0783,605.891,2888.9636,5781.17
BHIWANI,2016-17,2194.821,73222.649,,,716.554,1328.227,825.494,2571.0268,652.773,3423.0111,7322.26
BHIWANI,2017-18,1617.721,57951.255,,,427.896,716.0409,518.931,1366.742,670.894,3712.3426,5795.13
BHOJPUR,2009-10,968.702,27715.892,,,481.461,912.7545,196.807,463.238,290.434,1395.5967,2771.59
BHOJPUR,2010-11,1096.821,30854.994,,,537.894,1051.1077,227.191,548.9547,331.736,1485.437,3085.5
BHOJPUR,2011-12,1214.042,35925.891,,,598.358,1178.2589,266.393,661.6094,349.291,1752.7208,3592.59
BHOJPUR,2012-13,1402.669,43397.07,,,700.626,1424.4539,311.926,812.1544,390.117,2103.0987,4339.71
BHOJPUR,2013-14,1586.996,50984.309,,,805.428,1696.4948,353.42,956.1093,428.148,2445.8268,5098.43
BHOJPUR,2014-15,1961.701,59117.769,,,1051.293,1981.6058,419.648,1116.1267,490.76,2814.0444,5911.78
BHOJPUR,2015-16,2535.987,66086.921,,,1434.444,2272.8526,520.242,1234.9068,581.301,3100.9327,6608.69
BHOJPUR,2016-17,2911.411,76989.944,,,1471.081,2422.1897,800.532,1726.2382,639.798,3550.5665,7698.99
BHOJPUR,2017-18,3170.413,85583.494,,,1616.947,2771.5438,879.188,1926.5385,674.278,3860.2671,8558.35
BHOPAL,2009-10,2565.601,243081.041,2409.444,23852.9135,119.856,379.6565,36.301,75.5341,,,24308.1
BHOPAL,2010-11,3125.084,305459.758,2951.766,30042.1987,133.051,388.7225,40.267,115.0546,,,30545.98
BHOPAL,2011-12,3170.031,411132.291,2972.432,40591.7553,150.425,421.757,47.174,99.7168,,,41113.23
BHOPAL,2012-13,3515.099,527648.449,3285.135,51890.6527,175.974,755.1748,53.99,119.0174,,,52764.84
BHOPAL,2013-14,4119.096,568738.1,3795.81,56069.7096,242.087,661.0407,81.199,143.0597,,,56873.81
BHOPAL,2014-15,4723.148,888967.727,4306.722,87938.4044,307.349,829.9203,109.077,128.448,,,88896.77
BHOPAL,2015-16,5320.275,716363.424,4845.39,70934.5166,340.869,552.1685,134.016,149.6573,,,71636.34
BHOPAL,2016-17,5723.683,641068.096,5191.612,63297.9461,382.99,626.9547,149.081,181.9088,,,64106.81
BHOPAL,2017-18,5914.034,734174.363,5349.254,72528.2945,411.992,688.4513,152.788,200.6905,,,73417.44
BID,2009-10,743.296,18094.316,,,250.696,341.8315,352.978,911.2734,139.622,556.3267,1809.43
BID,2010-11,855.231,22480.408,,,275.73,432.492,430.583,1100.5291,148.918,715.0197,2248.04
BID,2011-12,903.726,26727.555,,,298.577,478.7536,449.538,1352.8208,155.611,841.1811,2672.76
BID,2012-13,1165.195,35727.487,,,418.987,626.3067,545.301,1692.3663,200.907,1254.0757,3572.75
BID,2013-14,1465.848,39743.013,,,541.191,785.9935,682.974,1863.1831,241.683,1325.1247,3974.3
BID,2014-15,1888.365,45518.373,,,704.844,904.4421,856.644,2093.16,326.877,1554.2352,4551.84
BID,2015-16,2227.388,52308.044,,,828.825,1052.9936,1018.168,2326.1082,380.395,1851.7026,5230.8
BID,2016-17,2793.874,73683.038,,,933.42,1624.0415,1369.616,3270.9715,490.838,2473.2908,7368.3
BID,2017-18,2794.887,65817.824,,,975.829,1409.9632,1341.945,2977.1893,477.113,2194.6299,6581.78
BIDAR,2009-10,595.721,14115.311,,,255.982,346.6244,155.292,324.3943,184.447,740.5124,1411.53
BIDAR,2010-11,679.409,16279.446,,,281.995,380.4929,185.289,358.765,212.125,888.6867,1627.94
BIDAR,2011-12,711.619,19097.61,,,299.117,420.8455,198.693,433.413,213.809,1055.5025,1909.76
BIDAR,2012-13,871.546,21891.272,,,354.51,467.4344,255.339,513.8567,261.697,1207.8361,2189.13
BIDAR,2013-14,1091.283,26638.414,,,373.195,430.3309,386.297,763.6323,331.791,1469.8782,2663.84
BIDAR,2014-15,1401.785,29045.299,,,492.582,472.0724,500.909,807.097,408.294,1625.3605,2904.53
BIDAR,2015-16,1613.561,33610.013,,,575.515,534.6714,575.119,934.8296,462.927,1891.5003,3361
BIDAR,2016-17,2065.825,43122.472,,,603.194,687.8351,894.678,1403.6589,567.953,2220.7532,4312.25
BIDAR,2017-18,2104.62,42530.371,,,633.969,682.0679,904.332,1358.9122,566.319,2212.057,4253.04
BIJAPUR,2009-10,1179.332,25505.62,,,503.874,609.395,337.211,616.8778,338.247,1324.2892,2550.56
BIJAPUR,2010-11,1272.666,30918.866,,,494.3,804.8044,398.58,741.6814,379.786,1545.4008,3091.89
BIJAPUR,2011-12,1519.833,35341.912,,,640.137,950.4612,463.911,815.218,415.785,1768.512,3534.19
BIJAPUR,2012-13,1745.046,42867.031,,,723.491,1104.9001,547.561,1012.3424,473.994,2169.4606,4286.7
BIJAPUR,2013-14,1983.977,51059.442,,,801.498,1265.3791,637.233,1162.5917,545.246,2677.9734,5105.94
BIJAPUR,2014-15,2449.502,58870.677,,,1023.084,1442.5989,775.469,1294.6246,650.949,3149.8442,5887.07
BIJAPUR,2015-16,2849.723,62181.804,,,1229.391,1575.8872,904.432,1451.9403,715.9,3190.3529,6218.18
BIJAPUR,2016-17,3063.912,76283.068,,,1198.431,1485.2635,1092.106,2240.4028,773.375,3902.6405,7628.31
BIJAPUR,2017-18,3243.068,80363.899,,,1282.778,1571.0299,1160.045,2309.3089,800.245,4156.0511,8036.39
BIJNOR,2009-10,1524.18,36317.618,,,568.541,826.9608,955.639,2804.801,,,3631.76
BIJNOR,2010-11,1759.543,42121.453,,,666.764,962.3621,1092.779,3249.7832,,,4212.15
BIJNOR,2011-12,1975.015,46582.116,,,746.431,1091.4864,1228.584,3566.7252,,,4658.21
BIJNOR,2012-13,2255.493,53865.568,,,846.256,1174.7747,1409.237,4211.7821,,,5386.56
BIJNOR,2013-14,2610.775,59506.533,,,989.766,1321.6866,1621.009,4628.9667,,,5950.65
BIJNOR,2014-15,3117.303,69614.429,,,1189.765,1579.2462,1927.538,5382.1967,,,6961.44
BIJNOR,2015-16,3717.725,79373.547,,,1465.357,1906.7059,2252.368,6030.6488,,,7937.35
BIJNOR,2016-17,4091.687,101267.252,,,1431.692,2338.255,2659.995,7788.4702,,,10126.73
BIJNOR,2017-18,4281.49,107035.807,,,1498.483,2413.6164,2783.007,8289.9643,,,10703.58
BIKANER,2009-10,1154.2,36647.161,,,277.478,396.7512,163.997,324.4604,712.725,2943.5045,3664.72
BIKANER,2010-11,1266.003,44060.607,,,336.625,538.7313,178.79,403.3308,750.588,3463.9986,4406.06
BIKANER,2011-12,1359.763,53518.003,,,343.637,646.6682,199.544,491.1866,816.582,4213.9455,5351.8
BIKANER,2012-13,1638.98,64832.552,,,448.173,819.954,298.571,759.6042,892.236,4903.697,6483.26
BIKANER,2013-14,1844.187,72426.057,,,530.21,862.0606,356.368,863.1342,957.609,5517.4109,7242.61
BIKANER,2014-15,2169.152,84857.789,,,651.194,990.3871,428.615,996.5012,1089.343,6498.8906,8485.78
BIKANER,2015-16,2703.43,97314.22,,,954.398,1328.672,537.606,1059.9759,1211.426,7342.7741,9731.42
BIKANER,2016-17,2844.618,114244.905,,,923.904,1230.9378,635.898,1496.2994,1284.816,8697.2533,11424.49
BIKANER,2017-18,3111.599,118545.7,,,1044.353,1320.1501,703.755,1526.3208,1363.491,9008.0991,11854.57
BILASPUR,2009-10,1187.337,119004.42,,,522.622,1356.1761,199.849,680.2662,464.866,9863.9997,11900.44
BILASPUR,2010-11,1357.134,125229.71,,,597.698,1561.0419,233.298,869.8899,526.138,10092.0392,12522.97
BILASPUR,2011-12,1501.453,159011.933,,,671.294,1886.7729,266.231,1004.9543,563.928,13009.4661,15901.19
BILASPUR,2012-13,1568.205,185768.734,,,666.383,2207.7315,254.113,995.172,647.709,15373.9699,18576.87
BILASPUR,2013-14,1901.234,205847.282,,,814.776,2731.9099,306.621,1197.637,779.837,16655.1813,20584.73
BILASPUR,2014-15,2620.239,210074.849,,,1154.542,3192.2774,498.637,1435.4096,967.06,16379.7979,21007.48
BILASPUR,2015-16,3115.368,194350.733,,,1369.934,3565.8162,610.652,1633.7355,1134.782,14235.5216,19435.07
BILASPUR,2016-17,3594.33,181402.908,,,1305.83,3716.3875,967.271,2281.1694,1321.229,12142.7339,18140.29
BILASPUR,2017-18,3788.749,206887.862,,,1400.948,4100.2173,1026.175,2565.4003,1361.626,14023.1686,20688.79
BIRBHUM,2009-10,1535.434,35721.577,,,1005.143,1698.7737,530.291,1873.384,,,3572.16
BIRBHUM,2010-11,1619.304,43346.205,,,1037.073,2063.2378,582.231,2271.3827,,,4334.62
BIRBHUM,2011-12,1930.041,51811.828,,,1238.764,2369.6794,691.277,2811.5034,,,5181.18
BIRBHUM,2012-13,2137.788,62438.522,,,1362.174,2762.3308,775.614,3481.5214,,,6243.85
BIRBHUM,2013-14,2707.805,75983.884,,,1770.377,3418.8386,937.428,4179.5498,,,7598.39
BIRBHUM,2014-15,3458.919,89758.345,,,2259.015,3984.2407,1199.904,4991.5938,,,8975.83
BIRBHUM,2015-16,4246.115,101534.247,,,2815.878,4582.0359,1430.237,5571.3888,,,10153.42
BIRBHUM,2016-17,5115.64,120385.182,,,3358.43,5278.2826,1757.21,6760.2356,,,12038.52
BIRBHUM,2017-18,5413.66,130469.274,,,3597.589,5776.6406,1816.071,7270.2868,,,13046.93
BISHENPUR,2009-10,36.514,394.511,,,1.269,0.5675,35.245,38.8836,,,39.45
BISHENPUR,2010-11,37.041,775.356,,,2.238,0.6405,34.803,76.8951,,,77.54
BISHENPUR,2011-12,42.879,968.847,,,2.507,0.7277,40.372,96.157,,,96.88
BISHENPUR,2012-13,59.814,814.938,,,4.24,0.9736,55.574,80.5202,,,81.49
BISHENPUR,2013-14,73.513,849.06,,,8.785,1.8451,64.728,83.0609,,,84.91
BISHENPUR,2014-15,126.803,1042.82,,,22.731,3.9622,104.072,100.3198,,,104.28
BISHENPUR,2015-16,150.857,1180.04,,,25.54,5.0939,125.317,112.9101,,,118
BISHENPUR,2016-17,208.172,1575.164,,,30.354,7.209,177.818,150.3074,,,157.52
BISHENPUR,2017-18,231.369,1674.303,,,33.627,9.4682,197.742,157.9621,,,167.43
BISWANATH,2017-18,587.61,9241.139,,,397.621,432.081,189.989,492.0329,,,924.11
BOKARO,2009-10,1229.365,63606.994,,,385.937,1178.736,339.871,1377.4605,503.557,3804.5029,6360.7
BOKARO,2010-11,1296.627,68414.225,,,394.599,1274.6117,377.589,1573.0945,524.439,3993.7163,6841.42
BOKARO,2011-12,1555.86,81485.734,,,500.658,1429.1754,462.599,1880.9643,592.603,4838.4337,8148.57
BOKARO,2012-13,1763.516,95155.356,,,601.544,1671.5433,517.628,2248.9538,644.344,5595.0385,9515.54
BOKARO,2013-14,2065.22,109942.4,,,743.525,2006.5282,602.44,2633.1813,719.255,6354.5305,10994.24
BOKARO,2014-15,2401.378,130055.096,,,898.699,2455.2276,715.977,3162.053,786.702,7388.229,13005.51
BOKARO,2015-16,2819.557,144425.9,,,1125.535,2791.3303,852.012,3465.3816,842.01,8185.8781,14442.59
BOKARO,2016-17,3127.449,162689.939,,,1215.463,3106.396,702.492,2879.6003,1209.494,10282.9976,16268.99
BOKARO,2017-18,3328.486,167564.678,,,1343.694,3374.3115,748.257,3094.276,1236.535,10287.8803,16756.47
BOLANGIR,2009-10,515.559,14839.891,,,307.684,437.0917,207.875,1046.8974,,,1483.99
BOLANGIR,2010-11,591.765,17990.578,,,339.976,494.4248,251.789,1304.633,,,1799.06
BOLANGIR,2011-12,718.98,20969.961,,,395.56,530.8188,323.42,1566.1773,,,2097
BOLANGIR,2012-13,897.75,24619.083,,,472.845,598.3799,424.905,1863.5284,,,2461.91
BOLANGIR,2013-14,1074.089,29611.521,,,567.27,662.4325,506.819,2298.7196,,,2961.15
BOLANGIR,2014-15,1404.325,35469.706,,,752.259,742.5868,652.066,2804.3838,,,3546.97
BOLANGIR,2015-16,1657.978,37612.482,,,869.904,798.9952,788.074,2962.253,,,3761.25
BOLANGIR,2016-17,1957.329,44187.416,,,1007.183,1028.9424,950.146,3389.7992,,,4418.74
BOLANGIR,2017-18,2115.717,45123.656,,,1088.924,1100.2215,1026.793,3412.1441,,,4512.37
BONGAIGAON,2009-10,337.492,7378.545,,,137.767,120.2476,199.725,617.6069,,,737.85
BONGAIGAON,2010-11,376.386,8940.384,,,144.71,141.81,231.676,752.2284,,,894.04
BONGAIGAON,2011-12,413.666,9671.553,,,150.394,159.8266,263.272,807.3287,,,967.16
BONGAIGAON,2012-13,456.749,11149.396,,,157.733,174.4944,299.016,940.4452,,,1114.94
BONGAIGAON,2013-14,500.742,12795.244,,,176.163,222.0509,324.579,1057.4735,,,1279.52
BONGAIGAON,2014-15,652.801,15492.337,,,269.923,272.7994,382.878,1276.4343,,,1549.23
BONGAIGAON,2015-16,744.219,16762.756,,,306.383,282.1813,437.836,1394.0943,,,1676.28
BONGAIGAON,2016-17,868.853,18919.435,,,364.074,302.5043,504.779,1589.4392,,,1891.94
BONGAIGAON,2017-18,958.371,22564.459,,,398.39,350.486,559.981,1905.9599,,,2256.45
BOTAD,2013-14,387.614,9385.679,,,84.124,135.4558,166.153,309.5094,137.337,493.6027,938.57
BOTAD,2014-15,491.312,11310.587,,,114.282,167.666,207.578,375.6383,169.452,587.7544,1131.06
BOTAD,2015-16,556.405,12377.233,,,133.711,204.7519,230.117,410.9996,192.577,621.9718,1237.72
BOTAD,2016-17,663.479,15909.755,,,129.356,224.6869,308.936,567.6847,225.187,798.6039,1590.98
BOTAD,2017-18,675.688,16964.763,,,139.202,238.2603,300.038,604.4468,236.448,853.7692,1696.48
BOUDH,2009-10,93.835,2474.096,,,67.334,109.4068,26.501,138.0028,,,247.41
BOUDH,2010-11,117.875,2963.612,,,83.862,129.8535,34.013,166.5077,,,296.36
BOUDH,2011-12,157.756,3795.793,,,112.894,163.3123,44.862,216.267,,,379.58
BOUDH,2012-13,164.507,4311.367,,,116.252,190.6878,48.255,240.4489,,,431.14
BOUDH,2013-14,214.289,4932.752,,,148.226,202.8572,66.063,290.418,,,493.28
BOUDH,2014-15,317.735,5780.062,,,225.969,235.4374,91.766,342.5688,,,578.01
BOUDH,2015-16,391.068,6269.709,,,277.94,257.4408,113.128,369.5301,,,626.97
BOUDH,2016-17,480.363,7659.783,,,343.059,318.56,137.304,447.4183,,,765.98
BOUDH,2017-18,521.028,8623.057,,,368.419,363.9932,152.609,498.3125,,,862.31
BUDAUN,2009-10,1077.796,16294.806,,,507.419,445.7195,406.261,586.7589,164.116,597.0022,1629.48
BUDAUN,2010-11,1276.699,20225.329,,,615.923,580.1804,474.241,733.5926,186.535,708.7599,2022.53
BUDAUN,2011-12,1225.283,20561.851,,,563.471,538.2769,458.77,696.5334,203.042,821.3748,2056.19
BUDAUN,2012-13,1386.634,24473.249,,,638.285,627.733,519.109,810.2945,229.24,1009.2974,2447.32
BUDAUN,2013-14,1625.411,28398.758,,,741.341,735.428,627.047,983.913,257.023,1120.5348,2839.88
BUDAUN,2014-15,2114.618,32541.605,,,955.714,844.7688,846.816,1143.3422,312.088,1266.0495,3254.16
BUDAUN,2015-16,2708.25,35807.486,,,1182.885,923.2093,1145.441,1272.6931,379.924,1384.8462,3580.75
BUDAUN,2016-17,2940.365,44461.438,,,1086.446,944.6818,1432.249,1756.4135,421.67,1745.0485,4446.14
BUDAUN,2017-18,2943.446,48512.255,,,1086.485,1053.6836,1430.9,1913.0488,426.061,1884.4931,4851.23
BULANDSHAHR,2009-10,1479.093,37666.853,,,554.505,783.1658,611.846,1513.6149,312.742,1469.9046,3766.69
BULANDSHAHR,2010-11,1694.015,43476.184,,,671.356,930.5988,685.053,1760.5703,337.606,1656.4493,4347.62
BULANDSHAHR,2011-12,1888.64,50002.448,,,753.497,1091.0765,779.54,2031.5711,355.603,1877.5972,5000.24
BULANDSHAHR,2012-13,2111.6,56821.672,,,822.139,1272.5395,886.963,2385.9787,402.498,2023.649,5682.17
BULANDSHAHR,2013-14,2393.904,66765.088,,,950.054,1545.2164,1001.371,2808.8323,442.479,2322.4601,6676.51
BULANDSHAHR,2014-15,2777.963,74560.813,,,1104.648,1705.005,1173.705,3153.0288,499.61,2598.0475,7456.08
BULANDSHAHR,2015-16,3504.31,84744.759,,,1526.9,2063.6865,1418.41,3480.5092,559,2930.2802,8474.48
BULANDSHAHR,2016-17,3886.066,105938.06,,,1558.498,2519.1242,1377.231,3407.8837,950.337,4666.7981,10593.81
BULANDSHAHR,2017-18,4029.808,111766.876,,,1631.306,2568.3312,1427.563,3665.594,970.939,4942.7624,11176.69
BULDHANA,2009-10,675.147,15619.107,,,227.116,266.1311,448.031,1295.7796,,,1561.91
BULDHANA,2010-11,868.486,17861.029,,,297.054,322.783,571.432,1463.3199,,,1786.1
BULDHANA,2011-12,1063.383,22713.174,,,359.841,377.6509,703.542,1893.6665,,,2271.32
BULDHANA,2012-13,1501.761,32081.743,,,514.757,491.8419,987.004,2716.3324,,,3208.17
BULDHANA,2013-14,1827.66,39922.426,,,662.612,681.1436,1165.048,3311.099,,,3992.24
BULDHANA,2014-15,2248.629,46626.712,,,845.61,794.9645,1403.019,3867.7067,,,4662.67
BULDHANA,2015-16,2513.804,60856.904,,,942.892,1141.6093,1570.912,4944.0811,,,6085.69
BULDHANA,2016-17,2839.78,70322.756,,,804.731,941.0773,2035.049,6091.1983,,,7032.28
BULDHANA,2017-18,2985.924,74280.06,,,862.786,1005.014,2123.138,6422.992,,,7428.01
BUNDI,2009-10,501.418,8702.704,,,288.333,312.1886,213.085,558.0818,,,870.27
BUNDI,2010-11,504.266,11118.575,,,281.595,361.5538,222.671,750.3037,,,1111.86
BUNDI,2011-12,562.167,12856.09,,,310.459,447.504,251.708,838.105,,,1285.61
BUNDI,2012-13,643.84,15271.657,,,345.217,540.358,298.623,986.8077,,,1527.17
BUNDI,2013-14,745.526,17973.333,,,393.962,635.7425,351.564,1161.5908,,,1797.33
BUNDI,2014-15,843.684,20388.188,,,427.781,680.4273,415.903,1358.3915,,,2038.82
BUNDI,2015-16,1129.007,22541.876,,,601.325,740.3391,527.682,1513.8485,,,2254.19
BUNDI,2016-17,1229.575,27153.282,,,652.622,902.2929,294.072,613.45,282.881,1199.5853,2715.33
BUNDI,2017-18,1300.782,29568.199,,,688.817,999.7402,317.679,686.6388,294.286,1270.4409,2956.82
BURHANPUR,2009-10,231.947,8137.091,,,76.702,169.7155,17.744,78.0515,137.501,565.9421,813.71
BURHANPUR,2010-11,258.672,8800.373,,,90.045,178.1641,20.173,92.9191,148.454,608.9541,880.04
BURHANPUR,2011-12,309.587,10253.623,,,107.997,197.7858,23.601,121.0262,177.989,706.5503,1025.36
BURHANPUR,2012-13,359.3,12782.328,,,131.848,237.1432,28.633,213.7962,198.819,827.2934,1278.23
BURHANPUR,2013-14,462.1,14876.178,,,171.304,282.8205,37.8,226.0462,252.996,978.7511,1487.62
BURHANPUR,2014-15,604.116,16523.286,,,229.269,303.3605,45.814,229.4395,329.033,1119.5286,1652.33
BURHANPUR,2015-16,756.103,18170.948,,,249.844,240.626,114.437,393.8863,391.822,1182.5825,1817.09
BURHANPUR,2016-17,842.427,21040.553,,,259.213,308.8739,143.914,370.0193,439.3,1425.1621,2104.06
BURHANPUR,2017-18,884.004,22342.767,,,279.574,328.7567,150.068,394.1199,454.362,1511.4001,2234.28
BUXAR,2009-10,592.812,15298.846,,,308.325,532.8321,284.487,997.0525,,,1529.88
BUXAR,2010-11,653.064,18340.07,,,320.12,587.6722,332.944,1246.3348,,,1834.01
BUXAR,2011-12,712.827,22095.162,,,338.377,674.9731,374.45,1534.5431,,,2209.52
BUXAR,2012-13,847.756,26845.697,,,411.763,870.1773,435.993,1814.3924,,,2684.57
BUXAR,2013-14,1000.142,32289.062,,,485.462,1011.1873,514.68,2217.7189,,,3228.91
BUXAR,2014-15,1176.316,33681.077,,,588.979,1136.0485,587.337,2232.0592,,,3368.11
BUXAR,2015-16,1706.42,41362.396,,,926.274,1394.4633,780.146,2741.7763,,,4136.24
BUXAR,2016-17,2060.365,47994.118,,,1063.648,1573.5914,559.831,1283.4603,436.886,1942.3601,4799.41
BUXAR,2017-18,2186.627,51029.717,,,1111.597,1652.4377,617.876,1386.8476,457.154,2063.6864,5102.97
CACHAR,2009-10,701.934,26243.889,,,356.857,596.2261,,,345.077,2028.1628,2624.39
CACHAR,2010-11,787.96,30835.782,,,408.348,715.4616,,,379.612,2368.1166,3083.58
CACHAR,2011-12,874.954,36976.494,,,466.747,823.5567,,,408.207,2874.0927,3697.65
CACHAR,2012-13,977.596,40203.875,,,539.217,988.3346,0.389,0.536,437.99,3031.5169,4020.39
CACHAR,2013-14,1119.058,45671.461,,,634.25,1107.8071,4.445,7.9237,480.363,3451.4153,4567.15
CACHAR,2014-15,1399.539,54361.543,,,829.067,1285.0888,8.319,20.0304,562.153,4131.0351,5436.15
CACHAR,2015-16,1724.783,58411.672,,,1045.636,1456.9943,10.407,30.6786,668.74,4353.4943,5841.17
CACHAR,2016-17,2174.557,65989.238,,,1351.865,1656.7471,66.645,132.2613,756.047,4809.9154,6598.92
CACHAR,2017-18,2292.887,73046.384,,,1411.125,1844.3323,92.52,190.9692,789.242,5269.3369,7304.64
CHAMARAJANAGAR,2009-10,449.916,7439.233,,,227.561,275.0076,222.355,468.9157,,,743.92
CHAMARAJANAGAR,2010-11,485.515,8600.144,,,242.433,326.4543,243.082,533.5601,,,860.01
CHAMARAJANAGAR,2011-12,732.772,10246.227,,,362.139,377.2423,370.633,647.3804,,,1024.62
CHAMARAJANAGAR,2012-13,907.755,11965.422,,,461.891,436.8971,445.864,759.6451,,,1196.54
CHAMARAJANAGAR,2013-14,1097.176,14239.564,,,570.551,514.5123,526.625,909.4441,,,1423.96
CHAMARAJANAGAR,2014-15,1361.92,16539.764,,,713.58,619.676,648.34,1034.3004,,,1653.98
CHAMARAJANAGAR,2015-16,1486.73,19811.797,,,785.086,732.7048,701.644,1248.4749,,,1981.18
CHAMARAJANAGAR,2016-17,1604.338,23010.143,,,793.449,802.7595,810.889,1498.2548,,,2301.01
CHAMARAJANAGAR,2017-18,1588.993,24777.422,,,784.004,892.7529,804.989,1584.9893,,,2477.74
CHAMBA,2009-10,302.803,9657.428,,,249.221,694.007,53.582,271.7358,,,965.74
CHAMBA,2010-11,332.756,11429.667,,,275.644,815.2267,57.112,327.74,,,1142.97
CHAMBA,2011-12,365.173,13472.027,,,300.742,990.1878,64.431,357.0149,,,1347.2
CHAMBA,2012-13,404.262,15985.726,,,331.954,1175.714,72.308,422.8586,,,1598.57
CHAMBA,2013-14,456.212,18746.397,,,374.236,1391.3837,81.976,483.256,,,1874.64
CHAMBA,2014-15,542.643,21896.345,,,444.738,1613.8239,97.905,575.8106,,,2189.63
CHAMBA,2015-16,585.023,24324.875,,,474.535,1787.0101,110.488,645.4774,,,2432.49
CHAMBA,2016-17,652.404,30455.917,,,527.088,2196.8456,125.316,848.7461,,,3045.59
CHAMBA,2017-18,695.139,32892.6,,,562.97,2400.6857,132.169,888.5743,,,3289.26
CHAMOLI,2009-10,253.576,7846.406,,,182.511,469.1376,71.065,315.503,,,784.64
CHAMOLI,2010-11,274.655,9123.229,,,196.812,541.1837,77.843,371.1392,,,912.32
CHAMOLI,2011-12,310.101,10303.269,,,222.503,629.2092,87.598,401.1177,,,1030.33
CHAMOLI,2012-13,347.986,11616.994,,,252.814,701.6523,95.172,460.0471,,,1161.7
CHAMOLI,2013-14,391.1,13278.484,,,284.954,802.8543,106.146,524.9941,,,1327.85
CHAMOLI,2014-15,457.488,15801.792,,,325.924,933.9147,131.564,646.2645,,,1580.18
CHAMOLI,2015-16,523.028,16949.335,,,374.685,1058.9069,148.343,636.0266,,,1694.93
CHAMOLI,2016-17,585.558,20415.486,,,420.016,1310.9803,165.542,730.5683,,,2041.55
CHAMOLI,2017-18,622.433,23285.121,,,448.017,1540.8779,174.416,787.6342,,,2328.51
CHAMPAWAT,2009-10,144.333,4172.397,,,120.726,343.3289,23.607,73.9108,,,417.24
CHAMPAWAT,2010-11,158.192,4702.823,,,130.753,391.2322,27.439,79.0501,,,470.28
CHAMPAWAT,2011-12,186.125,5997.245,,,146.17,477.7649,39.955,121.9596,,,599.72
CHAMPAWAT,2012-13,212.864,6729.227,,,167.387,526.313,45.477,146.6097,,,672.92
CHAMPAWAT,2013-14,247.495,7858.223,,,195.858,609.7953,51.637,176.027,,,785.82
CHAMPAWAT,2014-15,296.671,9356.547,,,236.059,732.2759,60.612,203.3788,,,935.65
CHAMPAWAT,2015-16,338.7,10714.206,,,270.149,840.2759,68.551,231.1447,,,1071.42
CHAMPAWAT,2016-17,380.721,15375.676,,,302.841,1245.9741,77.88,291.5935,,,1537.57
CHAMPAWAT,2017-18,419.105,16878.761,,,335.424,1361.3496,83.681,326.5265,,,1687.88
CHAMPHAI,2009-10,26.332,664.972,,,8.812,13.5319,17.52,52.9653,,,66.5
CHAMPHAI,2010-11,29.86,733.267,,,9.706,12.6772,20.154,60.6495,,,73.33
CHAMPHAI,2011-12,39.05,1149.864,,,14.426,25.5233,24.624,89.4631,,,114.99
CHAMPHAI,2012-13,53.937,1394.301,,,19.03,28.5081,34.907,110.922,,,139.43
CHAMPHAI,2013-14,69.676,1523.57,,,28.477,39.5782,41.199,112.7788,,,152.36
CHAMPHAI,2014-15,81.015,1519.588,,,29.024,34.8953,51.991,117.0635,,,151.96
CHAMPHAI,2015-16,100.427,1873.951,,,39.477,48.7749,60.95,138.6202,,,187.4
CHAMPHAI,2016-17,126.631,2615.082,,,49.297,62.3722,77.334,199.136,,,261.51
CHAMPHAI,2017-18,137.471,3033.162,,,57.232,76.9625,80.239,226.3537,,,303.32
CHANDAULI,2009-10,881.396,15271.523,,,607.742,758.1489,273.654,769.0034,,,1527.15
CHANDAULI,2010-11,1039.654,18684.469,,,715.602,902.9564,324.052,965.4905,,,1868.45
CHANDAULI,2011-12,1165.131,22379.898,,,824.462,1056.9074,340.669,1181.0824,,,2237.99
CHANDAULI,2012-13,1399.668,27932.404,,,970.738,1278.9817,428.93,1514.2587,,,2793.24
CHANDAULI,2013-14,1590.815,32236.647,,,1094.75,1525.4923,496.065,1698.1724,,,3223.66
CHANDAULI,2014-15,1888.738,36273.03,,,1303.88,1742.0871,584.858,1885.2159,,,3627.3
CHANDAULI,2015-16,2174.494,40717.471,,,1486.282,1987.0037,688.212,2084.7434,,,4071.75
CHANDAULI,2016-17,2463.056,50115.666,,,1678.987,2378.0051,417.502,1283.3707,366.567,1350.1908,5011.57
CHANDAULI,2017-18,2556.687,55132.026,,,1743.131,2664.509,428.659,1358.6039,384.897,1490.0897,5513.2
CHANDEL,2009-10,22.368,647.648,,,19.182,42.8249,3.186,21.9399,,,64.76
CHANDEL,2010-11,23.515,683.9,,,19.954,59.3776,3.561,9.0124,,,68.39
CHANDEL,2011-12,27.423,904.559,,,23.381,79.7756,4.042,10.6803,,,90.46
CHANDEL,2012-13,35.011,1060.449,,,29.923,90.8024,5.088,15.2425,,,106.04
CHANDEL,2013-14,43.174,935.385,,,36.386,75.7181,6.788,17.8204,,,93.54
CHANDEL,2014-15,59.597,1192.582,,,48.706,95.611,10.891,23.6472,,,119.26
CHANDEL,2015-16,69.263,1164.03,,,55.476,85.3642,13.787,31.0388,,,116.4
CHANDEL,2016-17,85.654,1593.453,,,65.189,111.2742,20.465,48.0711,,,159.35
CHANDEL,2017-18,91.769,1706.016,,,68.433,132.0496,23.336,38.552,,,170.6
CHANDIGARH,2009-10,2328.101,314877.756,,,168.154,1328.8145,7.54,48.766,2152.407,30110.1951,31487.78
CHANDIGARH,2010-11,2457.216,379983.364,,,178.186,2185.8493,8.557,49.8243,2270.473,35762.6628,37998.34
CHANDIGARH,2011-12,2592.051,393838.926,,,177.714,1909.5342,,,2414.337,37474.3584,39383.89
CHANDIGARH,2012-13,2899.723,453917.309,,,76.896,465.9356,,,2822.827,44925.7953,45391.73
CHANDIGARH,2013-14,3172.863,482621.997,,,93.161,464.4189,,,3079.702,47797.7808,48262.2
CHANDIGARH,2014-15,3477.529,554331.339,,,113.041,514.7596,,,3364.488,54918.3743,55433.13
CHANDIGARH,2015-16,3883.692,556805.32,,,137.151,603.549,,,3746.541,55076.983,55680.53
CHANDIGARH,2016-17,4187.802,596180.159,,,98.643,498.2209,39.515,141.4855,4049.644,58978.3095,59618.02
CHANDIGARH,2017-18,4254.424,619283.963,,,108.248,550.3289,43.906,147.8067,4102.27,61230.2607,61928.4
CHANDRAPUR,2009-10,1027.326,30185.324,,,356.116,576.1273,400.118,1180.834,271.092,1261.5711,3018.53
CHANDRAPUR,2010-11,1182.021,35434.131,,,406.501,678.0826,470.039,1400.7631,305.481,1464.5674,3543.41
CHANDRAPUR,2011-12,1394.695,43500.213,,,503.993,847.9866,550.363,1711.3615,340.339,1790.6732,4350.02
CHANDRAPUR,2012-13,1637.949,51637.084,,,622.552,994.4862,633.64,2089.0806,381.757,2080.1416,5163.71
CHANDRAPUR,2013-14,1843.873,61316.007,,,721.822,1163.0966,705.327,2468.2909,416.724,2500.2132,6131.6
CHANDRAPUR,2014-15,2120.911,69133.304,,,820.419,1375.9987,824.475,2676.4953,476.017,2860.8364,6913.33
CHANDRAPUR,2015-16,2339.077,78290.107,,,862.118,1373.9478,951.302,3203.0919,525.657,3251.971,7829.01
CHANDRAPUR,2016-17,2564.234,95084.848,,,929.779,1738.3872,1058.424,3937.3518,576.031,3832.7458,9508.48
CHANDRAPUR,2017-18,2741.627,102623.869,,,1031.937,1787.1631,1102.108,4111.4625,607.582,4363.7613,10262.39
CHARAIDEO,2017-18,337.637,4881.485,,,197.185,169.6403,140.452,318.5082,,,488.15
CHARKI DADRI,2017-18,674.966,22961.897,,,332.046,795.859,342.92,1500.3307,,,2296.19
CHATRA,2009-10,262.041,8205.814,,,202.48,438.6264,59.561,381.955,,,820.58
CHATRA,2010-11,287.285,9678.599,,,234.054,521.353,53.231,446.5069,,,967.86
CHATRA,2011-12,339.892,10420.852,,,272.169,574.6949,67.723,467.3903,,,1042.09
CHATRA,2012-13,390.065,11672.072,,,310.784,682.104,79.281,485.1032,,,1167.21
CHATRA,2013-14,477.598,13142.219,,,379.806,804.9423,97.792,509.2796,,,1314.22
CHATRA,2014-15,592.011,16490.101,,,468.598,975.3705,123.413,673.6396,,,1649.01
CHATRA,2015-16,828.581,18815.625,,,666.575,1124.9559,162.006,756.6066,,,1881.56
CHATRA,2016-17,1002.125,23613.751,,,799.37,1181.5456,202.755,1179.8295,,,2361.38
CHATRA,2017-18,1103.452,26135.447,,,882.088,1276.0264,221.364,1337.5183,,,2613.54
CHENNAI,2009-10,11190.472,1352791.952,11190.472,135279.1952,,,,,,,135279.2
CHENNAI,2010-11,12284.376,1667837.544,12284.376,166783.7544,,,,,,,166783.75
CHENNAI,2011-12,13087.927,1975800.778,13087.927,197580.0778,,,,,,,197580.08
CHENNAI,2012-13,14017.691,2187479.915,14017.691,218747.9915,,,,,,,218747.99
CHENNAI,2013-14,15449.267,2418330.569,15449.267,241833.0569,,,,,,,241833.06
CHENNAI,2014-15,16666.87,2487063.642,16666.87,248706.3642,,,,,,,248706.36
CHENNAI,2015-16,17770.969,2671579.936,17770.969,267157.9936,,,,,,,267157.99
CHENNAI,2016-17,18994.697,2824305.69,18994.697,282430.569,,,,,,,282430.57
CHENNAI,2017-18,18958.838,3024961.563,18958.838,302496.1563,,,,,,,302496.16
CHHATARPUR,2009-10,544.093,14052.81,,,156.529,199.503,240.652,572.9327,146.912,632.8453,1405.28
CHHATARPUR,2010-11,628.559,17153.817,,,189.877,237.3725,271.669,696.0028,167.013,782.0064,1715.38
CHHATARPUR,2011-12,746.651,19722.691,,,204.22,278.9586,343.509,808.8553,198.922,884.4552,1972.27
CHHATARPUR,2012-13,685.106,26306.444,,,91.078,371.6086,379.079,1024.3778,214.949,1234.658,2630.64
CHHATARPUR,2013-14,1216.935,29456.554,,,281.261,397.2425,643.045,1139.2259,292.629,1409.187,2945.66
CHHATARPUR,2014-15,1566.535,32134.361,,,343.648,422.5303,847.815,1226.0806,375.072,1564.8252,3213.44
CHHATARPUR,2015-16,1836.75,35729.032,,,392.554,476.0576,991.63,1386.3254,452.566,1710.5202,3572.9
CHHATARPUR,2016-17,2123.169,42841.497,,,344.311,492.824,1265.403,1824.3685,513.455,1966.9572,4284.15
CHHATARPUR,2017-18,2173.638,47592.939,,,370.356,585.7952,1277.78,2016.4469,525.502,2157.0518,4759.29
CHHATRAPATI SHAHUJI MAHARAJ NAGAR,2011-12,1398.688,23650.924,,,1108.494,1748.55,290.194,616.5424,,,2365.09
CHHATRAPATI SHAHUJI MAHARAJ NAGAR,2012-13,1515.996,28160.159,,,1192.429,2061.2152,323.567,754.8007,,,2816.02
CHHINDWARA,2009-10,848.316,20082.488,,,343.6,489.6063,292.737,746.6158,211.979,772.0267,2008.25
CHHINDWARA,2010-11,948.788,24684.699,,,382.91,595.1001,331.013,937.7519,234.865,935.6179,2468.47
CHHINDWARA,2011-12,1253.598,31394.229,,,510.557,708.0431,455.473,1119.0057,287.568,1312.3741,3139.42
CHHINDWARA,2012-13,1449.09,39354.225,,,606.197,876.7608,518.166,1353.8299,324.727,1704.8318,3935.42
CHHINDWARA,2013-14,1866.023,46121.647,,,804.093,1046.3867,658.434,1599.1553,403.496,1966.6227,4612.16
CHHINDWARA,2014-15,1962.034,48600.377,,,833.569,1230.3852,651.089,1835.3848,477.376,1794.2677,4860.04
CHHINDWARA,2015-16,2634.57,57015.176,,,1138.377,1566.8227,920.072,2126.1501,576.121,2008.5448,5701.52
CHHINDWARA,2016-17,2853.749,67626.748,,,1115.083,1821.3481,1102.515,2390.6955,636.151,2550.6312,6762.67
CHHINDWARA,2017-18,3002.713,75664.827,,,1189.732,1895.3328,1161.559,2542.7078,651.422,3128.4421,7566.48
CHHOTAUDEPUR,2014-15,2.439,17.799,,,2.439,1.7799,,,,,1.78
CHHOTAUDEPUR,2015-16,707.713,12187.213,,,535.588,730.8502,172.125,487.8711,,,1218.72
CHHOTAUDEPUR,2016-17,832.826,16072.631,,,636.345,983.5998,196.481,623.6633,,,1607.26
CHHOTAUDEPUR,2017-18,896.289,17655.005,,,684.982,1035.3574,211.307,730.1431,,,1765.5
CHIKKABALLAPURA,2009-10,594.526,10826.794,,,326.595,384.3976,267.931,698.2818,,,1082.68
CHIKKABALLAPURA,2010-11,689.567,13004.615,,,370.306,449.1084,319.261,851.3531,,,1300.46
CHIKKABALLAPURA,2011-12,730.569,15399.358,,,374.441,503.4761,356.128,1036.4597,,,1539.94
CHIKKABALLAPURA,2012-13,875.688,18651.931,,,439.219,636.2508,436.469,1228.9423,,,1865.19
CHIKKABALLAPURA,2013-14,1108.812,22926.149,,,565.736,784.6539,543.076,1507.961,,,2292.61
CHIKKABALLAPURA,2014-15,1362.039,27642.342,,,691.154,964.8962,670.885,1799.338,,,2764.23
CHIKKABALLAPURA,2015-16,1420.133,33136.993,,,733.343,1127.4192,686.79,2186.2801,,,3313.7
CHIKKABALLAPURA,2016-17,1583.853,38126.277,,,822.163,1399.5714,761.69,2413.0563,,,3812.63
CHIKKABALLAPURA,2017-18,1755.706,39545.966,,,930.239,1437.4524,825.467,2517.1442,,,3954.6
CHIKMAGALUR,2009-10,943.289,25245.495,,,586.599,1302.6718,157.716,369.6541,198.974,852.2236,2524.55
CHIKMAGALUR,2010-11,987.164,29596.751,,,609.296,1484.1835,170.424,426.0958,207.444,1049.3958,2959.68
CHIKMAGALUR,2011-12,1122.269,36092.571,,,680.301,1778.2682,202.044,508.6786,239.924,1322.3103,3609.26
CHIKMAGALUR,2012-13,1298.641,40304.072,,,770.326,2093.5719,244.6,611.024,283.715,1325.8113,4030.41
CHIKMAGALUR,2013-14,1495.443,46742.393,,,888.811,2378.762,292.084,735.6363,314.548,1559.841,4674.24
CHIKMAGALUR,2014-15,1796.095,54323.464,,,1067.355,2787.416,353.698,878.9377,375.042,1765.9927,5432.35
CHIKMAGALUR,2015-16,1908.7,60434.918,,,1115.48,3149.1152,374.427,995.0119,418.793,1899.3647,6043.49
CHIKMAGALUR,2016-17,2033.353,69620.306,,,1147.182,3469.5366,450.053,1350.3098,436.118,2142.1842,6962.03
CHIKMAGALUR,2017-18,2122.786,71464.299,,,1203.227,3559.9091,475.293,1401.3556,444.266,2185.1652,7146.43
CHIRANG,2009-10,186.488,3883.077,,,103.948,248.408,82.54,139.8997,,,388.31
CHIRANG,2010-11,209.871,5238.767,,,123.876,355.0901,85.995,168.7866,,,523.88
CHIRANG,2011-12,262.474,5438.287,,,167.834,360.199,94.64,183.6297,,,543.83
CHIRANG,2012-13,269.495,6402.188,,,167.211,419.0419,102.284,221.1769,,,640.22
CHIRANG,2013-14,315.535,7838.944,,,200.557,522.1089,114.978,261.7855,,,783.89
CHIRANG,2014-15,399.376,9313.426,,,262.476,619.4876,136.9,311.855,,,931.34
CHIRANG,2015-16,553.944,10647.221,,,400.124,727.9132,153.82,336.8089,,,1064.72
CHIRANG,2016-17,662.777,12584.617,,,488.069,858.2734,174.708,400.1883,,,1258.46
CHIRANG,2017-18,663.69,11704.699,,,506.953,918.9576,156.737,251.5123,,,1170.47
CHITRADURGA,2009-10,935.701,17583.251,,,457.271,559.7431,260.543,555.09,217.887,643.492,1758.33
CHITRADURGA,2010-11,1019.098,20162.493,,,518.972,611.8533,289.387,615.4034,210.739,788.9926,2016.25
CHITRADURGA,2011-12,1111.885,22457.407,,,556.758,654.73,335.638,707.1151,219.489,883.8956,2245.74
CHITRADURGA,2012-13,1299.079,25830.908,,,628.729,709.94,414.299,833.7506,256.051,1039.4002,2583.09
CHITRADURGA,2013-14,1605.921,31773.976,,,753.019,878.6247,539.912,976.3006,312.99,1322.4723,3177.4
CHITRADURGA,2014-15,1911.588,35404.462,,,868.945,958.4478,661.953,1088.697,380.69,1493.3014,3540.45
CHITRADURGA,2015-16,2048.704,42055.083,,,947.306,1106.5768,691.78,1274.1928,409.618,1824.7387,4205.51
CHITRADURGA,2016-17,2234.13,47303.228,,,1009.237,1312.6635,778.614,1523.9003,446.279,1893.759,4730.32
CHITRADURGA,2017-18,2464.563,53186.744,,,1118.943,1383.6603,868.348,1654.7575,477.272,2280.2566,5318.67
CHITRAKOOT,2009-10,462.986,5994.715,,,296.438,219.853,166.548,379.6185,,,599.47
CHITRAKOOT,2010-11,535.381,6998.094,,,347.436,249.0715,187.945,450.7379,,,699.81
CHITRAKOOT,2011-12,548.988,8445.03,,,352.838,293.7132,196.15,550.7898,,,844.5
CHITRAKOOT,2012-13,602.679,10212.563,,,377.978,374.3929,224.701,646.8634,,,1021.26
CHITRAKOOT,2013-14,699.829,11992.762,,,431.772,456.7658,268.057,742.5104,,,1199.28
CHITRAKOOT,2014-15,765.261,13518.573,,,460.81,479.7159,304.451,872.1414,,,1351.86
CHITRAKOOT,2015-16,949.98,15335.844,,,543.903,564.1509,406.077,969.4335,,,1533.58
CHITRAKOOT,2016-17,1084.161,19176.689,,,589.593,720.6368,494.568,1197.0321,,,1917.67
CHITRAKOOT,2017-18,1149.195,21575.117,,,623.048,785.8852,526.147,1371.6265,,,2157.51
CHITTAURGARH,2009-10,723.099,20179.243,,,376.137,661.8948,346.962,1356.0295,,,2017.92
CHITTAURGARH,2010-11,764.157,23490.972,,,392.92,782.5618,371.237,1566.5354,,,2349.1
CHITTAURGARH,2011-12,814.679,26461.947,,,404.227,820.2368,410.452,1825.9579,,,2646.19
CHITTAURGARH,2012-13,942.837,31835.656,,,465.968,983.1437,476.869,2200.4219,,,3183.57
CHITTAURGARH,2013-14,1101.137,37206.863,,,548.415,1127.2549,552.722,2593.4314,,,3720.69
CHITTAURGARH,2014-15,1410.525,43406.946,,,720.22,1301.6555,690.305,3039.0391,,,4340.69
CHITTAURGARH,2015-16,1755.25,48882.524,,,918.227,1463.2665,837.023,3424.9859,,,4888.25
CHITTAURGARH,2016-17,1901.095,57965.621,,,872.412,1484.7643,611.615,2174.3578,417.068,2137.44,5796.56
CHITTAURGARH,2017-18,1993.359,60811.487,,,913.507,1569.818,657.877,2259.9165,421.975,2251.4142,6081.15
CHITTOOR,2009-10,3424.777,109732.328,,,1018.707,1154.7333,1123.648,3514.2494,1282.422,6304.2501,10973.23
CHITTOOR,2010-11,3629.778,128236.611,,,1032.424,1286.2481,1187.561,4069.0329,1409.793,7468.3801,12823.66
CHITTOOR,2011-12,3994.033,154283.286,,,1241.214,1562.078,1319.553,5075.1049,1433.266,8791.1457,15428.33
CHITTOOR,2012-13,4825.824,182751.161,,,1392.685,1897.9665,1616.346,5763.511,1816.793,10613.6386,18275.12
CHITTOOR,2013-14,5787.472,212935.336,,,1956.307,2102.9126,1973.844,7125.4626,1857.321,12065.1584,21293.53
CHITTOOR,2014-15,6412.431,242335.053,,,2174.656,2447.6736,2199.873,9186.2226,2037.902,12599.6091,24233.51
CHITTOOR,2015-16,6593.925,271675.119,,,2192.936,2818.1625,2249.325,11102.0624,2151.664,13247.287,27167.51
CHITTOOR,2016-17,7157.795,304371.255,,,2393.297,11336.1667,2430.029,4315.0539,2334.469,14785.9049,30437.13
CHITTOOR,2017-18,7392.461,334700.756,,,2496.698,7485.9784,2504.422,4600.7203,2391.341,21383.3769,33470.08
CHUNGLANG,2009-10,33.88,1648.828,,,33.88,164.8828,,,,,164.88
CHUNGLANG,2010-11,37.167,1784.296,,,37.167,178.4296,,,,,178.43
CHUNGLANG,2011-12,39.341,2284.008,,,39.341,228.4008,,,,,228.4
CHUNGLANG,2012-13,43.734,2387.477,,,43.734,238.7477,,,,,238.75
CHUNGLANG,2013-14,50.162,2934.315,,,50.162,293.4315,,,,,293.43
CHUNGLANG,2014-15,63.602,3455.979,,,63.602,345.5979,,,,,345.6
CHUNGLANG,2015-16,76.137,3745.105,,,76.137,374.5105,,,,,374.51
CHUNGLANG,2016-17,92.201,4684.807,,,92.201,468.4807,,,,,468.48
CHUNGLANG,2017-18,109.86,5182.505,,,109.86,518.2505,,,,,518.25
CHURACHANDPUR,2009-10,71.347,1920.898,,,8.342,31.052,63.005,161.0378,,,192.09
CHURACHANDPUR,2010-11,77.74,2162.962,,,9.075,41.6512,68.665,174.645,,,216.3
CHURACHANDPUR,2011-12,84.82,2259.586,,,12.206,56.3161,72.614,169.6425,,,225.96
CHURACHANDPUR,2012-13,111.154,3381.829,,,18.679,90.2888,92.475,247.8941,,,338.18
CHURACHANDPUR,2013-14,128.906,3239.689,,,29.667,62.8277,99.239,261.1412,,,323.97
CHURACHANDPUR,2014-15,171.614,3188.931,,,49.914,78.3254,121.7,240.5677,,,318.89
CHURACHANDPUR,2015-16,194.969,3726.714,,,187.637,325.8426,7.332,46.8288,,,372.67
CHURACHANDPUR,2016-17,241.257,4717.967,,,236.637,450.5405,4.62,21.2562,,,471.8
CHURACHANDPUR,2017-18,259.557,5792.87,,,254.448,559.0202,5.109,20.2668,,,579.29
CHURU,2009-10,947.958,19740.545,,,258.235,275.5184,555.915,1296.9565,133.808,401.5796,1974.05
CHURU,2010-11,984.735,23400.364,,,263.652,321.3717,579.349,1505.4408,141.734,513.2239,2340.04
CHURU,2011-12,1079.012,28039.351,,,283.514,394.1759,644.846,1808.623,150.652,601.1362,2803.94
CHURU,2012-13,1070.657,28765.171,,,239.376,325.1477,658.811,1854.7749,172.47,696.5945,2876.52
CHURU,2013-14,1242.598,32645.479,,,289.205,374.2722,761.367,2101.3631,192.026,788.9126,3264.55
CHURU,2014-15,1534.547,38197.36,,,355.955,455.4297,919.693,2487.5397,258.899,876.7666,3819.74
CHURU,2015-16,1996.342,42940.644,,,541.7,526.5409,1176.583,2795.3581,278.059,972.1654,4294.06
CHURU,2016-17,2228.379,53690.312,,,608.492,738.6631,1055.233,2707.2123,564.654,1923.1558,5369.03
CHURU,2017-18,2375.517,56194.712,,,650.27,823.175,1135.33,2819.0054,589.917,1977.2908,5619.47
COACH BIHAR,2009-10,1007.556,16931.735,,,591.497,510.0672,416.059,1183.1063,,,1693.17
COACH BIHAR,2010-11,1179.229,21034.759,,,694.502,593.469,484.727,1510.0069,,,2103.48
COACH BIHAR,2011-12,1325.283,25488.187,,,770.806,699.7569,554.477,1849.0618,,,2548.82
COACH BIHAR,2012-13,1555.026,30601.25,,,906.204,828.7829,648.822,2231.3421,,,3060.12
COACH BIHAR,2013-14,2003.049,36312.099,,,1190.863,1010.2873,812.186,2620.9226,,,3631.21
COACH BIHAR,2014-15,2644.009,43621.791,,,1596.357,1212.1525,1047.652,3150.0266,,,4362.18
COACH BIHAR,2015-16,3508.51,49866.651,,,1956.956,1311.8871,1551.554,3674.778,,,4986.67
COACH BIHAR,2016-17,4090.79,61785.553,,,2290.581,1703.4256,1800.209,4475.1297,,,6178.56
COACH BIHAR,2017-18,4288.6,67383.593,,,2401.471,1900.133,1887.129,4838.2263,,,6738.36
COIMBATORE,2009-10,3756.994,223138.672,,,562.474,1848.4938,1019.177,3935.341,2175.343,16530.0324,22313.87
COIMBATORE,2010-11,4151.283,255776.733,,,611.598,2262.1695,1174.965,4736.7539,2364.72,18578.7499,25577.67
COIMBATORE,2011-12,4577.637,304019.583,,,693.773,2731.0476,1332.79,5662.7838,2551.074,22008.1269,30401.96
COIMBATORE,2012-13,5263.595,343581.333,,,837.461,3111.3405,1585.097,6649.2404,2841.037,24597.5524,34358.13
COIMBATORE,2013-14,6070.098,397815.458,,,1021.086,3520.0675,1873.399,7604.091,3175.613,28657.3873,39781.55
COIMBATORE,2014-15,7015.598,453167.73,,,1230.959,4183.6251,2209.351,8961.9666,3575.288,32171.1813,45316.77
COIMBATORE,2015-16,7557.33,500386.74,,,1275.047,4591.6989,2394.706,10531.8712,3887.577,34915.1039,50038.67
COIMBATORE,2016-17,8085.23,575161.073,4118.461,39702.3925,1104.706,3944.6225,2776.191,13475.638,85.872,393.4543,57516.11
COIMBATORE,2017-18,8450.713,602006.436,4249.371,41089.9284,1209.089,4229.0215,2898.531,14471.8508,93.722,409.8429,60200.64
CUDDALORE,2009-10,1618.826,53859.608,,,457.673,551.3143,717.82,1625.0163,443.333,3209.6302,5385.96
CUDDALORE,2010-11,1716.48,71714.924,,,502.113,1152.2884,728.729,1849.5614,485.638,4169.6426,7171.49
CUDDALORE,2011-12,1902.865,66084.826,,,576.313,750.4218,803.817,2110.7967,522.735,3747.2641,6608.48
CUDDALORE,2012-13,2263.663,76131.955,,,707.433,906.1128,955.188,2339.7447,601.042,4367.338,7613.2
CUDDALORE,2013-14,3018.758,81643.594,,,1031.803,986.1272,1300.398,3124.4806,686.557,4053.7516,8164.36
CUDDALORE,2014-15,3389.401,88254.607,,,1171.098,1168.3741,1449.777,2992.7468,768.526,4664.3398,8825.46
CUDDALORE,2015-16,3673.964,100933.572,,,1271.121,1361.5924,1575.354,3290.6266,827.489,5441.1382,10093.36
CUDDALORE,2016-17,3924.645,97722.134,,,1337.698,1512.6459,1722.133,3877.6384,864.814,4381.9291,9772.21
CUDDALORE,2017-18,4198.432,105536.442,,,1453.071,1682.3135,1860.765,4308.7655,884.596,4562.5652,10553.64
CUDDAPAH,2009-10,2495.41,44791.219,,,899.95,1009.5734,857.694,1241.6162,737.766,2227.9323,4479.12
CUDDAPAH,2010-11,2663.827,48710.423,,,963.314,1255.4896,907.615,1351.4714,792.898,2264.0813,4871.04
CUDDAPAH,2011-12,2862.203,53954.332,,,1041.53,1388.4465,986.762,1587.6117,833.911,2419.375,5395.43
CUDDAPAH,2012-13,3216.64,57585.422,,,1162.676,1483.6463,1104.911,1600.5211,949.053,2674.3748,5758.54
CUDDAPAH,2013-14,3621.326,67685.679,,,1331.646,1779.3798,1237.783,1877.1424,1051.897,3112.0457,6768.57
CUDDAPAH,2014-15,4152.306,80536.501,,,1557.241,2141.8805,1422.503,2219.7391,1172.562,3692.0305,8053.65
CUDDAPAH,2015-16,4157.356,94766.274,,,1448.892,2309.8243,1443.685,2688.1109,1264.779,4478.6922,9476.63
CUDDAPAH,2016-17,4458.002,123664.537,,,1394.15,2736.9993,1513.112,3418.3491,1550.74,6211.1053,12366.45
CUDDAPAH,2017-18,4557.654,129390.62,,,1432.321,2892.9114,1575.722,3638.5005,1549.611,6407.6501,12939.06
CUTTACK,2009-10,1695.119,66078.678,,,835.879,1416.5293,68.863,181.0211,790.377,5010.3174,6607.87
CUTTACK,2010-11,1860.232,76457.565,,,911.87,1735.359,76.015,214.5803,872.347,5695.8172,7645.76
CUTTACK,2011-12,2113.36,92870.053,,,1078.761,2155.2605,96.324,257.5051,938.275,6874.2397,9287.01
CUTTACK,2012-13,2355.59,109947.518,,,1154.745,2373.7007,143.457,413.3719,1057.388,8207.6792,10994.75
CUTTACK,2013-14,2743.734,131137.491,,,1408.214,2832.1464,176.206,486.3891,1159.314,9795.2136,13113.75
CUTTACK,2014-15,3272.389,155402.067,,,1730.109,3406.8012,219.036,569.1361,1323.244,11564.2694,15540.21
CUTTACK,2015-16,3695.725,171535.397,,,1918.212,3779.9319,270.912,663.3107,1506.601,12710.2971,17153.54
CUTTACK,2016-17,4109.933,192639.058,,,2166.221,4509.5428,308.47,804.6984,1635.242,13949.6646,19263.91
CUTTACK,2017-18,4264.82,209011.67,,,2250.135,5000.7807,329.296,883.7867,1685.389,15016.5996,20901.17
DADRA&NAGAR HAVELI,2009-10,249.144,9641.904,,,41.383,119.8298,207.761,844.3606,,,964.19
DADRA&NAGAR HAVELI,2010-11,286.419,12376.399,,,46.988,160.1708,239.431,1077.4691,,,1237.64
DADRA&NAGAR HAVELI,2011-12,341.844,15879.876,,,61.875,216.8941,279.969,1371.0935,,,1587.99
DADRA&NAGAR HAVELI,2012-13,405.497,19738.929,,,89.235,262.3384,316.262,1711.5545,,,1973.89
DADRA&NAGAR HAVELI,2013-14,499.499,22511.358,,,122.335,329.8334,377.164,1921.3024,,,2251.14
DADRA&NAGAR HAVELI,2014-15,608.887,27172.804,,,166.381,392.1944,442.506,2325.086,,,2717.28
DADRA&NAGAR HAVELI,2015-16,682.82,30804.022,,,194.784,443.6685,488.036,2636.7337,,,3080.4
DADRA&NAGAR HAVELI,2016-17,794.246,35931.092,,,156.361,277.3537,637.885,3315.7555,,,3593.11
DADRA&NAGAR HAVELI,2017-18,774.161,38767.55,,,154.067,309.2368,620.094,3567.5182,,,3876.76
DAHOD,2009-10,773.435,14071.537,,,441.19,433.5418,332.245,973.6119,,,1407.15
DAHOD,2010-11,755.101,16444.184,,,402.23,493.4026,352.871,1151.0158,,,1644.42
DAHOD,2011-12,840.794,19177.996,,,427.197,548.8304,413.597,1368.9692,,,1917.8
DAHOD,2012-13,1018.093,21964.575,,,526.121,601.0078,491.972,1595.4497,,,2196.46
DAHOD,2013-14,1258.986,23954.313,,,647.96,566.7275,611.026,1828.7038,,,2395.43
DAHOD,2014-15,1500.539,26619.722,,,771.757,633.9201,728.782,2028.0521,,,2661.97
DAHOD,2015-16,1745.558,29690.777,,,905.095,736.6412,840.463,2232.4365,,,2969.08
DAHOD,2016-17,1975.874,35956.857,,,914.985,769.5066,616.976,1028.4798,443.913,1797.6993,3595.69
DAHOD,2017-18,2129.028,38731.104,,,1005.651,857.4598,655.122,1094.7717,468.255,1920.8789,3873.11
DAKSHIN DINAJPUR,2009-10,495.272,9983.759,,,349.767,455.899,28.697,74.7792,116.808,467.6977,998.38
DAKSHIN DINAJPUR,2010-11,571.429,11967.446,,,402.766,539.9422,34.661,92.153,134.002,564.6494,1196.74
DAKSHIN DINAJPUR,2011-12,628.842,14710.656,,,439.454,649.7236,39.666,102.6275,149.722,718.7145,1471.07
DAKSHIN DINAJPUR,2012-13,797.194,17557.696,,,569.323,778.274,48.4,129.0894,179.471,848.4062,1755.77
DAKSHIN DINAJPUR,2013-14,1034.704,20445.677,,,768.172,907.2414,61.502,140.9576,205.03,996.3687,2044.57
DAKSHIN DINAJPUR,2014-15,1438.273,24209.938,,,1108.259,1063.2045,81.726,171.6716,248.288,1186.1177,2420.99
DAKSHIN DINAJPUR,2015-16,1846.441,26853.804,,,1429.09,1199.5661,101.23,202.0666,316.121,1283.7477,2685.38
DAKSHIN DINAJPUR,2016-17,2191.796,31903.315,,,1551.072,1338.7222,263.4,355.305,377.324,1496.3043,3190.33
DAKSHIN DINAJPUR,2017-18,2322.257,34898.399,,,1644.514,1438.0316,278.43,410.5687,399.313,1641.2396,3489.84
DAKSHIN KANNAD,2009-10,2773.75,138422.096,,,785.064,1725.0177,630.589,1830.6556,1358.097,10286.5363,13842.21
DAKSHIN KANNAD,2010-11,3070.616,160781.531,,,871.138,1922.7956,673.921,2105.4193,1525.557,12049.9382,16078.15
DAKSHIN KANNAD,2011-12,3435.856,202921.83,,,1046.899,2309.8699,756.909,2465.6053,1632.048,15516.7078,20292.18
DAKSHIN KANNAD,2012-13,3946.051,238386.182,,,1187.979,2802.3096,870.949,2817.8384,1887.123,18218.4702,23838.62
DAKSHIN KANNAD,2013-14,4426.565,269236.465,,,1353.499,3376.274,987.349,3375.613,2085.717,20171.7595,26923.65
DAKSHIN KANNAD,2014-15,4989.609,301866.123,,,1613.428,3956.6099,1116.941,3920.005,2259.24,22309.9974,30186.61
DAKSHIN KANNAD,2015-16,5220.389,332635.861,,,1608.775,4098.723,1232.358,4654.7191,2379.256,24510.144,33263.59
DAKSHIN KANNAD,2016-17,5430.067,366329.213,,,1605.524,4674.3551,1357.597,5786.5724,2466.946,26171.9938,36632.92
DAKSHIN KANNAD,2017-18,5460.801,394883.893,,,1693.246,5136.3904,1373.219,6200.775,2394.336,28151.2239,39488.39
DAMAN,2009-10,160.665,8481.395,,,,,160.665,848.1395,,,848.14
DAMAN,2010-11,175.026,10333.486,,,0.101,0.5234,174.925,1032.8252,,,1033.35
DAMAN,2011-12,202.72,13519.345,,,1.047,1.826,201.673,1350.1085,,,1351.93
DAMAN,2012-13,234.156,17062.69,,,2.695,4.693,231.461,1701.576,,,1706.27
DAMAN,2013-14,266.412,19112.616,,,5.232,7.9916,261.18,1903.27,,,1911.26
DAMAN,2014-15,301.749,20997.622,,,9.922,15.7308,291.827,2084.0314,,,2099.76
DAMAN,2015-16,339.674,23831.27,,,11.083,30.3418,328.591,2352.7852,,,2383.13
DAMAN,2016-17,402.465,27382.256,,,,,402.465,2738.2256,,,2738.23
DAMAN,2017-18,418.378,29405.516,,,,,418.378,2940.5516,,,2940.55
DAMOH,2009-10,321.963,9118.559,,,137.023,202.0722,61.995,136.2528,122.945,573.5309,911.86
DAMOH,2010-11,402.991,10680.355,,,170.665,232.8601,82.018,165.3002,150.308,669.8752,1068.04
DAMOH,2011-12,479.14,11848.832,,,203.825,266.3542,107.808,201.666,167.507,716.863,1184.88
DAMOH,2012-13,428.838,14126.583,,,155.006,312.1242,108.331,245.3757,165.501,855.1584,1412.66
DAMOH,2013-14,666.675,15988.951,,,288.643,352.1962,164.247,273.5456,213.785,973.1533,1598.9
DAMOH,2014-15,1016.901,17884.785,,,438.432,394.154,278.272,306.4903,300.197,1087.8342,1788.48
DAMOH,2015-16,1343.574,20241.386,,,580.778,419.6933,359.63,362.1208,403.166,1242.3245,2024.14
DAMOH,2016-17,1544.024,24548.289,,,677.922,566.3452,411.653,481.3189,454.449,1407.1648,2454.83
DAMOH,2017-18,1599.395,25834.661,,,703.117,579.61,422.676,524.551,473.602,1479.3051,2583.47
DANGS,2009-10,105.591,1823.648,,,45.619,47.5891,59.972,134.7757,,,182.36
DANGS,2010-11,101.333,2391.664,,,41.554,59.0506,59.779,180.1158,,,239.17
DANGS,2011-12,110.852,2816.655,,,45.329,65.411,65.523,216.2545,,,281.67
DANGS,2012-13,134.787,3398.453,,,55.939,83.155,78.848,256.6903,,,339.85
DANGS,2013-14,169.385,3601.535,,,73.44,90.1782,95.945,269.9753,,,360.15
DANGS,2014-15,201.914,4636.023,,,86.875,106.9826,115.039,356.6197,,,463.6
DANGS,2015-16,240.661,5464.202,,,99.101,119.2136,141.56,427.2066,,,546.42
DANGS,2016-17,278.458,5526.932,,,115.255,161.1163,163.203,391.5769,,,552.69
DANGS,2017-18,297.214,6000.601,,,124.141,177.1234,173.073,422.9367,,,600.06
DANTEWADA,2009-10,165.824,6531.545,,,128.96,422.5974,36.864,230.5571,,,653.15
DANTEWADA,2010-11,173.657,8059.159,,,140.649,517.5598,33.008,288.3561,,,805.92
DANTEWADA,2011-12,202.544,9138.999,,,163.591,578.3349,38.953,335.565,,,913.9
DANTEWADA,2012-13,150.984,8477.497,,,112.514,462.3677,38.47,385.382,,,847.75
DANTEWADA,2013-14,163.674,8165.957,,,120.79,458.7014,42.884,357.8943,,,816.6
DANTEWADA,2014-15,212.034,8620.426,,,157.827,490.0736,54.207,371.969,,,862.04
DANTEWADA,2015-16,247.62,9683.797,,,188.204,583.5951,59.416,384.7846,,,968.38
DANTEWADA,2016-17,286.986,11599.888,,,130.117,262.4075,156.869,897.5813,,,1159.99
DANTEWADA,2017-18,315.749,12504.116,,,148.119,287.5996,167.63,962.812,,,1250.41
DARBHANGA,2009-10,991.449,30633.845,,,506.306,901.867,113.79,241.7167,371.353,1919.8008,3063.38
DARBHANGA,2010-11,1139.894,34797.159,,,563.715,994.9976,140.95,274.8298,435.229,2209.8885,3479.72
DARBHANGA,2011-12,1316.631,43601.651,,,651.157,1174.2301,193.043,358.7889,472.431,2827.1461,4360.17
DARBHANGA,2012-13,1577.462,48490.17,,,784.17,1314.1236,248.488,447.5096,544.804,3087.3838,4849.02
DARBHANGA,2013-14,1800.125,55477.837,,,907.524,1581.5247,288.323,533.1397,604.278,3433.1193,5547.78
DARBHANGA,2014-15,2354.541,65516.997,,,1270.052,1808.5984,380.589,604.1669,703.9,4138.9344,6551.7
DARBHANGA,2015-16,3050.445,72383.322,,,1624.844,2022.7929,583.207,773.9271,842.394,4441.6122,7238.33
DARBHANGA,2016-17,3626.749,86306.237,,,1630.152,2007.939,1039.683,1398.8958,956.914,5223.7889,8630.62
DARBHANGA,2017-18,3875.355,94612.68,,,1753.469,2286.4923,1112.632,1609.0639,1009.254,5565.7118,9461.27
DARJILING,2009-10,1290.385,48083.096,,,285.57,520.165,208.927,655.7432,795.888,3632.4014,4808.31
DARJILING,2010-11,1407.679,56344.442,,,311.688,602.3694,234.52,749.3098,861.471,4282.765,5634.44
DARJILING,2011-12,1538.099,66894.094,,,354.235,706.4295,248.015,864.9728,935.849,5118.0071,6689.41
DARJILING,2012-13,1720.227,78706.732,,,417.582,855.9697,271.716,1015.595,1030.929,5999.1085,7870.67
DARJILING,2013-14,1930.908,92465.082,,,522.111,1059.6766,305.216,1218.1329,1103.581,6968.6987,9246.51
DARJILING,2014-15,2433.246,109572.71,,,727.804,1299.1903,390.654,1479.1418,1314.788,8178.9389,10957.27
DARJILING,2015-16,2933.101,125370.547,,,927.739,1590.9638,390.556,1457.7004,1614.806,9488.3905,12537.05
DARJILING,2016-17,3321.661,151723.506,,,982.883,1825.9033,576.046,2064.2258,1762.732,11282.2215,15172.35
DARJILING,2017-18,3343.076,159205.574,,,938.7,1760.3497,604.873,2221.3308,1799.503,11938.8769,15920.56
DARRANG,2009-10,297.72,4673.051,,,140.429,112.767,157.291,354.5381,,,467.31
DARRANG,2010-11,355.526,6045.991,,,176.389,152.5287,179.137,452.0704,,,604.6
DARRANG,2011-12,408.677,6917.581,,,191.899,164.2336,216.778,527.5245,,,691.76
DARRANG,2012-13,457.67,8175.62,,,210.659,181.659,247.011,635.903,,,817.56
DARRANG,2013-14,538.284,9406.122,,,242.436,196.028,295.848,744.5842,,,940.61
DARRANG,2014-15,722.479,11290.475,,,331.138,245.5375,391.341,883.51,,,1129.05
DARRANG,2015-16,886.234,11827.828,,,399.015,285.1793,487.219,897.6035,,,1182.78
DARRANG,2016-17,1074.058,13568.199,,,504.516,322.1188,569.542,1034.7011,,,1356.82
DARRANG,2017-18,1175.199,15342.768,,,562.211,371.6785,612.988,1162.5983,,,1534.28
DATIA,2009-10,240.225,6007.374,,,85.862,140.2242,154.363,460.5132,,,600.74
DATIA,2010-11,278.414,6783.087,,,100.645,147.582,177.769,530.7267,,,678.31
DATIA,2011-12,344.812,8300.921,,,125.553,178.5618,219.259,651.5303,,,830.09
DATIA,2012-13,381.828,9698.583,,,130.387,205.2499,251.441,764.6084,,,969.86
DATIA,2013-14,454.701,11153.282,,,149.726,229.0691,304.975,886.2591,,,1115.33
DATIA,2014-15,565.488,13196.46,,,182.956,305.987,382.532,1013.659,,,1319.65
DATIA,2015-16,741.846,13583.493,,,265.896,254.5715,475.95,1103.7778,,,1358.35
DATIA,2016-17,825.122,17028.52,,,250.746,281.7121,270.719,423.6168,303.657,997.5231,1702.85
DATIA,2017-18,878.725,18704.749,,,269.804,284.2394,285.779,465.6967,323.142,1120.5388,1870.47
DAUSA,2009-10,537.579,11006.108,,,191.23,255.1283,346.349,845.4825,,,1100.61
DAUSA,2010-11,591.428,13152.428,,,208.429,292.3783,382.999,1022.8645,,,1315.24
DAUSA,2011-12,687.685,14817.462,,,227.712,333.6103,459.973,1148.1359,,,1481.75
DAUSA,2012-13,781.342,17437.067,,,250.039,376.2206,531.303,1367.4861,,,1743.71
DAUSA,2013-14,943.321,20407.85,,,304.218,426.3259,639.103,1614.4591,,,2040.78
DAUSA,2014-15,1325.455,23475.086,,,431.516,499.7659,893.939,1847.7427,,,2347.51
DAUSA,2015-16,1673.534,27457.283,,,604.457,693.1168,1069.077,2052.6115,,,2745.73
DAUSA,2016-17,1802.437,34218.555,,,620.585,773.9114,1181.852,2647.9441,,,3421.86
DAUSA,2017-18,1909.18,37434.894,,,664.6,828.5925,1244.58,2914.8969,,,3743.49
DAVANGERE,2009-10,1037.734,25812.853,,,444.523,463.2316,250.299,635.8291,342.912,1482.2246,2581.29
DAVANGERE,2010-11,1252.394,27475.776,,,570.418,523.3214,275.539,634.3119,406.437,1589.9443,2747.58
DAVANGERE,2011-12,1272.747,32032.81,,,506.714,558.7777,321.592,744.1814,444.441,1900.3219,3203.28
DAVANGERE,2012-13,1497.66,38554.221,,,570.049,674.4345,399.626,866.4542,527.985,2314.5334,3855.42
DAVANGERE,2013-14,1890.313,47027.451,,,750.207,861.7824,494.832,1084.3099,645.274,2756.6528,4702.75
DAVANGERE,2014-15,2302,52815.63,,,935.754,961.8946,580.228,1187.6106,786.018,3132.0578,5281.56
DAVANGERE,2015-16,2502.735,59253.839,,,1022.885,1126.5687,620.063,1310.6693,859.787,3488.1459,5925.38
DAVANGERE,2016-17,2755.883,71962.771,,,1037.923,1230.67,796.364,1646.8272,921.596,4318.7799,7196.28
DAVANGERE,2017-18,2961.195,74854.869,,,1127.96,1222.5152,853.619,1715.7148,979.616,4547.2569,7485.49
DEHRA DUN,2009-10,2122.984,212161.762,,,431.907,1401.9935,432.977,2041.9612,1258.1,17772.2215,21216.18
DEHRA DUN,2010-11,2340.613,243438.628,,,480.053,1649.0284,474.527,2420.2792,1386.033,20274.5552,24343.86
DEHRA DUN,2011-12,2624.86,284221.645,,,555.951,2026.4507,516.562,2822.6256,1552.347,23573.0882,28422.16
DEHRA DUN,2012-13,2925.298,331555.887,,,624.858,2501.7808,588.432,3207.2811,1712.008,27446.5268,33155.59
DEHRA DUN,2013-14,3246.962,383851.426,,,733.762,3192.8038,642.032,3920.1242,1871.168,31272.2146,38385.14
DEHRA DUN,2014-15,3718.276,445372.905,,,876.61,3496.1327,713.917,4851.2934,2127.749,36189.8644,44537.29
DEHRA DUN,2015-16,4154.282,476764.515,,,961.637,3339.0286,805.647,5192.0437,2386.998,39145.3792,47676.45
DEHRA DUN,2016-17,4571.556,545480.09,,,1043.279,3864.1002,921.002,6446.313,2607.275,44237.5958,54548.01
DEHRA DUN,2017-18,4728.412,588657.511,,,1115.279,4195.1313,957.15,6213.5519,2655.983,48457.0679,58865.75
DELHI,2009-10,37782.812,5650134.089,36640.607,558649.1808,746.286,4414.0977,395.919,1950.1304,,,565013.41
DELHI,2010-11,30920.716,6359229.241,29645.648,629837.481,835.227,3859.761,439.841,2225.6821,,,635922.92
DELHI,2011-12,30317.966,6841333.528,28852.364,676532.3191,978.411,4900.1693,487.191,2700.8644,,,684133.35
DELHI,2012-13,33741.176,7521865.208,32136.265,743767.6156,1071.394,5115.2919,527.557,3298.2363,5.96,5.377,752186.52
DELHI,2013-14,37101.414,8146645.233,35104.424,804895.2225,1318.381,5912.001,666.634,3841.9448,11.975,15.355,814664.52
DELHI,2014-15,41268.976,8843833.622,38834.696,874025.4048,1582.658,6476.2659,836.111,3858.3767,15.511,23.3148,884383.36
DELHI,2015-16,45466.731,9670586.9,42705.664,955344.009,1717.129,6617.9947,1043.938,5096.6863,,,967058.69
DELHI,2016-17,49127.938,10924548.34,46146.502,1078123.916,1338.069,5315.1382,1453.991,8238.1985,189.376,777.5808,1092454.83
DELHI,2017-18,49891.675,11446415.23,47075.725,1129326.173,903.531,3988.8262,1691.605,10359.0798,220.814,967.4448,1144641.52
DEOGARH,2009-10,114.772,2572.005,,,84.152,109.1552,30.62,148.0453,,,257.2
DEOGARH,2010-11,119.213,3379.18,,,85.496,136.8734,33.717,201.0446,,,337.92
DEOGARH,2011-12,145.736,4323.878,,,99.097,161.8438,46.639,270.544,,,432.39
DEOGARH,2012-13,171.341,4945.788,,,116.367,186.335,54.974,308.2438,,,494.58
DEOGARH,2013-14,211.611,5767.187,,,142.716,228.0542,68.895,348.6645,,,576.72
DEOGARH,2014-15,285.55,6533.984,,,189.19,285.4586,96.36,367.9398,,,653.4
DEOGARH,2015-16,332.057,7565.631,,,214.379,305.291,117.678,451.2721,,,756.56
DEOGARH,2016-17,389.652,8860.857,,,249.873,359.4936,139.779,526.5921,,,886.09
DEOGARH,2017-18,415.356,9831.205,,,268.412,419.4512,146.944,563.6693,,,983.12
DEOGHAR,2009-10,518.909,18017.131,,,231.181,386.9811,287.728,1414.732,,,1801.71
DEOGHAR,2010-11,597.102,20775.429,,,264.288,457.1895,332.814,1620.3534,,,2077.54
DEOGHAR,2011-12,638.393,23916.606,,,295.263,497.7748,343.13,1893.8858,,,2391.66
DEOGHAR,2012-13,736.355,27262.254,,,344.321,624.4894,392.034,2101.736,,,2726.23
DEOGHAR,2013-14,929.018,31904.008,,,460.331,727.1968,468.687,2463.204,,,3190.4
DEOGHAR,2014-15,1135.966,37968.289,,,590.869,885.8439,545.097,2910.985,,,3796.83
DEOGHAR,2015-16,1497.39,44198.325,,,841.545,1046.1022,655.845,3373.7303,,,4419.83
DEOGHAR,2016-17,1860.315,54061.622,,,1062.307,1250.0922,221.7,522.5619,576.308,3633.5081,5406.16
DEOGHAR,2017-18,2066.638,60031.262,,,1204.908,1391.5104,247.378,582.2642,614.352,4029.3516,6003.13
DEORIA,2009-10,1481.02,29347.177,,,832.069,1120.4746,383.91,737.1316,265.041,1077.1115,2934.72
DEORIA,2010-11,1832.578,33869.432,,,1041.47,1264.2323,468.68,865.9825,322.428,1256.7284,3386.94
DEORIA,2011-12,2037.306,39718.377,,,1196.82,1489.4643,491.954,1017.4567,348.532,1464.9167,3971.84
DEORIA,2012-13,2546.818,48120.21,,,1535.917,1773.6577,620.382,1251.7259,390.519,1786.6374,4812.02
DEORIA,2013-14,2860.431,56746.527,,,1722.568,2119.0416,706.692,1520.8895,431.171,2034.7216,5674.65
DEORIA,2014-15,3273.471,65198.754,,,1958.941,2445.9561,821.438,1755.5479,493.092,2318.3714,6519.88
DEORIA,2015-16,3784.967,73123.455,,,2266.794,2801.6825,947.868,1964.1954,570.305,2546.4676,7312.35
DEORIA,2016-17,4062.875,87777.822,,,2372.458,3443.559,1044.976,2368.5291,645.441,2965.6941,8777.78
DEORIA,2017-18,4281.731,97065.465,,,2491.292,3746.7597,1111.547,2584.0443,678.892,3375.7425,9706.55
DEVBHUMI DWARKA,2015-16,784.654,28371.42,,,189.169,496.6478,595.485,2340.4942,,,2837.14
DEVBHUMI DWARKA,2016-17,888.897,37239.643,,,213.902,678.4089,674.995,3045.5554,,,3723.96
DEVBHUMI DWARKA,2017-18,932.768,38577.688,,,233.931,710.1647,698.837,3147.6041,,,3857.77
DEWAS,2009-10,709.418,18154.237,,,278.827,347.4487,172.656,308.0292,257.935,1159.9458,1815.42
DEWAS,2010-11,772.04,19395.72,,,295.608,407.5676,191.427,366.9867,285.005,1165.0177,1939.57
DEWAS,2011-12,874.192,21102.209,,,328.895,426.8393,226.957,393.0072,318.34,1290.3744,2110.22
DEWAS,2012-13,1004.101,23193.259,,,369.198,450.8324,271.179,476.5282,363.724,1391.9653,2319.33
DEWAS,2013-14,1168.753,27345.629,,,430.668,511.5999,326.482,549.4921,411.603,1673.4709,2734.56
DEWAS,2014-15,1517.716,30556.713,,,540.582,539.2115,462.982,627.6046,514.152,1888.8552,3055.67
DEWAS,2015-16,1779.927,33884.941,,,658.149,592.2944,546.065,690.3177,575.713,2105.882,3388.49
DEWAS,2016-17,2005.517,40992.824,,,700.201,732.5497,671.356,942.7212,633.96,2424.0115,4099.28
DEWAS,2017-18,2142.299,43102.99,,,745.486,717.3237,721.522,946.9528,675.291,2646.0225,4310.3
DHALAI,2009-10,140.524,3654.318,,,140.524,365.4318,,,,,365.43
DHALAI,2010-11,159.296,3745.581,,,159.296,374.5581,,,,,374.56
DHALAI,2011-12,198.783,4627.664,,,198.783,462.7664,,,,,462.77
DHALAI,2012-13,239.286,4537.109,,,239.286,453.7109,,,,,453.71
DHALAI,2013-14,308.899,5479.158,,,308.899,547.9158,,,,,547.92
DHALAI,2014-15,380.415,6221.609,,,380.415,622.1609,,,,,622.16
DHALAI,2015-16,436.624,6975.542,,,436.624,697.5542,,,,,697.55
DHALAI,2016-17,489.375,7588.977,,,355.504,381.3204,133.871,377.5773,,,758.9
DHALAI,2017-18,522.034,8276.987,,,379.593,415.5654,142.441,412.1333,,,827.7
DHAMTARI,2009-10,251.472,7225.41,,,98.77,95.911,152.702,626.63,,,722.54
DHAMTARI,2010-11,296.3,8634.414,,,105.108,101.9631,191.192,761.4783,,,863.44
DHAMTARI,2011-12,337.493,10155.126,,,116.021,119.9477,221.472,895.5649,,,1015.51
DHAMTARI,2012-13,393.509,11563.977,,,132.239,152.1442,261.27,1004.2535,,,1156.4
DHAMTARI,2013-14,649.477,14164.824,,,206.919,224.1525,442.558,1192.3299,,,1416.48
DHAMTARI,2014-15,909.537,15913.146,,,322.491,266.9026,587.046,1324.412,,,1591.31
DHAMTARI,2015-16,1091.827,17712.27,,,392.6,323.5127,699.227,1447.7143,,,1771.23
DHAMTARI,2016-17,1308.802,24113.922,,,412.583,385.769,266.822,456.2652,629.397,1569.358,2411.39
DHAMTARI,2017-18,1325.43,24500.746,,,425.893,427.7773,255.444,477.7888,644.093,1544.5085,2450.07
DHANBAD,2009-10,1487.539,90294.485,,,426.133,1249.177,573.745,2203.4007,487.661,5576.8708,9029.45
DHANBAD,2010-11,1684.078,107239.618,,,529.908,1712.9164,621.015,2661.0997,533.155,6349.9457,10723.96
DHANBAD,2011-12,1873.562,115436.995,604.833,2704.1219,471.581,1454.4861,209.75,875.6679,587.398,6509.4236,11543.7
DHANBAD,2012-13,2111.735,140536.765,1359.513,11368.6527,522.744,1662.9897,229.478,1022.0341,,,14053.68
DHANBAD,2013-14,2422.76,154303.946,1526.864,12193.0355,632.011,1985.161,263.885,1252.1981,,,15430.39
DHANBAD,2014-15,2809.811,183250.763,1752.291,14521.3384,750.144,2313.0257,307.376,1490.7122,,,18325.08
DHANBAD,2015-16,3327.598,192183.98,1997.428,15276.8614,933.219,2241.8021,396.951,1699.7345,,,19218.4
DHANBAD,2016-17,3750.651,218907.383,2181.54,17178.5464,941.492,2212.8755,627.619,2499.3164,,,21890.74
DHANBAD,2017-18,3987.531,232825.587,2273.941,18247.4359,1033.214,2427.2749,680.376,2607.8479,,,23282.56
DHAR,2009-10,842.935,20077.816,,,412.068,700.9895,430.867,1306.7921,,,2007.78
DHAR,2010-11,985.19,22377.894,,,481.195,814.8313,503.995,1422.9581,,,2237.79
DHAR,2011-12,1188.984,25939.629,,,578.955,907.7423,610.029,1686.2206,,,2593.96
DHAR,2012-13,1275.908,32206.01,,,606.119,1146.4265,669.789,2074.1745,,,3220.6
DHAR,2013-14,1541.496,34760.399,,,725.281,1158.0333,816.215,2318.0066,,,3476.04
DHAR,2014-15,1974.094,38114.974,,,910.816,1235.7656,1063.278,2575.7318,,,3811.5
DHAR,2015-16,2483.092,43586.402,,,1145.674,1272.121,1337.418,3086.5192,,,4358.64
DHAR,2016-17,2845.592,59828.941,,,1281.029,1558.5556,1228.126,2833.9394,336.437,1590.3991,5982.89
DHAR,2017-18,3029.062,62021.992,,,1360.326,1715.3372,1308.228,3037.3166,360.508,1449.5454,6202.2
DHARMAPURI,2009-10,680.095,12111.477,,,280.717,325.133,399.378,886.0147,,,1211.15
DHARMAPURI,2010-11,729.714,14255.62,,,300.326,392.6654,429.388,1032.8966,,,1425.56
DHARMAPURI,2011-12,864.557,16670.421,,,359.484,452.3862,505.073,1214.6559,,,1667.04
DHARMAPURI,2012-13,1037.288,18154.204,,,427.829,500.5429,609.459,1314.8775,,,1815.42
DHARMAPURI,2013-14,1332.679,19673.175,,,573.669,530.4056,759.01,1436.9119,,,1967.32
DHARMAPURI,2014-15,1599.066,23562.825,,,681.64,624.8997,917.426,1731.3828,,,2356.28
DHARMAPURI,2015-16,1749.486,26237.573,,,731.42,657.8026,1018.066,1965.9547,,,2623.76
DHARMAPURI,2016-17,1897.156,31462.136,,,786.842,794.2647,1110.314,2351.9489,,,3146.21
DHARMAPURI,2017-18,2139.056,32584.244,,,841.215,811.0976,1297.841,2447.3268,,,3258.42
DHARWAD,2009-10,1967.412,71533.662,,,376.242,452.5353,201.065,321.0496,1390.105,6379.7813,7153.37
DHARWAD,2010-11,2081.661,82955.427,,,343.049,572.5658,213.73,336.3235,1524.882,7386.6534,8295.54
DHARWAD,2011-12,2326.801,96247.475,,,447.681,638.0087,251.234,378.4242,1627.886,8608.3146,9624.75
DHARWAD,2012-13,2699.72,109003.697,,,524.589,785.7357,300.052,429.1231,1875.079,9685.5109,10900.37
DHARWAD,2013-14,3079.567,127632.524,,,582.091,946.6413,347.034,508.2194,2150.442,11308.3917,12763.25
DHARWAD,2014-15,3537.735,146557.961,,,713.211,1058.8514,420.218,572.48,2404.306,13024.4647,14655.8
DHARWAD,2015-16,3821.971,165449.335,,,787.461,1168.0082,456.58,632.9951,2577.93,14743.9302,16544.93
DHARWAD,2016-17,4073.848,189014.125,,,830.083,1233.4667,501.51,815.2811,2742.255,16852.6647,18901.41
DHARWAD,2017-18,4209.849,204937.345,,,867.675,1304.1213,526.348,830.5124,2815.826,18359.1008,20493.73
DHEMAJI,2009-10,171.281,3400.53,,,103.849,130.8875,67.432,209.1655,,,340.05
DHEMAJI,2010-11,208.369,4488.531,,,121.16,182.3791,87.209,266.474,,,448.85
DHEMAJI,2011-12,253.812,4787.16,,,152.653,183.2228,101.159,295.4932,,,478.72
DHEMAJI,2012-13,274.4,4973.465,,,158.543,186.5671,115.857,310.7794,,,497.35
DHEMAJI,2013-14,327.355,5418.894,,,190.396,213.8112,136.959,328.0782,,,541.89
DHEMAJI,2014-15,468.06,6836.571,,,279.381,285.8806,188.679,397.7765,,,683.66
DHEMAJI,2015-16,633.693,6973.381,,,402.487,307.6207,231.206,389.7174,,,697.34
DHEMAJI,2016-17,844.382,9068.655,,,559.798,452.8952,284.584,453.9703,,,906.87
DHEMAJI,2017-18,901.19,10105.834,,,587.582,486.6511,313.608,523.9323,,,1010.58
DHENKANAL,2009-10,503.082,13738.266,,,293.471,558.314,209.611,815.5126,,,1373.83
DHENKANAL,2010-11,561.041,17454.691,,,328.38,685.9082,232.661,1059.5609,,,1745.47
DHENKANAL,2011-12,680.051,20587.507,,,412.81,796.3341,267.241,1262.4166,,,2058.75
DHENKANAL,2012-13,1695.154,23817.403,,,1376.701,968.8519,318.453,1412.8884,,,2381.74
DHENKANAL,2013-14,917.732,29402.385,,,541.534,1154.4447,376.198,1785.7938,,,2940.24
DHENKANAL,2014-15,1134.527,31375.81,,,666.974,1304.8119,467.553,1832.7691,,,3137.58
DHENKANAL,2015-16,1300.262,34982.164,,,777.723,1508.7679,522.539,1989.4485,,,3498.22
DHENKANAL,2016-17,1496.551,42155.686,,,900.801,1774.2574,595.75,2441.3112,,,4215.57
DHENKANAL,2017-18,1582.261,46489.928,,,957.197,2001.2027,625.064,2647.7901,,,4648.99
DHOLPUR,2009-10,242.147,6611.467,,,75.558,117.0716,166.589,544.0751,,,661.15
DHOLPUR,2010-11,280.215,8308.176,,,85.399,134.7758,194.816,696.0418,,,830.82
DHOLPUR,2011-12,327.026,9536.165,,,100.941,163.8386,226.085,789.7779,,,953.62
DHOLPUR,2012-13,353.376,10512.542,,,101.813,167.2425,251.563,884.0117,,,1051.25
DHOLPUR,2013-14,413.879,12183.018,,,131.615,188.7308,282.264,1029.571,,,1218.3
DHOLPUR,2014-15,559.358,13652.097,,,183.35,218.3632,376.008,1146.8465,,,1365.21
DHOLPUR,2015-16,912.117,15901.247,,,341.099,255.5467,571.018,1334.578,,,1590.12
DHOLPUR,2016-17,1019.676,19938.327,,,266.636,183.649,444.922,709.8486,308.118,1100.3351,1993.83
DHOLPUR,2017-18,1096.255,21022.562,,,277.988,181.2526,490.93,744.992,327.337,1176.0116,2102.26
DHUBRI,2009-10,429.924,8358.037,,,188.578,204.5385,241.346,631.2652,,,835.8
DHUBRI,2010-11,483.913,10334.876,,,213.155,247.0456,270.758,786.442,,,1033.49
DHUBRI,2011-12,558.989,11600.37,,,247.585,299.8747,311.404,860.1623,,,1160.04
DHUBRI,2012-13,607.783,13145.995,,,268.682,343.0896,339.101,971.5099,,,1314.6
DHUBRI,2013-14,808.328,15030.446,,,399.614,403.8465,408.714,1099.1981,,,1503.04
DHUBRI,2014-15,1097.995,17130.537,,,549.932,474.639,548.063,1238.4147,,,1713.05
DHUBRI,2015-16,1408.826,18356.3,,,728.554,525.8128,680.272,1309.8172,,,1835.63
DHUBRI,2016-17,1814.915,21839.657,,,973.597,618.9517,841.318,1565.014,,,2183.97
DHUBRI,2017-18,1711.483,22572.576,,,868.27,614.6636,843.213,1642.594,,,2257.26
DHULE,2009-10,551.193,19861.771,,,137.987,267.5248,130.618,362.2431,282.588,1356.4092,1986.18
DHULE,2010-11,680.965,23353.329,,,189.98,309.8773,171.512,475.9903,319.473,1549.4653,2335.33
DHULE,2011-12,816.873,28001.464,,,242.145,361.8754,206.65,609.6318,368.078,1828.6392,2800.15
DHULE,2012-13,1145.829,35358.364,,,395.274,503.144,299.631,820.3028,450.924,2212.3896,3535.84
DHULE,2013-14,1417.607,44465.081,,,511.771,617.0442,394.972,1073.1805,510.864,2756.2834,4446.51
DHULE,2014-15,1718.89,50649.367,,,617.4,693.8529,493.222,1217.0455,608.268,3154.0383,5064.94
DHULE,2015-16,1962.711,54235.194,,,721.758,779.4999,581.943,1359.0386,659.01,3284.9809,5423.52
DHULE,2016-17,2221.779,68936.041,,,732.633,906.3226,778.029,1823.3529,711.117,4163.9286,6893.6
DHULE,2017-18,2361.145,71225.496,,,817.675,970.6508,813.104,1900.3046,730.366,4251.5942,7122.55
DIBANG VALLEY,2009-10,3.161,153.364,,,3.161,15.3364,,,,,15.34
DIBANG VALLEY,2010-11,3.214,174.111,,,3.214,17.4111,,,,,17.41
DIBANG VALLEY,2011-12,3.492,224.183,,,3.492,22.4183,,,,,22.42
DIBANG VALLEY,2012-13,3.774,261.973,,,3.774,26.1973,,,,,26.2
DIBANG VALLEY,2013-14,4.072,259.498,,,4.072,25.9498,,,,,25.95
DIBANG VALLEY,2014-15,4.936,352.312,,,4.936,35.2312,,,,,35.23
DIBANG VALLEY,2015-16,5.785,341.257,,,5.785,34.1257,,,,,34.13
DIBANG VALLEY,2016-17,6.786,705.743,,,6.786,70.5743,,,,,70.57
DIBANG VALLEY,2017-18,6.877,641.332,,,6.877,64.1332,,,,,64.13
DIBRUGARH,2009-10,796.195,44612.587,,,316.969,449.5311,200.355,2579.5008,278.871,1432.2268,4461.26
DIBRUGARH,2010-11,884.768,53171.363,,,353.746,556.4625,235.005,2903.2298,296.017,1857.444,5317.14
DIBRUGARH,2011-12,973.056,53662.001,,,374.658,648.4235,269.334,2771.6684,329.064,1946.1082,5366.2
DIBRUGARH,2012-13,1074.879,66441.782,,,429.099,773.0174,286.845,3520.2603,358.935,2350.9005,6644.18
DIBRUGARH,2013-14,1220.525,60133.907,,,507.967,926.0098,320.907,2602.6092,391.651,2484.7717,6013.39
DIBRUGARH,2014-15,1391.496,74836.213,,,593.787,1122.1228,348.938,3477.4601,448.771,2884.0384,7483.62
DIBRUGARH,2015-16,1626.717,80224.551,,,695.133,1302.187,411.811,3359.0229,519.773,3361.2452,8022.46
DIBRUGARH,2016-17,1959.573,78842.807,,,978.728,1694.4791,406.384,2584.0161,574.461,3605.7855,7884.28
DIBRUGARH,2017-18,2086.294,86686.325,,,1064.061,1979.4595,430.585,2945.3068,591.648,3743.8662,8668.63
DIMAPUR,2009-10,217.231,19470.264,,,25.8,101.6762,191.431,1845.3502,,,1947.03
DIMAPUR,2010-11,253.023,22169.704,,,35.179,121.1435,217.844,2095.8269,,,2216.97
DIMAPUR,2011-12,289.466,25626.453,,,40.454,143.828,249.012,2418.8173,,,2562.65
DIMAPUR,2012-13,323.284,28113.368,,,46.999,181.8575,276.285,2629.4793,,,2811.34
DIMAPUR,2013-14,346.939,30306.919,,,52.339,191.9763,294.6,2838.7156,,,3030.69
DIMAPUR,2014-15,399.425,33771.622,,,62.068,228.4165,337.357,3148.7457,,,3377.16
DIMAPUR,2015-16,444.318,37703.149,,,67.492,273.6542,376.826,3496.6607,,,3770.31
DIMAPUR,2016-17,509.505,46448.978,,,69.349,311.9307,57.467,308.0506,382.689,4024.9165,4644.9
DIMAPUR,2017-18,547.403,44443.46,,,72.259,316.663,64.36,351.0605,410.784,3776.6225,4444.35
DINDIGUL,2009-10,1306.68,32942.283,,,407.684,653.6816,549.979,1295.3936,349.017,1345.1531,3294.23
DINDIGUL,2010-11,1472.346,38062.471,,,421.028,667.1143,654.951,1545.1519,396.367,1593.9809,3806.25
DINDIGUL,2011-12,1624.778,42511.17,,,459.665,767.0596,724.293,1816.6145,440.82,1667.4429,4251.12
DINDIGUL,2012-13,1974.042,48230.468,,,588.864,849.6036,878.784,2043.1799,506.394,1930.2633,4823.05
DINDIGUL,2013-14,2423.166,52219.441,,,758.524,930.8468,1105.265,2238.1137,559.377,2052.9836,5221.94
DINDIGUL,2014-15,2861.667,59062.156,,,894.343,1067.7686,1320.703,2575.7294,646.621,2262.7176,5906.22
DINDIGUL,2015-16,3006.099,67620.836,,,902.267,1226.5759,1403.503,2973.4857,700.329,2562.022,6762.08
DINDIGUL,2016-17,3248.711,81359.258,,,908.535,1466.7551,1589.103,3685.1061,751.073,2984.0646,8135.93
DINDIGUL,2017-18,3477.783,85727.187,,,973.953,1467.3742,1718.586,3811.1606,785.244,3294.1839,8572.72
DINDORI,2009-10,188.705,3489.808,,,144.372,168.9158,44.333,180.065,,,348.98
DINDORI,2010-11,226.479,4095.551,,,173.836,175.773,52.643,233.7821,,,409.56
DINDORI,2011-12,251.696,4308.854,,,188.151,206.0483,63.545,224.8371,,,430.89
DINDORI,2012-13,316.111,5715.032,,,233.291,278.6942,82.82,292.809,,,571.5
DINDORI,2013-14,412.954,6299.636,,,307.354,324.1919,105.6,305.7717,,,629.96
DINDORI,2014-15,570.095,7306.718,,,420.035,372.5623,150.06,358.1095,,,730.67
DINDORI,2015-16,678.883,7803.02,,,495.649,390.2545,183.234,390.0475,,,780.3
DINDORI,2016-17,758.601,9505.089,,,423.524,317.571,335.077,632.9379,,,950.51
DINDORI,2017-18,872.083,9803.347,,,485.595,322.0717,386.488,658.263,,,980.33
DIU,2009-10,82.813,5965.171,,,,,82.813,596.5171,,,596.52
DIU,2010-11,81.785,6205.886,,,0.7,2.7391,81.085,617.8495,,,620.59
DIU,2011-12,91.969,7055.195,,,3.115,7.8097,88.854,697.7098,,,705.52
DIU,2012-13,113.434,8275.157,,,6.705,18.3007,106.729,809.215,,,827.52
DIU,2013-14,129.782,10582.953,,,10.976,26.9406,118.806,1031.3547,,,1058.3
DIU,2014-15,143.94,12340.189,,,11.93,37.1514,132.01,1196.8675,,,1234.02
DIU,2015-16,157.015,13448.587,,,12.557,51.4084,144.458,1293.4503,,,1344.86
DIU,2016-17,167.646,15511.491,,,43.927,201.372,123.719,1349.7771,,,1551.15
DIU,2017-18,169.481,16557.51,,,44.505,200.0966,124.976,1455.6544,,,1655.75
DODA,2009-10,181.805,5596.611,,,89.269,213.6119,92.536,346.0492,,,559.66
DODA,2010-11,208.685,6783.399,,,105.927,252.9898,102.758,425.3501,,,678.34
DODA,2011-12,244.327,8733.978,,,127.418,324.7916,116.909,548.6062,,,873.4
DODA,2012-13,295.759,10216.216,,,167.162,390.2064,128.597,631.4152,,,1021.62
DODA,2013-14,344.537,10973.21,,,200.545,462.8819,143.992,634.4391,,,1097.32
DODA,2014-15,424.75,11509.439,,,253.836,507.5309,170.914,643.413,,,1150.94
DODA,2015-16,492.411,13169.43,,,298.069,564.0473,194.342,752.8957,,,1316.94
DODA,2016-17,558.563,15370.581,,,343.158,686.4663,215.405,850.5918,,,1537.06
DODA,2017-18,589.87,16325.768,,,366.802,743.0572,223.068,889.5196,,,1632.58
DUMKA,2009-10,401.998,13187.911,,,275.469,427.7946,126.529,890.9965,,,1318.79
DUMKA,2010-11,462.27,15282.815,,,323.081,504.6198,139.189,1023.6617,,,1528.28
DUMKA,2011-12,529.341,16950.33,,,363.46,553.083,165.881,1141.95,,,1695.03
DUMKA,2012-13,622.545,17645.875,,,427.665,652.9897,194.88,1111.5978,,,1764.59
DUMKA,2013-14,790.061,20668.998,,,553.428,724.9336,236.633,1341.9662,,,2066.9
DUMKA,2014-15,925.978,25083.841,,,652.304,886.3261,273.674,1622.058,,,2508.38
DUMKA,2015-16,1187.168,29584.159,,,856.582,1042.8363,330.586,1915.5796,,,2958.42
DUMKA,2016-17,1473.084,33185.48,,,1081.505,1310.1307,391.579,2008.4173,,,3318.55
DUMKA,2017-18,1604.773,36732.954,,,1174.51,1433.7333,430.263,2239.5621,,,3673.3
DUNGARPUR,2009-10,535.766,12695.348,,,383.315,564.4493,152.451,705.0855,,,1269.53
DUNGARPUR,2010-11,562.611,13888.422,,,403.374,643.882,159.237,744.9602,,,1388.84
DUNGARPUR,2011-12,627.944,16147.422,,,451.491,766.4341,176.453,848.3081,,,1614.74
DUNGARPUR,2012-13,724.296,18975.724,,,519.637,907.4152,204.659,990.1572,,,1897.57
DUNGARPUR,2013-14,828.486,22728.386,,,596.755,1049.9473,231.731,1222.8913,,,2272.84
DUNGARPUR,2014-15,1064.197,26743.771,,,763.747,1221.153,300.45,1453.2241,,,2674.38
DUNGARPUR,2015-16,1379.794,30208.721,,,1014.857,1357.128,364.937,1663.7441,,,3020.87
DUNGARPUR,2016-17,1524.418,36205.185,,,1129.873,1717.227,394.545,1903.2915,,,3620.52
DUNGARPUR,2017-18,1590.577,37339.671,,,1205.828,1829.9648,384.749,1904.0023,,,3733.97
DURG,2009-10,1722.98,69378.105,,,582.46,809.1181,207.5,711.188,933.02,5417.5044,6937.81
DURG,2010-11,1889.692,84365.182,,,656.694,948.5827,241.968,826.5261,991.03,6661.4094,8436.52
DURG,2011-12,2100.593,103751.808,,,739.653,1146.7291,272.575,1018.09,1088.365,8210.3617,10375.18
DURG,2012-13,1572.651,102248.472,,,249.226,531.5171,111.813,489.7173,1211.612,9203.6128,10224.85
DURG,2013-14,1784.708,115154.109,,,301.613,611.5808,128.952,639.8853,1354.143,10263.9448,11515.41
DURG,2014-15,2320.237,136157.199,,,430.594,698.8048,168.968,714.0543,1720.675,12202.8608,13615.72
DURG,2015-16,2681.105,141149.833,,,526.709,802.7873,202.108,794.6395,1952.288,12517.5565,14114.98
DURG,2016-17,3015.573,159751.762,,,491.291,808.82,360.237,1049.801,2164.045,14116.5552,15975.18
DURG,2017-18,3090.268,170785.448,,,535.446,875.7862,368.61,1150.1125,2186.212,15052.6461,17078.54
EAST GARO HILLS,2009-10,66.807,2224.932,,,51.786,151.8223,15.021,70.6709,,,222.49
EAST GARO HILLS,2010-11,79.16,2813.575,,,60.879,176.9352,18.281,104.4223,,,281.36
EAST GARO HILLS,2011-12,95.113,3838.22,,,71.352,249.231,23.761,134.591,,,383.82
EAST GARO HILLS,2012-13,108.193,4423.46,,,79.678,259.3468,28.515,182.9992,,,442.35
EAST GARO HILLS,2013-14,118.077,4746.138,,,86.23,272.8496,31.847,201.7642,,,474.61
EAST GARO HILLS,2014-15,140.844,4687.21,,,102.749,267.0867,38.095,201.6343,,,468.72
EAST GARO HILLS,2015-16,81.045,2880.627,,,48.108,122.797,32.937,165.2657,,,288.06
EAST GARO HILLS,2016-17,92.602,3839.794,,,56.858,154.4421,35.744,229.5373,,,383.98
EAST GARO HILLS,2017-18,100.192,3814.925,,,61.871,171.8156,38.321,209.6769,,,381.49
EAST GODAVARI,2009-10,4135.973,81609.767,,,1256.148,1434.1289,1587.132,2189.617,1292.693,4537.2308,8160.98
EAST GODAVARI,2010-11,4499.421,94602.269,,,1339.868,1594.0579,1716.433,2504.2511,1443.12,5361.9179,9460.23
EAST GODAVARI,2011-12,5101.939,112043.349,,,1607.715,1896.989,1966.271,2978.2018,1527.953,6329.1441,11204.33
EAST GODAVARI,2012-13,7245.958,134167.14,,,2580.931,2301.8463,2856.732,3678.5388,1808.295,7436.3289,13416.71
EAST GODAVARI,2013-14,8010.886,154919.375,,,2860.971,2726.6335,3167.735,4354.1972,1982.18,8411.1068,15491.94
EAST GODAVARI,2014-15,8798.153,178788.498,,,3146.493,3101.0289,3476.113,4959.7307,2175.547,9818.0902,17878.85
EAST GODAVARI,2015-16,9272.754,207130.577,,,3204.271,4250.6083,3739.663,5602.4809,2328.82,10859.9685,20713.06
EAST GODAVARI,2016-17,9984.258,235575.596,,,3349.132,4126.9017,4109.474,6966.6104,2525.652,12464.0475,23557.56
EAST GODAVARI,2017-18,10158.838,258928.223,,,3431.441,4588.5413,4170.437,7367.4989,2556.96,13936.7821,25892.82
EAST JAINTIA HILLS,2015-16,55.082,4251.724,,,55.082,425.1724,,,,,425.17
EAST JAINTIA HILLS,2016-17,63.239,6037.809,,,63.239,603.7809,,,,,603.78
EAST JAINTIA HILLS,2017-18,64.96,5819.286,,,64.96,581.9286,,,,,581.93
EAST KAMENG,2009-10,13.561,511.24,,,2.652,9.023,10.909,42.101,,,51.12
EAST KAMENG,2010-11,15.788,767.221,,,2.921,8.569,12.867,68.1531,,,76.72
EAST KAMENG,2011-12,17.819,583.668,,,3.207,8.9238,14.612,49.443,,,58.37
EAST KAMENG,2012-13,19.786,876.224,,,3.474,11.5995,16.312,76.0229,,,87.62
EAST KAMENG,2013-14,24.031,1125.27,,,3.828,12.4946,20.203,100.0324,,,112.53
EAST KAMENG,2014-15,35.204,958.592,,,5.524,14.6333,29.68,81.2259,,,95.86
EAST KAMENG,2015-16,40.347,1107.642,,,5.848,13.8682,34.499,96.896,,,110.76
EAST KAMENG,2016-17,48.085,1869.589,,,6.453,22.319,41.632,164.6399,,,186.96
EAST KAMENG,2017-18,52.366,1844.705,,,6.775,20.7029,45.591,163.7676,,,184.47
EAST KHASI HILLS,2009-10,538.134,54935.437,,,129.068,415.3038,34.739,129.6391,374.327,4948.6008,5493.54
EAST KHASI HILLS,2010-11,630.027,69839.146,,,153.12,633.296,41.435,172.8463,435.472,6177.7723,6983.91
EAST KHASI HILLS,2011-12,697.137,77719.423,,,175.025,816.2682,47.357,229.4425,474.755,6726.2316,7771.94
EAST KHASI HILLS,2012-13,762.543,98818.734,,,193.75,801.4099,52.768,300.9455,516.025,8779.518,9881.87
EAST KHASI HILLS,2013-14,828.352,103709.513,,,212.5,948.1189,59.394,349.1698,556.458,9073.6626,10370.95
EAST KHASI HILLS,2014-15,918.839,119004.425,,,244.56,1070.7378,67.7,403.4651,606.579,10426.2396,11900.44
EAST KHASI HILLS,2015-16,1025.829,132709.018,,,275.027,1163.9342,72.662,401.3924,678.14,11705.5752,13270.9
EAST KHASI HILLS,2016-17,1123.632,140830.964,,,307.908,1354.9092,76.001,447.9642,739.723,12280.223,14083.1
EAST KHASI HILLS,2017-18,1144.427,147800.615,,,320.69,1479.6746,78.588,485.1366,745.149,12815.2503,14780.06
EAST NIMAR,2009-10,429.41,12910.36,,,200.172,342.3351,36.692,70.213,192.546,878.4879,1291.04
EAST NIMAR,2010-11,470.884,14143.37,,,235.233,381.1154,29.707,63.6921,205.944,969.5295,1414.34
EAST NIMAR,2011-12,536.547,16385.288,,,267.258,420.2867,35.539,72.2341,233.75,1146.008,1638.53
EAST NIMAR,2012-13,670.445,19594.7,,,344.738,513.5654,46.122,83.2377,279.585,1362.6669,1959.47
EAST NIMAR,2013-14,946.409,21598.808,,,540.516,602.0638,70.157,95.0039,335.736,1462.8131,2159.88
EAST NIMAR,2014-15,1189.08,23577.014,,,697.733,607.7201,102.152,107.8852,389.195,1642.0961,2357.7
EAST NIMAR,2015-16,1474.072,25589.024,,,918.867,706.7092,108.521,112.1043,446.684,1740.0889,2558.9
EAST NIMAR,2016-17,1606.29,31150.173,,,909.005,747.3844,205.024,256.5657,492.261,2111.0672,3115.02
EAST NIMAR,2017-18,1712.271,32506.952,,,967.679,754.6882,222.02,269.481,522.572,2226.526,3250.7
EAST SIANG,2009-10,61.884,2033.164,,,19.763,43.291,42.121,160.0254,,,203.32
EAST SIANG,2010-11,69.142,2564.521,,,23.262,56.6802,45.88,199.7719,,,256.45
EAST SIANG,2011-12,82.461,2848.997,,,33.557,58.2193,48.904,226.6804,,,284.9
EAST SIANG,2012-13,72.672,3615.857,,,27.281,75.0304,45.391,286.5553,,,361.59
EAST SIANG,2013-14,89.189,4311.869,,,33.364,86.0374,55.825,345.1495,,,431.19
EAST SIANG,2014-15,113.512,5034.773,,,44.288,95.1187,69.224,408.3586,,,503.48
EAST SIANG,2015-16,134.146,5601.514,,,53.366,116.4257,80.78,443.7257,,,560.15
EAST SIANG,2016-17,156.877,8446.422,,,62.526,161.0173,94.351,683.6249,,,844.64
EAST SIANG,2017-18,174.496,10445.99,,,71.816,222.2773,102.68,822.3217,,,1044.6
EAST SIKKIM,2009-10,247.176,27608.774,,,87.585,414.6946,159.591,2346.1828,,,2760.88
EAST SIKKIM,2010-11,274.829,28674.461,,,104.839,490.471,169.99,2376.9751,,,2867.45
EAST SIKKIM,2011-12,317.588,34773.653,,,131.696,628.468,185.892,2848.8973,,,3477.37
EAST SIKKIM,2012-13,379.677,43114.359,,,167.428,721.914,212.249,3589.5219,,,4311.44
EAST SIKKIM,2013-14,420.687,43899.656,,,192.788,788.3468,227.899,3601.6188,,,4389.97
EAST SIKKIM,2014-15,466.537,48057.153,,,211.956,951.5886,254.581,3854.1267,,,4805.72
EAST SIKKIM,2015-16,564.845,53120.231,,,260.904,1067.4985,303.941,4244.5246,,,5312.02
EAST SIKKIM,2016-17,626.151,56766.025,,,198.02,849.5624,42.796,223.2145,385.335,4603.8256,5676.6
EAST SIKKIM,2017-18,641.166,70660.113,,,208.509,969.4017,44.403,237.4496,388.254,5859.16,7066.01
ERNAKULAM,2009-10,4685.747,347386.002,,,172.166,733.5624,2078.398,9266.4496,2435.183,24738.5882,34738.6
ERNAKULAM,2010-11,5211.046,411480.39,,,178.721,781.9225,2369.024,10862.3823,2663.301,29503.7342,41148.04
ERNAKULAM,2011-12,5058.422,428798.388,,,190.252,886.4623,2585.056,13185.8762,2283.114,28807.5003,42879.84
ERNAKULAM,2012-13,5902.872,509569.473,,,216.651,973.7181,3100.36,15665.9967,2585.861,34317.2325,50956.95
ERNAKULAM,2013-14,6870.386,576361.553,,,251.905,1203.4851,3727.803,18849.3517,2890.678,37583.3185,57636.16
ERNAKULAM,2014-15,7353.422,674117.639,,,271.008,1396.3474,4037.099,22284.4004,3045.315,43731.0161,67411.76
ERNAKULAM,2015-16,7979.497,741424.702,,,148.161,778.2592,4502.574,25564.3108,3328.762,47799.9002,74142.47
ERNAKULAM,2016-17,8379.968,809458.078,,,107.497,730.4579,4860.15,31025.4383,3412.321,49189.9116,80945.81
ERNAKULAM,2017-18,8876.215,871774.324,,,137.881,959.713,5147.725,33564.4736,3590.609,52653.2458,87177.43
ERODE,2009-10,1860.862,58719.739,,,487.653,1097.0711,808.261,2280.6977,564.948,2494.2051,5871.97
ERODE,2010-11,2081.532,68964.326,,,543.717,1256.8216,934.01,2755.2141,603.805,2884.3969,6896.43
ERODE,2011-12,2259.876,76296.101,,,591.455,1388.2679,1016.535,3103.6425,651.886,3137.6997,7629.61
ERODE,2012-13,2598.892,83995.998,,,698.634,1492.1497,1186.036,3343.1591,714.222,3564.291,8399.6
ERODE,2013-14,3085.647,95531.395,,,872.49,1667.1662,1414.153,3875.555,799.004,4010.4183,9553.14
ERODE,2014-15,3605.646,112430.159,,,1041.21,2007.8244,1675.011,4580.4081,889.425,4654.7834,11243.02
ERODE,2015-16,3794.79,128219.849,,,1033.677,2275.4202,1800.17,5283.3652,960.943,5263.1995,12821.98
ERODE,2016-17,4038.245,152833.355,,,1040.343,2430.4687,1996.945,6541.8104,1000.957,6311.0564,15283.34
ERODE,2017-18,4246.043,163635.335,,,1100.2,2576.4801,2148.433,7068.7651,997.41,6718.2883,16363.53
ETAH,2009-10,691.537,13663.447,,,320.101,338.5461,206.36,314.3568,165.076,713.4418,1366.34
ETAH,2010-11,813.181,15985.577,,,373.374,406.554,237.859,358.0523,201.948,833.9514,1598.56
ETAH,2011-12,860.525,17850.299,,,395.539,446.1685,250.576,397.3307,214.41,941.5307,1785.03
ETAH,2012-13,1017.547,20827.773,,,459.512,497.4555,297.872,474.2239,260.163,1111.0979,2082.78
ETAH,2013-14,1259.887,24335.137,,,571.044,562.5437,387.954,571.0388,300.889,1299.9312,2433.51
ETAH,2014-15,1513.713,26073.82,,,654.788,610.4902,489.712,617.1594,369.213,1379.7324,2607.38
ETAH,2015-16,1702.29,29261.617,,,749.784,677.3631,547.991,723.5212,404.515,1525.2774,2926.16
ETAH,2016-17,1829.235,36349.752,,,714.129,812.2396,660.108,954.597,454.998,1868.1386,3634.98
ETAH,2017-18,2005.864,40447.246,,,814.904,853.5366,712.09,1034.7757,478.87,2156.4123,4044.72
ETAWAH,2009-10,680.19,17859.305,,,298.197,370.5289,149.567,314.8452,232.426,1100.5564,1785.93
ETAWAH,2010-11,765.929,20306.157,,,353.424,447.9941,165.606,356.1689,246.899,1226.4527,2030.62
ETAWAH,2011-12,842.428,22215.308,,,385.52,484.0952,183.706,407.5745,273.202,1329.8611,2221.53
ETAWAH,2012-13,1044.878,26334.475,,,475.871,592.3376,235.363,491.8481,333.644,1549.2618,2633.45
ETAWAH,2013-14,1295.597,33244.69,,,596.359,757.0799,310.033,575.4343,389.205,1991.9548,3324.47
ETAWAH,2014-15,1498.741,40052.201,,,682.581,946.768,348.777,688.4516,467.383,2370.0005,4005.22
ETAWAH,2015-16,1815.123,45488.531,,,836.899,1180.1609,366.859,668.9029,611.365,2699.7893,4548.85
ETAWAH,2016-17,1926.02,59026.033,,,791.925,1407.3182,489.979,1014.0737,644.116,3481.2114,5902.6
ETAWAH,2017-18,1986.608,62538.372,,,825.099,1434.1726,509.202,1124.4205,652.307,3695.2441,6253.84
FAIZABAD,2009-10,1379.957,27589.266,,,771.258,815.0996,203.445,419.3664,405.254,1524.4606,2758.93
FAIZABAD,2010-11,1502.526,33394.885,,,854.595,965.7574,227.297,528.6699,420.634,1845.0612,3339.49
FAIZABAD,2011-12,1603.434,40098.977,,,873.169,1108.1352,270.428,612.7817,459.837,2288.9808,4009.9
FAIZABAD,2012-13,1769.086,47761.225,,,965.24,1419.3383,302.071,745.3991,501.775,2611.3851,4776.12
FAIZABAD,2013-14,2010.46,56138.888,,,1116.307,1694.2386,341.012,868.0844,553.141,3051.5658,5613.89
FAIZABAD,2014-15,2322.225,66199.293,,,1308.493,1944.0109,416.226,1088.2823,597.506,3587.6361,6619.93
FAIZABAD,2015-16,2643.772,72297.215,,,1522.215,2245.6566,433.826,1117.4001,687.731,3866.6648,7229.72
FAIZABAD,2016-17,2884.1,84126.303,,,1675.28,2700.5989,463.287,1268.5148,745.533,4443.5166,8412.63
FAIZABAD,2017-18,3018.967,93307.658,,,1765.444,2994.8918,486.268,1370.0113,767.255,4965.8627,9330.77
FARIDABAD,2009-10,1704.793,128884.74,1460.289,11808.5219,194.732,865.6361,49.772,214.316,,,12888.47
FARIDABAD,2010-11,1866.767,143361.89,1586.177,13068.1337,226.889,1030.3205,53.701,237.7348,,,14336.19
FARIDABAD,2011-12,2021.484,166547.185,1715.906,15185.9916,247,1212.8005,58.578,255.9264,,,16654.72
FARIDABAD,2012-13,2281.237,189786.578,1936.7,17322.5173,279.888,1367.828,64.649,288.3125,,,18978.66
FARIDABAD,2013-14,2631.962,211546.701,2245.507,19139.804,313.674,1615.6091,72.781,399.257,,,21154.67
FARIDABAD,2014-15,3119.874,258880.128,2674.157,23696.5963,365.053,1719.274,80.664,472.1425,,,25888.01
FARIDABAD,2015-16,3607.551,292785.238,3157.133,27719.108,338.802,1040.1609,111.616,519.2549,,,29278.52
FARIDABAD,2016-17,4037.287,343403.635,3534.854,32142.8989,306.617,1335.1089,195.816,862.3557,,,34340.36
FARIDABAD,2017-18,4203.025,379323.695,3668.941,35764.8981,328.23,1307.7068,205.854,859.7646,,,37932.37
FARIDKOT,2009-10,470.227,16777.41,,,86.912,237.5828,383.315,1440.1582,,,1677.74
FARIDKOT,2010-11,514.557,19043.035,,,98.165,260.999,416.392,1643.3045,,,1904.3
FARIDKOT,2011-12,556.394,22124.597,,,104.735,295.6392,451.659,1916.8205,,,2212.46
FARIDKOT,2012-13,659.139,25259.83,,,124.122,355.1881,535.017,2170.7949,,,2525.98
FARIDKOT,2013-14,749.929,28776.52,,,160.957,445.9095,588.972,2431.7425,,,2877.65
FARIDKOT,2014-15,859.96,34226.989,,,201.309,521.807,658.651,2900.8919,,,3422.7
FARIDKOT,2015-16,978.913,37459.772,,,235.76,605.3019,743.153,3140.6753,,,3745.98
FARIDKOT,2016-17,1096.495,44909.23,,,266.992,708.6995,829.503,3782.2235,,,4490.92
FARIDKOT,2017-18,1152.829,47114.999,,,289.676,733.9371,863.153,3977.5628,,,4711.5
FARRUKHABAD,2009-10,820.491,17822.612,,,334.284,336.522,180.051,331.6873,306.156,1114.0519,1782.26
FARRUKHABAD,2010-11,934.576,20785.456,,,383.485,379.7501,203.235,388.5242,347.856,1310.2713,2078.55
FARRUKHABAD,2011-12,1030.774,22361.757,,,429.435,420.1406,222.938,449.4251,378.401,1366.61,2236.18
FARRUKHABAD,2012-13,1166.845,26503.612,,,486.393,494.8343,256.965,531.3431,423.487,1624.1838,2650.36
FARRUKHABAD,2013-14,1343.934,31489.32,,,580.379,598.1454,305.718,637.5342,457.837,1913.2524,3148.93
FARRUKHABAD,2014-15,1606.193,35496.667,,,696.849,682.3018,370.543,728.8598,538.801,2138.5051,3549.67
FARRUKHABAD,2015-16,1841.295,38362.709,,,809.69,753.0551,428.836,797.3794,602.769,2285.8364,3836.27
FARRUKHABAD,2016-17,1957.676,47465.925,,,741.829,837.8523,558.69,1131.3438,657.157,2777.3964,4746.59
FARRUKHABAD,2017-18,2158.129,50249.474,,,863.837,879.0395,613.656,1171.895,680.636,2974.0129,5024.95
FATEHABAD,2009-10,468.175,12390.872,,,119.512,211.5652,348.663,1027.522,,,1239.09
FATEHABAD,2010-11,545.466,15195.501,,,139.283,242.0307,406.183,1277.5194,,,1519.55
FATEHABAD,2011-12,613.439,15355.123,,,144.679,251.0165,468.76,1284.4958,,,1535.51
FATEHABAD,2012-13,718.323,18236.702,,,181.349,278.1947,536.974,1545.4755,,,1823.67
FATEHABAD,2013-14,837.653,19965.532,,,230.555,343.4018,607.098,1653.1514,,,1996.55
FATEHABAD,2014-15,994.815,26760.093,,,279.399,462.0199,715.416,2213.9894,,,2676.01
FATEHABAD,2015-16,1250.13,30600.818,,,377.749,534.6461,872.381,2525.4357,,,3060.08
FATEHABAD,2016-17,1378.103,36782.028,,,409.158,685.7319,968.945,2992.4709,,,3678.2
FATEHABAD,2017-18,1460.258,44486.42,,,445.31,799.3711,1014.948,3649.2709,,,4448.64
FATEHGARH SAHIB,2009-10,557.817,22242.408,,,171.993,529.9871,385.824,1694.2537,,,2224.24
FATEHGARH SAHIB,2010-11,604.431,25186.633,,,192.512,601.8786,411.919,1916.7847,,,2518.66
FATEHGARH SAHIB,2011-12,640.523,31612.839,,,197.974,683.0945,442.549,2478.1894,,,3161.28
FATEHGARH SAHIB,2012-13,733.268,33310.301,,,231.633,756.5753,501.635,2574.4548,,,3331.03
FATEHGARH SAHIB,2013-14,839.123,37387.905,,,279.103,887.4983,560.02,2851.2922,,,3738.79
FATEHGARH SAHIB,2014-15,949.154,41831.643,,,326.976,1003.2761,622.178,3179.8882,,,4183.16
FATEHGARH SAHIB,2015-16,1104.3,45691.811,,,368.314,1110.5235,735.986,3458.6576,,,4569.18
FATEHGARH SAHIB,2016-17,1218.228,54592.47,,,331.882,1041.8481,886.346,4417.3989,,,5459.25
FATEHGARH SAHIB,2017-18,1271.708,57611.829,,,352.002,1137.7761,919.706,4623.4068,,,5761.18
FATEHPUR,2009-10,1117.84,18503.276,,,668.423,698.7287,277.669,423.952,171.748,727.6469,1850.33
FATEHPUR,2010-11,1241.445,21376.736,,,751.473,812.8225,304.369,494.5236,185.603,830.3275,2137.67
FATEHPUR,2011-12,1358.114,24945.465,,,819.969,944.9903,326.53,580.1843,211.615,969.3719,2494.55
FATEHPUR,2012-13,1538.72,31846.975,,,922.76,1183.5079,370.259,731.664,245.701,1269.5256,3184.7
FATEHPUR,2013-14,1838.931,39379.139,,,1113.703,1524.1787,434.371,917.6573,290.857,1496.0779,3937.91
FATEHPUR,2014-15,2212.451,44482.986,,,1320.416,1743.1094,517.696,1041.1141,374.339,1664.0751,4448.3
FATEHPUR,2015-16,2545.264,48618.43,,,1540.317,1935.2815,572.317,1125.5351,432.63,1801.0264,4861.84
FATEHPUR,2016-17,2739.8,60138.052,,,1491.112,2199.5598,792.692,1655.5555,455.996,2158.6899,6013.81
FATEHPUR,2017-18,2832.087,67182.611,,,1555.923,2498.6814,810.133,1807.8349,466.031,2411.7448,6718.26
FAZILKA,2011-12,801.543,22007.376,,,247.176,477.9818,309.583,849.4049,244.784,873.3509,2200.74
FAZILKA,2012-13,950.394,25834.907,,,310.759,559.5861,367.152,1029.132,272.483,994.7726,2583.49
FAZILKA,2013-14,1024.428,27759.275,,,360.136,641.2342,359.198,1036.0087,305.094,1098.6846,2775.93
FAZILKA,2014-15,1238.244,31353.547,,,434.706,749.5062,461.771,1159.8668,341.767,1225.9817,3135.35
FAZILKA,2015-16,1476.013,34371.207,,,542.781,822.4321,553.281,1259.6067,379.951,1355.0819,3437.12
FAZILKA,2016-17,1873.036,44949.056,,,647.772,1069.2965,799.294,1816.1832,425.97,1609.4259,4494.91
FAZILKA,2017-18,1819.216,44503.96,,,694.735,1134.3154,683.998,1633.2464,440.483,1682.8342,4450.4
FEROZPUR,2009-10,1208.904,36424.998,,,300.056,680.0456,705.193,2301.9127,203.655,660.5415,3642.5
FEROZPUR,2010-11,1407.773,42376.571,,,362.795,781.0456,823.157,2683.0628,221.821,773.5487,4237.66
FEROZPUR,2011-12,777.983,26019.245,,,186.601,397.0157,591.382,2204.9088,,,2601.92
FEROZPUR,2012-13,875.337,30149.085,,,232.775,472.0171,642.562,2542.8914,,,3014.91
FEROZPUR,2013-14,1093.191,36682.726,,,293.49,613.5874,799.701,3054.6852,,,3668.27
FEROZPUR,2014-15,1276.303,45966.016,,,361.012,724.9856,915.291,3871.616,,,4596.6
FEROZPUR,2015-16,1504.435,47795.032,,,433.198,749.251,1071.237,4030.2522,,,4779.5
FEROZPUR,2016-17,1576.55,53159.836,,,465.9,800.631,439.357,1409.2947,671.293,3106.0579,5315.98
FEROZPUR,2017-18,1775.716,57840.962,,,490.034,850.8522,612.7,1742.1824,672.982,3191.0616,5784.1
FIROZABAD,2009-10,974.515,22161.365,,,300.81,305.0011,377.737,914.417,295.968,996.7184,2216.14
FIROZABAD,2010-11,1115.586,26039.579,,,349.257,343.249,432.703,1073.5559,333.626,1187.153,2603.96
FIROZABAD,2011-12,1226.225,29561.279,,,391.519,372.0069,478.84,1181.1338,355.866,1402.9872,2956.13
FIROZABAD,2012-13,1380.744,33608.407,,,431.65,428.192,548.952,1398.3053,400.142,1534.3434,3360.84
FIROZABAD,2013-14,1616.832,39712.27,,,520.992,516.8677,628.838,1695.7318,467.002,1758.6275,3971.23
FIROZABAD,2014-15,2096.618,45873.379,,,652.563,628.9895,833.287,1950.2731,610.768,2008.0753,4587.34
FIROZABAD,2015-16,2486.159,51497.479,,,771.879,685.3364,991.772,2119.0973,722.508,2345.3142,5149.75
FIROZABAD,2016-17,2664.989,63799.942,,,695.191,727.9522,766.183,1504.0357,1203.615,4148.0063,6379.99
FIROZABAD,2017-18,2781.186,67842.492,,,761.62,758.8441,774.518,1599.0762,1245.048,4426.3289,6784.25
GADAG,2009-10,819.718,13873.343,,,290.729,229.2606,332.986,483.2037,196.003,674.87,1387.33
GADAG,2010-11,778.68,16725.416,,,235.321,296.37,330.97,570.1531,212.389,806.0185,1672.54
GADAG,2011-12,945.761,18510.495,,,326.236,326.8986,379.203,634.0583,240.322,890.0926,1851.05
GADAG,2012-13,1105.863,21151.771,,,382.577,392.4793,440.048,713.3834,283.238,1009.3144,2115.18
GADAG,2013-14,1253.489,25415.99,,,433.639,495.3817,503.436,843.5011,316.414,1202.7162,2541.6
GADAG,2014-15,1521.29,29403.451,,,551.855,549.9869,597.041,972.8618,372.394,1417.4964,2940.35
GADAG,2015-16,1642.913,33013.055,,,609.447,745.0433,641.081,1053.6193,392.385,1502.6429,3301.31
GADAG,2016-17,1789.263,39631.331,,,636.705,857.8362,728.019,1339.8285,424.539,1765.4684,3963.13
GADAG,2017-18,1848.355,41110.595,,,661.178,862.9964,748.827,1372.3903,438.35,1875.6728,4111.06
GADCHIROLI,2009-10,343.122,7560.447,,,206.96,251.3291,136.162,504.7156,,,756.04
GADCHIROLI,2010-11,395.889,8856.945,,,233.53,304.6099,162.359,581.0846,,,885.69
GADCHIROLI,2011-12,483.947,11734.498,,,277.823,396.7576,206.124,776.6922,,,1173.45
GADCHIROLI,2012-13,566.174,14125.249,,,315.484,436.4205,250.69,976.1044,,,1412.52
GADCHIROLI,2013-14,679.563,16319.796,,,363.279,498.2929,316.284,1133.6867,,,1631.98
GADCHIROLI,2014-15,796.092,18056.891,,,428.672,549.2316,367.42,1256.4575,,,1805.69
GADCHIROLI,2015-16,891.66,20880.456,,,478.641,596.8246,413.019,1491.221,,,2088.05
GADCHIROLI,2016-17,966.396,23988.473,,,517.259,720.8813,449.137,1677.966,,,2398.85
GADCHIROLI,2017-18,1055.673,28985.387,,,567.985,832.8144,487.688,2065.7243,,,2898.54
GAJAPATI,2009-10,226.761,5094.544,,,138.768,192.2125,87.993,317.2419,,,509.45
GAJAPATI,2010-11,289.531,6657.624,,,176.359,244.5096,113.172,421.2528,,,665.76
GAJAPATI,2011-12,337.435,8007.439,,,209.909,282.7211,127.526,518.0228,,,800.74
GAJAPATI,2012-13,382,9118.488,,,238.733,340.7947,143.267,571.0541,,,911.85
GAJAPATI,2013-14,435.972,10862.243,,,277.854,399.1975,158.118,687.0268,,,1086.22
GAJAPATI,2014-15,534.986,12849.07,,,349.346,528.0254,185.64,756.8816,,,1284.91
GAJAPATI,2015-16,585.504,14634.497,,,394.794,637.8917,190.71,825.558,,,1463.45
GAJAPATI,2016-17,656.982,16624.303,,,444.894,754.8793,212.088,907.551,,,1662.43
GAJAPATI,2017-18,697.104,17069.173,,,476.9,776.1703,220.204,930.747,,,1706.92
GANDERBAL,2009-10,132.076,3189.88,,,98.732,205.0672,33.344,113.9208,,,318.99
GANDERBAL,2010-11,151.807,3975.87,,,112.14,248.7724,39.667,148.8146,,,397.59
GANDERBAL,2011-12,196.311,5104.263,,,143.435,313.935,52.876,196.4913,,,510.43
GANDERBAL,2012-13,261.694,7101.8,,,206.859,463.7697,54.835,246.4103,,,710.18
GANDERBAL,2013-14,306.509,7148.032,,,244.365,491.3772,62.144,223.426,,,714.8
GANDERBAL,2014-15,358.018,7380.114,,,289.176,513.6348,68.842,224.3766,,,738.01
GANDERBAL,2015-16,373.023,7994.715,,,293.324,525.4168,79.699,274.0547,,,799.47
GANDERBAL,2016-17,407.102,9196.226,,,296.897,551.3003,110.205,368.3223,,,919.62
GANDERBAL,2017-18,444.141,10183.22,,,330.749,625.769,113.392,392.553,,,1018.32
GANDHINAGAR,2009-10,974.871,88570.752,,,265.61,939.6043,83.413,198.8266,625.848,7718.6443,8857.08
GANDHINAGAR,2010-11,1101.568,114214.406,,,287.234,1369.2261,129.794,382.4013,684.54,9669.8132,11421.44
GANDHINAGAR,2011-12,1223.777,134997.132,,,336.308,1599.5468,155.635,472.1283,731.834,11428.0381,13499.71
GANDHINAGAR,2012-13,1430.743,168514.001,,,425.244,2000.9428,192.156,558.4538,813.343,14292.0035,16851.4
GANDHINAGAR,2013-14,1731.452,199605.727,,,583.463,2517.0618,236.843,664.2735,911.146,16779.2374,19960.57
GANDHINAGAR,2014-15,2081.281,219312.775,,,718.887,3307.0999,287.38,776.7137,1075.014,17847.4639,21931.28
GANDHINAGAR,2015-16,2266.648,238609.629,,,803.516,3821.9721,311.179,860.3631,1151.953,19178.6277,23860.96
GANDHINAGAR,2016-17,2559.842,272584.127,,,637.637,1972.7711,512.926,2815.8374,1409.279,22469.8042,27258.41
GANDHINAGAR,2017-18,2623.484,299226.111,,,660.363,2148.7276,526.43,3123.7846,1436.691,24650.0989,29922.61
GANGANAGAR,2009-10,1163.294,30433.217,,,297.521,479.8804,420.912,1042.626,444.861,1520.8153,3043.32
GANGANAGAR,2010-11,1252.82,33802.478,,,328.674,546.8154,470.292,1168.8422,453.854,1664.5902,3380.25
GANGANAGAR,2011-12,1363.562,41303.472,,,361.989,659.8981,518.161,1416.8714,483.412,2053.5777,4130.35
GANGANAGAR,2012-13,1556.02,47290.341,,,408.579,747.9859,609.484,1661.7426,537.957,2319.3056,4729.03
GANGANAGAR,2013-14,1797.362,51588.883,,,522.532,838.5416,702.066,1809.048,572.764,2511.2987,5158.89
GANGANAGAR,2014-15,2148.309,58832.227,,,664.445,978.9143,848.31,2078.5361,635.554,2825.7723,5883.22
GANGANAGAR,2015-16,2777.282,66318.294,,,911.088,1158.8688,1138.803,2307.5217,727.391,3165.4389,6631.83
GANGANAGAR,2016-17,2978.015,77855.417,,,933.228,1245.2828,1276.11,2815.1559,768.677,3725.103,7785.54
GANGANAGAR,2017-18,3198.02,83065.326,,,1024.398,1306.157,1370.774,2993.9447,802.848,4006.4309,8306.53
GANJAM,2009-10,2066.968,50915.934,,,955.203,1535.0168,599.515,1398.3553,512.25,2158.2213,5091.59
GANJAM,2010-11,2498.166,60139.008,,,1155.683,1740.7074,774.11,1689.5256,568.373,2583.6678,6013.9
GANJAM,2011-12,2894.975,71962.705,,,1360.175,2014.1539,915.459,2076.5133,619.341,3105.6033,7196.27
GANJAM,2012-13,3294.447,85856.338,,,1533.037,2416.8168,1065.272,2418.2023,696.138,3750.6147,8585.63
GANJAM,2013-14,3774.603,100542.465,,,1752.515,2852.8232,1255.482,2938.4065,766.606,4263.0168,10054.25
GANJAM,2014-15,4438.978,118075.511,,,2037.702,3267.8225,1517.514,3462.0205,883.762,5077.7081,11807.55
GANJAM,2015-16,4575.176,129219.204,,,2058.961,3532.0331,1560.515,3689.2475,955.7,5700.6398,12921.92
GANJAM,2016-17,5093.461,151291.786,,,2227.581,4020.6955,1831.939,4504.1178,1033.941,6604.3653,15129.18
GANJAM,2017-18,5315.05,165577.204,,,2354.891,4401.6725,1905.78,4904.0838,1054.379,7251.9641,16557.72
GARHWA,2009-10,268.31,7524.757,,,188.248,330.9779,80.062,421.4978,,,752.48
GARHWA,2010-11,321.64,8643.268,,,223.046,365.1219,98.594,499.2049,,,864.33
GARHWA,2011-12,361.776,10026.773,,,254.282,434.852,107.494,567.8253,,,1002.68
GARHWA,2012-13,411.685,11966.394,,,282.991,529.3144,128.694,667.325,,,1196.64
GARHWA,2013-14,549.416,12184.21,,,376.182,567.942,173.234,650.479,,,1218.42
GARHWA,2014-15,786.7,13920.942,,,526.227,649.5427,260.473,742.5515,,,1392.09
GARHWA,2015-16,997.578,15874.34,,,673.77,746.6148,323.808,840.8192,,,1587.43
GARHWA,2016-17,1155.011,18492.626,,,734.027,831.3464,420.984,1017.9162,,,1849.26
GARHWA,2017-18,1290.238,19927.257,,,822.055,867.7409,468.183,1124.9848,,,1992.73
GARHWAL,2009-10,657.829,22634.088,,,425.79,1093.7036,232.039,1169.7052,,,2263.41
GARHWAL,2010-11,727.422,26448.507,,,466.439,1224.7693,260.983,1420.0814,,,2644.85
GARHWAL,2011-12,798.357,30302.53,,,504.202,1397.5404,294.155,1632.7126,,,3030.25
GARHWAL,2012-13,889.363,34700.909,,,555.482,1569.8383,333.881,1900.2526,,,3470.09
GARHWAL,2013-14,977.842,38299.412,,,616.096,1767.5607,361.746,2062.3805,,,3829.94
GARHWAL,2014-15,1115.058,44549.269,,,710.042,2064.6027,405.016,2390.3242,,,4454.93
GARHWAL,2015-16,1201.873,48299.977,,,753.64,2249.0541,448.233,2580.9436,,,4830
GARHWAL,2016-17,1311.511,58723.969,,,820.825,2813.9491,490.686,3058.4478,,,5872.4
GARHWAL,2017-18,1343.578,64132.368,,,846.771,3094.1282,496.807,3319.1086,,,6413.24
GARIYABAND,2012-13,195.206,4344.114,,,165.189,325.4959,30.017,108.9155,,,434.41
GARIYABAND,2013-14,226.922,5014.304,,,187.378,369.0399,39.544,132.3905,,,501.43
GARIYABAND,2014-15,440.625,5995.48,,,377.882,447.5453,62.743,152.0027,,,599.55
GARIYABAND,2015-16,538.847,6859.89,,,465.055,489.106,73.792,196.883,,,685.99
GARIYABAND,2016-17,685.723,8886.094,,,412.442,316.7375,273.281,571.8719,,,888.61
GARIYABAND,2017-18,707.818,9647.383,,,423.201,345.1154,284.617,619.6229,,,964.74
GAUTAM BUDDHA NAGAR,2009-10,2198.306,302252.97,,,389.408,2617.8009,128.437,569.9123,1680.461,27037.5838,30225.3
GAUTAM BUDDHA NAGAR,2010-11,2503.288,351369.047,,,429.861,3034.2004,151.808,625.5141,1921.619,31477.1902,35136.9
GAUTAM BUDDHA NAGAR,2011-12,2877.221,412570.471,,,511.831,5796.1696,175.668,809.9633,2189.722,34650.9142,41257.05
GAUTAM BUDDHA NAGAR,2012-13,3284.46,485888.018,,,570.758,4114.8887,205.984,883.3997,2507.718,43590.5134,48588.8
GAUTAM BUDDHA NAGAR,2013-14,3706.641,586319.014,,,647.942,4501.8523,235.191,1092.899,2823.508,53037.1501,58631.9
GAUTAM BUDDHA NAGAR,2014-15,4346.982,614220.4,,,740.949,3765.2526,281.55,1255.9264,3324.483,56400.861,61422.04
GAUTAM BUDDHA NAGAR,2015-16,5081.476,667959.447,,,730.34,4193.556,376.23,1393.9501,3974.906,61208.4386,66795.94
GAUTAM BUDDHA NAGAR,2016-17,5845.764,751275.188,,,634.491,3049.1475,488.29,2274.1567,4722.983,69804.2146,75127.52
GAUTAM BUDDHA NAGAR,2017-18,6137.317,770948.51,,,673.754,3255.81,511.724,2261.2243,4951.839,71577.8167,77094.85
GAYA,2009-10,1362.12,39178.027,,,738.351,1243.4576,153.794,564.4513,469.975,2109.8938,3917.8
GAYA,2010-11,1636.038,46547.39,,,890.478,1419.0417,214.367,580.4784,531.193,2655.2189,4654.74
GAYA,2011-12,1845.657,54541.97,,,1046.653,1661.0833,221.99,799.8288,577.014,2993.2849,5454.2
GAYA,2012-13,1629.936,57073.836,,,797.142,1480.9087,211.284,881.3932,621.51,3345.0817,5707.38
GAYA,2013-14,2289.584,76078.303,,,1261.155,2447.3708,307.471,1106.8145,720.958,4053.645,7607.83
GAYA,2014-15,2845.948,86843.494,,,1544.039,2759.1558,395.148,1366.7294,906.761,4558.4642,8684.35
GAYA,2015-16,4006.421,100242.341,,,2490.99,3114.9309,498.287,1386.7051,1017.144,5522.5981,10024.23
GAYA,2016-17,5014.264,132671.303,,,3148.405,4178.9362,685.594,1796.9788,1180.265,7291.2153,13267.13
GAYA,2017-18,4864.377,132427.048,,,3045.095,4170.9979,657.513,1970.8724,1161.769,7100.8345,13242.7
GHAZIABAD,2009-10,3062.31,158488.132,,,480.713,1504.9755,281.92,819.9163,2299.677,13523.9214,15848.81
GHAZIABAD,2010-11,3376.192,192323.117,,,520.638,1822.7268,300.256,949.9095,2555.298,16459.6754,19232.31
GHAZIABAD,2011-12,2989.445,198855.898,,,332.083,1615.2868,175.298,812.363,2482.064,17457.94,19885.59
GHAZIABAD,2012-13,3385.956,238071.46,,,370.624,1791.9665,219.608,936.608,2795.724,21078.5715,23807.15
GHAZIABAD,2013-14,3818.351,282116.382,,,432.623,1911.4031,267.252,1102.7784,3118.476,25197.4567,28211.64
GHAZIABAD,2014-15,4544.14,323807.555,,,516.141,2097.7616,330.182,1104.4592,3697.817,29178.5347,32380.76
GHAZIABAD,2015-16,5156.248,364986.059,,,421.46,1223.6962,366.625,1051.8235,4368.163,34223.0862,36498.61
GHAZIABAD,2016-17,5577.898,442894.214,4057.288,39094.4931,391.648,1315.5985,384.176,1259.0011,744.786,2620.3287,44289.42
GHAZIABAD,2017-18,5751.873,481847.45,4189.95,42263.5878,407.082,1538.3099,393.441,1464.3802,761.4,2918.4671,48184.74
GHAZIPUR,2009-10,2008.751,36918.231,,,1145.102,1490.1364,597.819,1232.3037,265.83,969.383,3691.82
GHAZIPUR,2010-11,2174.869,44828.714,,,1242.792,1800.431,632.891,1466.2157,299.186,1216.2247,4482.87
GHAZIPUR,2011-12,2557.128,49272.168,,,1556.912,2027.017,687.696,1571.6679,312.52,1328.5319,4927.22
GHAZIPUR,2012-13,2942.866,59995.785,,,1817.568,2475.1655,775.119,1865.7647,350.179,1658.6483,5999.58
GHAZIPUR,2013-14,3277.094,69906.864,,,2029.239,2920.3769,852.335,2177.9117,395.52,1892.3978,6990.69
GHAZIPUR,2014-15,3730.684,78730.037,,,2353.87,3376.2832,943.498,2414.6034,433.316,2082.1171,7873
GHAZIPUR,2015-16,4132.903,88060.394,,,2624.497,3882.5142,1033.535,2650.8762,474.871,2272.649,8806.04
GHAZIPUR,2016-17,4634.514,109847.971,,,2878.793,4969.1684,1193.884,3357.8504,561.837,2657.7783,10984.8
GHAZIPUR,2017-18,4823.864,133601.753,,,2999.961,6423.9726,1238.51,3823.194,585.393,3113.0087,13360.18
GIR SOMNATH,2014-15,1.836,36.994,,,1.836,3.6994,,,,,3.7
GIR SOMNATH,2015-16,1192.442,34821.43,,,367.325,563.1752,489.022,1305.0781,336.095,1613.8897,3482.14
GIR SOMNATH,2016-17,1339.056,44941.061,,,408.232,761.1943,565.703,1727.8525,365.121,2005.0593,4494.11
GIR SOMNATH,2017-18,1390.546,46124.992,,,439.26,797.4871,580.369,1773.8287,370.917,2041.1834,4612.5
GIRIDIH,2009-10,770.77,20696.509,,,584.482,1242.2627,186.288,827.3882,,,2069.65
GIRIDIH,2010-11,850.11,24230.955,,,646.816,1485.845,203.294,937.2505,,,2423.1
GIRIDIH,2011-12,1128.381,29881.985,,,888.66,1819.8133,239.721,1168.3852,,,2988.2
GIRIDIH,2012-13,1227.652,33021.575,,,963.998,1955.2413,263.654,1346.9162,,,3302.16
GIRIDIH,2013-14,1477.293,37619.618,,,1176.684,2231.277,300.609,1530.6848,,,3761.96
GIRIDIH,2014-15,1694.938,43145.719,,,1353.568,2627.6114,341.37,1686.9605,,,4314.57
GIRIDIH,2015-16,2251.727,52232.432,,,1805.288,2922.8915,446.439,2300.3517,,,5223.24
GIRIDIH,2016-17,2577.831,60689.109,,,2001.717,3481.8506,172.334,323.4457,403.78,2263.6146,6068.91
GIRIDIH,2017-18,2848.449,64335.815,,,2224.715,3724.1118,188.706,350.3841,435.028,2359.0856,6433.58
GOALPARA,2009-10,271.655,5144.604,,,159.74,195.0125,111.915,319.4479,,,514.46
GOALPARA,2010-11,300.888,6721.199,,,180.628,252.5726,120.26,419.5473,,,672.12
GOALPARA,2011-12,362.531,7765.615,,,210.86,288.2129,151.671,488.3486,,,776.56
GOALPARA,2012-13,435.605,8893.388,,,228.84,319.4499,206.765,569.8889,,,889.34
GOALPARA,2013-14,542.286,10194.823,,,277.215,373.0893,265.071,646.393,,,1019.48
GOALPARA,2014-15,732.117,11872.439,,,375.277,417.1854,356.84,770.0585,,,1187.24
GOALPARA,2015-16,860.321,12000.112,,,452.135,468.3868,408.186,731.6244,,,1200.01
GOALPARA,2016-17,1155.519,14796.791,,,618.898,640.6785,536.621,839.0006,,,1479.68
GOALPARA,2017-18,1204.08,16639.117,,,661.596,740.7161,542.484,923.1956,,,1663.91
GODDA,2009-10,357.673,9673.607,,,286.486,535.6217,71.187,431.739,,,967.36
GODDA,2010-11,407.127,11490.485,,,328.683,663.6604,78.444,485.3881,,,1149.05
GODDA,2011-12,472.093,13001.688,,,368.554,734.0489,103.539,566.1199,,,1300.17
GODDA,2012-13,560.377,14879.489,,,433.528,803.9539,126.849,683.995,,,1487.95
GODDA,2013-14,706.771,16242.992,,,553.289,885.1373,153.482,739.1619,,,1624.3
GODDA,2014-15,875.268,18998.891,,,696.596,1080.2165,178.672,819.6726,,,1899.89
GODDA,2015-16,1121.769,22779.486,,,888.722,1207.6778,233.047,1070.2708,,,2277.95
GODDA,2016-17,1398.466,31801.507,,,1020.294,1548.6765,378.172,1631.4742,,,3180.15
GODDA,2017-18,1505.035,36304.511,,,1107.177,1581.5743,397.858,2048.8768,,,3630.45
GOLAGHAT,2009-10,473.616,8501.854,,,333.427,426.5697,140.189,423.6157,,,850.19
GOLAGHAT,2010-11,526.216,10855.675,,,364.655,541.6883,161.561,543.8792,,,1085.57
GOLAGHAT,2011-12,583.594,11296.507,,,399.232,509.1932,184.362,620.4575,,,1129.65
GOLAGHAT,2012-13,654.864,13577.331,,,442.469,581.2139,212.395,776.5192,,,1357.73
GOLAGHAT,2013-14,763.564,15957.733,,,522.437,703.0902,241.127,892.6831,,,1595.77
GOLAGHAT,2014-15,953.905,22828.69,,,663.219,828.433,290.686,1454.436,,,2282.87
GOLAGHAT,2015-16,1176.247,24486.194,,,827.957,1255.3591,348.29,1193.2603,,,2448.62
GOLAGHAT,2016-17,1479.028,26191.878,,,909.74,1034.3634,569.288,1584.8244,,,2619.19
GOLAGHAT,2017-18,1605.093,26362.209,,,993.106,998.9985,611.987,1637.2224,,,2636.22
GOMATI,2012-13,269.677,7016.295,,,152.115,199.4559,117.562,502.1736,,,701.63
GOMATI,2013-14,365.35,8305.437,,,216.371,247.4948,148.979,583.0489,,,830.54
GOMATI,2014-15,448.032,9887.383,,,260.312,300.8275,187.72,687.9108,,,988.74
GOMATI,2015-16,315.074,3889.487,,,315.074,388.9487,,,,,388.95
GOMATI,2016-17,349.363,4693.46,,,349.363,469.346,,,,,469.35
GOMATI,2017-18,381.598,5192.178,,,381.598,519.2178,,,,,519.22
GONDA,2009-10,1488.782,26687.242,,,1049.227,1373.1821,231.424,367.4366,208.131,928.1055,2668.72
GONDA,2010-11,1720.023,29897.1,,,1200.15,1560.2349,266.631,423.9799,253.242,1005.4952,2989.71
GONDA,2011-12,1831.537,33640.929,,,1280.866,1751.1211,290.309,485.4478,260.362,1127.524,3364.09
GONDA,2012-13,2114.902,39646.429,,,1481.61,2027.2177,333.083,563.9149,300.209,1373.5103,3964.64
GONDA,2013-14,2267.116,45402.186,,,1581.621,2334.4018,358.051,670.5052,327.444,1535.3116,4540.22
GONDA,2014-15,2686.997,52305.184,,,1865.783,2686.2949,437.024,760.8219,384.19,1783.4016,5230.52
GONDA,2015-16,3325.337,58200.917,,,2331.814,3053.9991,536.051,871.6227,457.472,1894.4699,5820.09
GONDA,2016-17,3677.697,70141.47,,,2343.596,3433.1881,829.985,1348.2145,504.116,2232.7444,7014.15
GONDA,2017-18,3915.765,77301.4,,,2513.258,3832.9166,873.837,1442.4547,528.67,2454.7687,7730.14
GONDIA,2009-10,478.347,10045.691,,,267.497,298.2848,65.367,131.5409,145.483,574.7434,1004.57
GONDIA,2010-11,578.389,12793.463,,,314.36,346.4352,84.011,167.9579,180.018,764.9532,1279.35
GONDIA,2011-12,688.203,15642.193,,,383.618,413.4469,95.861,214.1848,208.724,936.5876,1564.22
GONDIA,2012-13,838.412,18768.736,,,475.814,525.8916,116.118,243.4238,246.48,1107.5582,1876.87
GONDIA,2013-14,1069.498,21294.356,,,602.987,618.4119,162.136,293.4134,304.375,1217.6103,2129.44
GONDIA,2014-15,1269.003,24419.582,,,706.7,684.9255,197.382,322.0299,364.921,1435.0028,2441.96
GONDIA,2015-16,1458.194,26603.417,,,816.469,731.0483,233.69,340.7368,408.035,1588.5566,2660.34
GONDIA,2016-17,1587.828,32153.638,,,866.894,881.0384,285.134,458.705,435.8,1875.6204,3215.36
GONDIA,2017-18,1702.731,35298.642,,,943.487,1003.5916,298.027,510.2613,461.217,2016.0113,3529.86
GOPALGANJ,2009-10,812.914,20452.387,,,559.256,1019.5727,253.658,1025.666,,,2045.24
GOPALGANJ,2010-11,902.342,23506.469,,,569.724,1113.2356,332.618,1237.4113,,,2350.65
GOPALGANJ,2011-12,1043.558,26854.1,,,673.294,1242.1033,370.264,1443.3067,,,2685.41
GOPALGANJ,2012-13,1248.787,31118.937,,,816.133,1425.9637,432.654,1685.93,,,3111.89
GOPALGANJ,2013-14,1423.355,36315.1,,,925.168,1703.2061,498.187,1928.3039,,,3631.51
GOPALGANJ,2014-15,1781.329,42463.366,,,1180.826,2027.511,600.503,2218.8256,,,4246.34
GOPALGANJ,2015-16,2270.646,49003.225,,,1501.96,2300.9478,768.686,2599.3747,,,4900.32
GOPALGANJ,2016-17,2374.221,58381.75,,,1481.558,2719.7574,892.663,3118.4176,,,5838.18
GOPALGANJ,2017-18,2895.274,63213.719,,,1852.729,2930.8815,1042.545,3390.4904,,,6321.37
GORAKHPUR,2009-10,2531.532,92187.002,,,1230.892,2004.2953,241.686,565.3943,1058.954,6649.0106,9218.7
GORAKHPUR,2010-11,2906.386,100043.342,,,1416.831,2326.35,290.038,641.8245,1199.517,7036.1597,10004.33
GORAKHPUR,2011-12,3183.785,118213.736,,,1607.103,2708.6029,324.43,737.0678,1252.252,8375.7029,11821.37
GORAKHPUR,2012-13,3804.702,144389.778,,,1997.688,3214.4735,414.201,929.335,1392.813,10295.1693,14438.98
GORAKHPUR,2013-14,4281.789,179447.973,,,2249.088,3829.0168,493.471,1158.5286,1539.23,12957.2519,17944.8
GORAKHPUR,2014-15,5082.793,209222.98,,,2646.362,4386.9891,622.335,1349.6402,1814.096,15185.6687,20922.3
GORAKHPUR,2015-16,5753.711,231108.969,,,2878.716,4667.4193,780.17,1629.8045,2094.825,16813.6731,23110.9
GORAKHPUR,2016-17,6212.228,250540.005,,,3025.359,5541.6883,888.814,2036.7995,2298.055,17475.5127,25054
GORAKHPUR,2017-18,6460.171,259491.397,,,3151.385,6349.1188,930.96,2277.1951,2377.826,17322.8258,25949.14
GULBARGA,2009-10,1602.52,39725.822,,,576.474,673.936,500.361,1063.3745,525.685,2235.2717,3972.58
GULBARGA,2010-11,1460.09,41188.14,,,528.19,625.6296,306.331,719.6723,625.569,2773.5121,4118.81
GULBARGA,2011-12,1471.5,45018.059,,,569.764,606.2488,295.11,809.1869,606.626,3086.3702,4501.81
GULBARGA,2012-13,1741.081,55909.901,,,650.288,697.8495,376.066,956.3089,714.727,3936.8317,5590.99
GULBARGA,2013-14,1916.152,60984.127,,,599.81,729.2661,470.701,1106.4742,845.641,4262.6724,6098.41
GULBARGA,2014-15,2299.554,70968.682,,,695.056,771.6087,617.036,1280.7516,987.462,5044.5079,7096.87
GULBARGA,2015-16,2624.642,82409.684,,,824.617,895.9028,723.647,1430.3001,1076.378,5914.7655,8240.97
GULBARGA,2016-17,3266.28,110861.128,,,927.236,997.4805,1052.356,2024.7375,1286.688,8063.8948,11086.11
GULBARGA,2017-18,3303.011,109344.424,,,1006.051,1149.5499,1061.852,1943.1361,1235.108,7841.7564,10934.44
GUMLA,2009-10,342.636,7730.874,,,235.754,331.9258,106.882,441.1616,,,773.09
GUMLA,2010-11,408.909,9705.671,,,287.079,434.5226,121.83,536.0445,,,970.57
GUMLA,2011-12,447.193,10917.131,,,314.738,465.9812,132.455,625.7319,,,1091.71
GUMLA,2012-13,479.585,12447.592,,,331.717,516.163,147.868,728.5962,,,1244.76
GUMLA,2013-14,570.811,13534.171,,,388.304,558.3518,182.507,795.0653,,,1353.42
GUMLA,2014-15,685.171,14878.403,,,465.62,631.4817,219.551,856.3586,,,1487.84
GUMLA,2015-16,899.405,17026.024,,,633.096,708.758,266.309,993.8444,,,1702.6
GUMLA,2016-17,1036.908,20904.087,,,641.344,760.7308,395.564,1329.6779,,,2090.41
GUMLA,2017-18,1128.819,22616.819,,,705.832,818.7131,422.987,1442.9688,,,2261.68
GUNA,2009-10,441.54,10987.448,,,158.761,189.4533,113.259,218.8867,169.52,690.4048,1098.74
GUNA,2010-11,493.381,12171.939,,,174.388,196.1378,129.352,251.5356,189.641,769.5205,1217.19
GUNA,2011-12,578.76,13709.729,,,195.405,207.7005,157.732,294.9847,225.623,868.2877,1370.97
GUNA,2012-13,585.695,16025.754,,,181.573,231.8003,167.534,350.4767,236.588,1020.2984,1602.58
GUNA,2013-14,813.293,19357.418,,,284.936,255.7768,232.37,404.2128,295.987,1275.7522,1935.74
GUNA,2014-15,1065.897,21401.084,,,383.759,258.4782,318.209,451.6383,363.929,1429.9919,2140.11
GUNA,2015-16,1275.305,23588.718,,,422.811,274.7096,416.078,533.6161,436.416,1550.5461,2358.87
GUNA,2016-17,1496.851,28088.127,,,440.514,310.5814,537.386,717.5615,518.951,1780.6698,2808.81
GUNA,2017-18,1523.17,29346.876,,,444.97,308.8548,548.722,739.6666,529.478,1886.1662,2934.69
GUNTUR,2009-10,3870.55,85568.004,,,1041.688,1341.0106,1519.776,2424.9711,1309.086,4790.8187,8556.8
GUNTUR,2010-11,4242.593,95701.607,,,1115.994,1448.5138,1694.919,2655.1659,1431.68,5466.481,9570.16
GUNTUR,2011-12,4670.168,111269.843,,,1245.576,1713.3587,1905.386,3165.841,1519.206,6247.7846,11126.98
GUNTUR,2012-13,6035.086,127170.819,,,1608.47,1972.1699,2719.519,3672.2417,1707.097,7072.6703,12717.08
GUNTUR,2013-14,6825.487,153566.899,,,1873.225,2307.0122,3051.485,4360.2223,1900.777,8689.4554,15356.69
GUNTUR,2014-15,7650.379,187831.815,,,2126.201,3250.3442,3444.556,5223.145,2079.622,10309.6923,18783.18
GUNTUR,2015-16,8256.925,201046.495,,,2199.642,3269.5501,3842.824,6387.9098,2214.459,10447.1896,20104.65
GUNTUR,2016-17,9024.537,237946.159,,,2228.53,3757.2316,3448.755,5618.0872,3347.252,14419.2971,23794.62
GUNTUR,2017-18,9272.956,267628.515,,,2347.778,4140.9727,3527.791,6407.4597,3397.387,16214.4191,26762.85
GURDASPUR,2009-10,1998.76,68928.488,,,773.515,1997.501,637.361,2310.4429,587.884,2584.9049,6892.85
GURDASPUR,2010-11,2269.472,80769.157,,,881.007,2277.2894,705.548,2773.2145,682.917,3026.4118,8076.92
GURDASPUR,2011-12,1689.401,63096.321,,,681.591,1925.1925,690.831,2896.395,316.979,1488.0446,6309.63
GURDASPUR,2012-13,1943.879,75250.012,,,795.823,2296.9786,789.067,3441.727,358.989,1786.2956,7525
GURDASPUR,2013-14,2150.451,87200.345,,,876.877,2666.2314,879.813,4032.62,393.761,2021.1831,8720.03
GURDASPUR,2014-15,2408.704,99689.25,,,1001.707,3045.6051,972.085,4549.1138,434.912,2374.2061,9968.92
GURDASPUR,2015-16,2702.764,108504.782,,,1130.946,3224.5978,1067.349,4942.9929,504.469,2682.8875,10850.48
GURDASPUR,2016-17,2981.354,131455.573,,,1258.82,4121.2286,1170.781,5823.4346,551.753,3200.8941,13145.56
GURDASPUR,2017-18,3088.067,138461.505,,,1326.769,4282.212,1206.756,6297.5414,554.542,3266.3971,13846.15
GURGAON,2009-10,2745.324,310329.633,,,302.988,2413.0987,377.948,2559.4197,2064.388,26060.4449,31032.96
GURGAON,2010-11,3108.519,390439.104,,,367.863,3100.4579,441.197,3550.427,2299.459,32393.0255,39043.91
GURGAON,2011-12,3553.015,485704.82,,,400.661,3568.9047,508.734,4380.3047,2643.62,40621.2726,48570.48
GURGAON,2012-13,3983.49,572901.072,,,465.208,4204.0354,586.161,5115.5173,2932.121,47970.5545,57290.11
GURGAON,2013-14,4560.775,657106.11,,,531.52,4676.6342,675.951,5856.991,3353.304,55176.9858,65710.61
GURGAON,2014-15,5317.099,767246.036,,,613.828,5284.1083,788.703,6173.7352,3914.568,65266.7601,76724.6
GURGAON,2015-16,6415.565,901840.468,,,725.201,6226.6931,923.185,6447.4654,4767.179,77509.8883,90184.05
GURGAON,2016-17,7411.554,1122934.567,,,429.61,2611.4979,1007.115,7846.817,5974.829,101835.1418,112293.46
GURGAON,2017-18,7765.145,1458031.014,,,426.973,3044.9634,1099.416,9080.3792,6238.756,133677.7588,145803.1
GWALIOR,2009-10,1469.056,64715.515,,,121.529,327.9692,118.984,334.4928,1228.543,5809.0895,6471.55
GWALIOR,2010-11,1597.476,75320.261,,,140.783,377.7103,135.687,383.0395,1321.006,6771.2763,7532.03
GWALIOR,2011-12,1807.985,89338.868,,,175.31,441.3906,168.291,495.4944,1464.384,7997.0018,8933.89
GWALIOR,2012-13,1996.11,101646.013,,,214.298,534.7614,196.909,550.2118,1584.903,9079.6281,10164.6
GWALIOR,2013-14,2296.399,119151.724,,,281.485,602.4823,252.019,643.667,1762.895,10669.0231,11915.17
GWALIOR,2014-15,2734.825,146034.47,,,346.675,692.7823,331.925,681.0243,2056.225,13229.6404,14603.45
GWALIOR,2015-16,3128.71,162455.003,,,431.926,721.7573,413.456,848.1737,2283.328,14675.5693,16245.5
GWALIOR,2016-17,3382.821,177952.689,2459.159,16010.3032,446.552,829.1154,477.11,955.8503,,,17795.27
GWALIOR,2017-18,3498.39,193571.175,2514.981,17460.298,482.507,855.2714,500.902,1041.5481,,,19357.12
HAILAKANDI,2009-10,222.723,4082.433,,,114.525,108.567,108.198,299.6763,,,408.24
HAILAKANDI,2010-11,269.93,5244.933,,,134.484,130.093,135.446,394.4003,,,524.49
HAILAKANDI,2011-12,289.353,5946.083,,,135.782,135.3434,153.571,459.2649,,,594.61
HAILAKANDI,2012-13,322.876,6789.458,,,149.877,160.1616,172.999,518.7842,,,678.95
HAILAKANDI,2013-14,380.569,7931.017,,,177.667,185.106,202.902,607.9957,,,793.1
HAILAKANDI,2014-15,485.695,9559.33,,,225.793,213.6668,259.902,742.2662,,,955.93
HAILAKANDI,2015-16,585.708,10248.364,,,278.259,250.0961,307.449,774.7403,,,1024.84
HAILAKANDI,2016-17,736.503,11400.616,,,350.153,283.7634,386.35,856.2982,,,1140.06
HAILAKANDI,2017-18,791.043,12548.962,,,376.32,321.0122,414.723,933.884,,,1254.9
HAMIRPUR,2009-10,1105.316,26750.571,,,712.099,1515.9593,393.217,1159.0978,,,2675.06
HAMIRPUR,2010-11,1229.815,31399.726,,,794.497,1783.9915,435.318,1355.9811,,,3139.97
HAMIRPUR,2011-12,1396.479,39004.511,,,881.435,2139.7693,515.044,1760.6818,,,3900.45
HAMIRPUR,2012-13,1590.99,46432.53,,,1002.354,2579.644,588.636,2063.609,,,4643.25
HAMIRPUR,2013-14,1840.402,54102.765,,,1166.239,3040.6406,674.163,2369.6359,,,5410.28
HAMIRPUR,2014-15,2000.082,63251.206,,,1260.825,3622.0892,739.257,2703.0314,,,6325.12
HAMIRPUR,2015-16,2325.853,70926.305,,,1402.689,3934.3713,923.164,3158.2592,,,7092.63
HAMIRPUR,2016-17,2472.922,84874.84,,,1411.453,4619.7725,1061.469,3867.7115,,,8487.48
HAMIRPUR,2017-18,2563.853,93757.26,,,1472.016,5091.8355,1091.837,4283.8905,,,9375.73
HANUMANGARH,2009-10,692.212,14897.42,,,266.688,353.3616,233.765,527.0442,191.759,609.3362,1489.74
HANUMANGARH,2010-11,802.054,17555.182,,,307.479,404.3335,266.021,617.2822,228.554,733.9025,1755.52
HANUMANGARH,2011-12,878.145,20567.905,,,295.993,429.6588,343.333,793.6268,238.819,833.5049,2056.79
HANUMANGARH,2012-13,1038.309,23698.879,,,340.663,465.0832,421.206,936.8814,276.44,967.9233,2369.89
HANUMANGARH,2013-14,1268.414,26492.564,,,441.191,522.0473,509.456,1035.5856,317.767,1091.6235,2649.26
HANUMANGARH,2014-15,1552.251,30722.297,,,546.117,605.5053,607.397,1191.1295,398.737,1275.5949,3072.23
HANUMANGARH,2015-16,2017.72,34191.819,,,820.445,801.0084,756.186,1270.4077,441.089,1347.7658,3419.18
HANUMANGARH,2016-17,2198.542,40982.335,,,862.414,822.5171,860.762,1673.0571,475.366,1602.6593,4098.23
HANUMANGARH,2017-18,2372.451,43960.24,,,943.217,889.3625,929.302,1821.4345,499.932,1685.227,4396.02
HARDA,2009-10,201.301,6612.552,,,49.012,83.6656,152.289,577.5896,,,661.26
HARDA,2010-11,234.662,8088.342,,,56.85,92.683,177.812,716.1512,,,808.83
HARDA,2011-12,284.022,11200.36,,,73.541,98.7738,210.481,1021.2622,,,1120.04
HARDA,2012-13,361.373,10133.874,,,96.735,119.3998,264.638,893.9876,,,1013.39
HARDA,2013-14,465.848,12192.46,,,128.427,145.7462,337.421,1073.4998,,,1219.25
HARDA,2014-15,563.209,13508.883,,,157.319,160.8369,405.89,1190.0514,,,1350.89
HARDA,2015-16,633.19,12279.887,,,175.569,175.429,457.621,1052.5597,,,1227.99
HARDA,2016-17,699.534,15122.506,,,186.886,212.9533,512.648,1299.2973,,,1512.25
HARDA,2017-18,749.867,16172.837,,,196.67,205.7761,553.197,1411.5076,,,1617.28
HARDOI,2009-10,1444.591,23546.326,,,857.872,890.4866,356.731,565.2001,229.988,898.9459,2354.63
HARDOI,2010-11,1698.233,27599.347,,,1014.793,1045.9297,419.874,668.468,263.566,1045.537,2759.93
HARDOI,2011-12,1959.174,31871.968,,,1190.995,1186.8813,472.68,765.7252,295.499,1234.5903,3187.2
HARDOI,2012-13,2238.096,38147.427,,,1369.389,1420.3672,542.062,906.1533,326.645,1488.2222,3814.74
HARDOI,2013-14,2647.436,44406.062,,,1673.426,1663.2272,623.44,1085.9703,350.57,1691.4087,4440.61
HARDOI,2014-15,3151.896,49421.311,,,1967.466,1886.1581,781.303,1235.1223,403.127,1820.8507,4942.13
HARDOI,2015-16,3712.957,54390.28,,,2309.216,2085.5196,933.567,1393.6746,470.174,1959.8338,5439.03
HARDOI,2016-17,3998.763,68652.996,,,2181.03,2244.9887,1291.872,2185.3549,525.861,2434.956,6865.3
HARDOI,2017-18,4356.723,76187.916,,,2405.733,2486.5476,1391.73,2403.8867,559.26,2728.3573,7618.79
HARIDWAR,2009-10,1212.884,59032.345,,,388.679,1732.6686,470.244,2182.7121,353.961,1987.8538,5903.23
HARIDWAR,2010-11,1377.227,70192.972,,,439.805,2074.9564,520.846,2594.4696,416.576,2349.8712,7019.3
HARIDWAR,2011-12,1567.01,81528.013,,,507.936,2331.6924,590.989,2974.437,468.085,2846.6719,8152.8
HARIDWAR,2012-13,1804.149,95638.874,,,590.664,2702.6057,681.479,3500.2199,532.006,3361.0618,9563.89
HARIDWAR,2013-14,2007.876,110251.597,,,683.523,3010.0882,745.906,4026.4803,578.447,3988.5912,11025.16
HARIDWAR,2014-15,2391.227,127813.309,,,833.568,3481.9032,872.324,4720.0389,685.335,4579.3888,12781.33
HARIDWAR,2015-16,2869.092,144403.291,,,1028.82,3954.9575,1035.804,5328.5516,804.468,5156.82,14440.33
HARIDWAR,2016-17,3210.194,170621.741,,,994.705,4039.9171,566.901,1415.592,1648.588,11606.665,17062.17
HARIDWAR,2017-18,3331.553,170969.652,,,1048.636,3855.3785,606.048,1523.6384,1676.869,11717.9483,17096.97
HASSAN,2009-10,1404.171,27801.568,,,713.087,839.5603,395.526,861.1232,295.558,1079.4733,2780.16
HASSAN,2010-11,1474.181,32399.122,,,714.35,980.3731,429.325,1016.0079,330.506,1243.5312,3239.91
HASSAN,2011-12,1608.535,37182.031,,,772.667,1106.7757,472.684,1167.3648,363.184,1444.0626,3718.2
HASSAN,2012-13,1838.609,42534.956,,,868.463,1237.9472,556.644,1334.352,413.502,1681.1964,4253.5
HASSAN,2013-14,2175.495,50757.528,,,1039.449,1443.906,655.3,1614.26,480.746,2017.5868,5075.75
HASSAN,2014-15,2630.697,59468.818,,,1294.672,1744.0108,774.907,1811.7958,561.118,2391.0752,5946.88
HASSAN,2015-16,2840.951,67740.124,,,1408.605,2006.5839,818.015,2151.3408,614.331,2616.0877,6774.01
HASSAN,2016-17,3028.125,77217.266,,,1504.555,2356.5281,892.606,2457.5459,630.964,2907.6526,7721.73
HASSAN,2017-18,3184.209,83026.561,,,1611.637,2546.7115,922.586,2651.135,649.986,3104.8096,8302.66
HATHRAS,2009-10,740.539,14248.519,,,280.743,339.4444,242.193,422.0066,217.603,663.4009,1424.85
HATHRAS,2010-11,852.395,16402.55,,,329.121,382.7774,278.926,506.6305,244.348,750.8471,1640.26
HATHRAS,2011-12,890.047,18225.424,,,337.637,409.2281,298.434,551.708,253.976,861.6063,1822.54
HATHRAS,2012-13,1004.006,21919.486,,,378.842,495.6363,334.466,658.6948,290.698,1037.6175,2191.95
HATHRAS,2013-14,1193.695,25464.223,,,463.181,590.5789,397.841,771.1647,332.673,1184.6787,2546.42
HATHRAS,2014-15,1415.082,28579.541,,,527.266,658.4538,497.749,864.6262,390.067,1334.8741,2857.95
HATHRAS,2015-16,1634.573,31256.883,,,652.074,707.5732,559.31,933.1672,423.189,1484.9479,3125.69
HATHRAS,2016-17,1737.205,38423.255,,,613.792,828.3465,645.107,1209.2403,478.306,1804.7387,3842.33
HATHRAS,2017-18,1881.995,42714.796,,,687.434,905.5776,693.833,1328.9655,500.728,2036.9365,4271.48
HAVERI,2009-10,1006.856,15156.136,,,436.565,333.6113,570.291,1182.0023,,,1515.61
HAVERI,2010-11,989.517,18348.871,,,390.243,410.2007,599.274,1424.6864,,,1834.89
HAVERI,2011-12,1201.706,20560.364,,,501.264,445.8543,700.442,1610.1821,,,2056.04
HAVERI,2012-13,1434.654,24103.816,,,589.037,535.2194,845.617,1875.1622,,,2410.38
HAVERI,2013-14,1645.544,28542.875,,,671.202,633.9752,974.342,2220.3123,,,2854.29
HAVERI,2014-15,2091.901,31038.835,,,906.5,710.1821,1185.401,2393.7014,,,3103.88
HAVERI,2015-16,2273.561,35339.328,,,1016.183,846.8331,1257.378,2687.0997,,,3533.93
HAVERI,2016-17,2507.905,43803.128,,,1098.211,1026.99,1058.239,2365.1174,351.455,988.2054,4380.31
HAVERI,2017-18,2649.255,46500.07,,,1158.079,1106.442,1117.933,2500.6936,373.243,1042.8714,4650.01
HAZARIBAG,2009-10,733.121,26066.558,,,382.928,841.2226,41.894,93.5594,308.299,1671.8738,2606.66
HAZARIBAG,2010-11,823.034,30587.945,,,434.576,996.4663,44.654,103.5508,343.804,1958.7774,3058.79
HAZARIBAG,2011-12,921.468,34625.623,,,502.968,1174.4522,45.1,112.3438,373.4,2175.7663,3462.56
HAZARIBAG,2012-13,1134.236,43525.236,,,634.292,1440.6422,51.645,138.9664,448.299,2772.915,4352.52
HAZARIBAG,2013-14,1373.588,53000.355,,,807.316,1732.9224,58.715,158.405,507.557,3408.7081,5300.04
HAZARIBAG,2014-15,1612.012,53566.934,,,991.583,2057.0816,62.408,184.7405,558.021,3114.8713,5356.69
HAZARIBAG,2015-16,1951.374,61963.56,,,1269.274,2353.5227,38.63,152.4332,643.47,3690.4001,6196.36
HAZARIBAG,2016-17,2212.816,70864.786,,,1192.131,2299.6799,311.475,707.168,709.21,4079.6307,7086.48
HAZARIBAG,2017-18,2385.372,76048.457,,,1310.341,2488.977,336.891,776.3606,738.14,4339.5081,7604.85
HINGOLI,2009-10,213.093,6411.705,,,67.599,140.4415,145.494,500.729,,,641.17
HINGOLI,2010-11,315.558,7720.875,,,116.327,153.5595,199.231,618.528,,,772.09
HINGOLI,2011-12,349.175,9791.444,,,125.227,201.6212,223.948,777.5232,,,979.14
HINGOLI,2012-13,441.906,10611.887,,,162.068,223.1335,279.838,838.0552,,,1061.19
HINGOLI,2013-14,552.648,11537.681,,,195.626,222.9022,357.022,930.8659,,,1153.77
HINGOLI,2014-15,766.263,12773.586,,,261.054,249.8931,505.209,1027.4655,,,1277.36
HINGOLI,2015-16,890.186,13808.562,,,302.216,294.2846,587.97,1086.5716,,,1380.86
HINGOLI,2016-17,1165.246,18638.629,,,343.28,339.1644,821.966,1524.6985,,,1863.86
HINGOLI,2017-18,1168.827,19157.905,,,361.223,390.1712,807.604,1525.6193,,,1915.79
HISAR,2009-10,1040.734,40535.801,,,205.219,350.2521,281.851,754.3509,553.664,2948.9771,4053.58
HISAR,2010-11,1301.267,52022.252,,,287.647,416.5548,375.523,879.1238,638.097,3906.5466,5202.23
HISAR,2011-12,1474.887,55345.323,,,338.431,469.724,434.995,1014.0362,701.461,4050.7721,5534.53
HISAR,2012-13,1636.377,59997.894,,,392.189,609.503,488.738,1135.0744,755.45,4255.212,5999.79
HISAR,2013-14,1868.81,65318.093,,,488.006,653.0449,569.279,1271.7542,811.525,4607.0102,6531.81
HISAR,2014-15,2132.239,81749.057,,,570.654,815.7745,663.776,1575.319,897.809,5783.8122,8174.91
HISAR,2015-16,2545.365,92109.169,,,740.311,943.4344,804.946,1872.0165,1000.108,6395.466,9210.92
HISAR,2016-17,2681.324,110734.012,,,727.187,1222.5911,890.1,2432.8539,1064.037,7417.9562,11073.4
HISAR,2017-18,2801.244,127713.905,,,782.082,1379.9662,927.6,2732.3,1091.562,8659.1243,12771.39
HOJAI,2017-18,719.714,17377.864,,,192.871,109.1127,526.843,1628.6737,,,1737.79
HOSHANGABAD,2009-10,552.581,17617.34,,,98.078,187.6778,454.503,1574.0562,,,1761.73
HOSHANGABAD,2010-11,648.209,19558.164,,,131.657,216.2567,516.552,1739.5597,,,1955.82
HOSHANGABAD,2011-12,809.842,22632.905,,,163.567,239.7974,646.275,2023.4931,,,2263.29
HOSHANGABAD,2012-13,1010.541,27847.304,,,214.106,294.8702,796.435,2489.8602,,,2784.73
HOSHANGABAD,2013-14,1283.003,33007.778,,,298.872,362.9379,984.131,2937.8399,,,3300.78
HOSHANGABAD,2014-15,1530.15,39322.746,,,377.47,478.3129,1152.68,3453.9617,,,3932.27
HOSHANGABAD,2015-16,1832.338,42607.337,,,445.183,476.841,1387.155,3783.8927,,,4260.73
HOSHANGABAD,2016-17,2009.95,51097.672,,,494.054,581.8901,1108.601,2852.1494,407.295,1675.7277,5109.77
HOSHANGABAD,2017-18,2136.112,56100.656,,,536.778,660.4981,1163.257,3128.6292,436.077,1820.9383,5610.07
HOSHIARPUR,2009-10,1873.797,90478.033,,,772.512,3044.764,607.14,2954.9693,494.145,3048.07,9047.8
HOSHIARPUR,2010-11,2010.811,97873.39,,,836.518,3365.3718,653.244,3235.0508,521.049,3186.9164,9787.34
HOSHIARPUR,2011-12,2185.073,114155.042,,,915.144,3906.9843,708.252,3813.1113,561.677,3695.4086,11415.5
HOSHIARPUR,2012-13,2439.65,137075.36,,,1033.614,4705.4957,798.343,4603.5013,607.693,4398.539,13707.54
HOSHIARPUR,2013-14,2695.273,161383.958,,,1171.003,5619.6068,866.684,5349.0615,657.586,5169.7275,16138.4
HOSHIARPUR,2014-15,2966.175,181705.365,,,1326.564,6534.5281,931.471,5967.8676,708.14,5668.1408,18170.54
HOSHIARPUR,2015-16,3342.612,199333.056,,,1524.633,7291.8719,1054.109,6511.2626,763.87,6130.1711,19933.31
HOSHIARPUR,2016-17,3621.835,230846.108,,,1662.637,8547.0037,1143.901,7541.0423,815.297,6996.5648,23084.61
HOSHIARPUR,2017-18,3708.268,246268.339,,,1716.306,9051.3252,1170.337,8243.9043,821.625,7331.6044,24626.83
HOWRAH,2009-10,2918.085,107563.509,1085.34,5478.562,1069.538,2469.2664,436.457,1335.1618,326.75,1473.3607,10756.35
HOWRAH,2010-11,3101.186,124356.544,1161.41,6377.9657,1139.929,2920.0246,451.978,1449.5844,347.869,1688.0797,12435.65
HOWRAH,2011-12,3711.021,156155.969,1354.03,7745.8066,1363.982,3846.1828,554.772,1759.7447,438.237,2263.8628,15615.6
HOWRAH,2012-13,3793.963,176696.427,1386.059,8882.1129,1417.432,4352.2236,567.088,2061.367,423.384,2373.9392,17669.64
HOWRAH,2013-14,4371.643,202458.52,1527.382,9927.3006,1709.548,5093.1653,659.984,2454.7621,474.729,2770.624,20245.85
HOWRAH,2014-15,5462.762,236875.506,1700.445,11586.0466,2419.119,6052.814,801.991,2947.3748,541.207,3101.3152,23687.55
HOWRAH,2015-16,6006.745,266776.088,1921.331,13183.6229,2402.848,6470.6198,933.385,3350.5345,749.181,3672.8316,26677.61
HOWRAH,2016-17,6774.587,314507.903,2019.015,15441.718,2594.696,7026.2942,1274.437,4559.934,886.439,4422.8441,31450.79
HOWRAH,2017-18,7108.701,330775.382,2058.34,15877.6634,2756.802,7536.8902,1357.527,4820.8761,936.032,4842.1085,33077.54
HUGLI,2009-10,3436.635,102738.711,,,1386.834,2720.2987,713.505,2407.5865,1336.296,5145.9859,10273.87
HUGLI,2010-11,3748.637,124772.715,,,1540.179,3567.8878,787.559,2810.77,1420.899,6098.6137,12477.27
HUGLI,2011-12,4697.568,169818.181,,,1795.928,4173.7819,1076.575,4054.5098,1825.065,8753.5264,16981.82
HUGLI,2012-13,4749.422,184420.54,,,1909.896,4769.3635,1092.128,4387.2396,1747.398,9285.4509,18442.05
HUGLI,2013-14,5500.093,223679.572,,,2339.404,5763.5134,1248.972,5261.3387,1911.717,11343.1051,22367.96
HUGLI,2014-15,6415.431,267472.759,,,2785.396,6957.5636,1453.89,6324.2167,2176.145,13465.4956,26747.28
HUGLI,2015-16,7616.605,295256.699,,,3439.318,7301.2558,1667.887,6774.865,2509.4,15449.5491,29525.67
HUGLI,2016-17,8514.871,346139.961,,,3792.62,8341.6731,1959.282,8225.1481,2762.969,18047.1749,34614
HUGLI,2017-18,8819.543,364758.156,,,3991.97,8746.4858,2035.444,8653.7624,2792.129,19075.5674,36475.82
HYDERABAD,2009-10,8593.288,1030714.287,8322.411,101343.727,29.076,171.2774,43.296,454.9307,198.505,1101.4936,103071.43
HYDERABAD,2010-11,9600.047,1287484.539,9290.925,126702.3312,31.764,193.7298,54.878,519.9883,222.48,1332.4046,128748.45
HYDERABAD,2011-12,9913.183,1516752.096,9581.295,149185.7728,35.629,249.6249,46.815,498.6983,249.444,1741.1136,151675.21
HYDERABAD,2012-13,11301.262,1665840.332,10921.821,163789.946,37.421,292.0658,58.202,589.3571,283.818,1912.6643,166584.03
HYDERABAD,2013-14,12905.235,1825089.456,12526.293,179337.9911,39.807,283.3317,55.703,818.9154,283.432,2068.7074,182508.95
HYDERABAD,2014-15,14164.252,2115135.89,13757.885,208026.6179,42.526,366.0526,59.228,777.3303,304.613,2343.5882,211513.59
HYDERABAD,2015-16,15564.011,2234397.3,15177.26,219930.2143,,,13.222,241.1932,373.529,3268.3225,223439.73
HYDERABAD,2016-17,17203.576,2376369.739,17203.576,237636.9739,,,,,,,237636.97
HYDERABAD,2017-18,16827.533,2451505.799,16827.533,245150.5799,,,,,,,245150.58
IDUKKI,2009-10,634.975,18981.424,,,37.993,68.2851,596.982,1829.8573,,,1898.14
IDUKKI,2010-11,780.624,21684.179,,,50.422,79.7786,730.202,2088.6393,,,2168.42
IDUKKI,2011-12,844.474,23302.428,,,48.321,81.0349,796.153,2249.2079,,,2330.24
IDUKKI,2012-13,1079.762,27149.006,,,60.885,87.9776,1018.877,2626.923,,,2714.9
IDUKKI,2013-14,1373.48,31735.861,,,85.017,104.8753,1288.463,3068.7108,,,3173.59
IDUKKI,2014-15,1511.137,36232.19,,,90.692,108.5681,1420.445,3514.6509,,,3623.22
IDUKKI,2015-16,1659.073,40679.42,,,42.984,53.0683,1616.089,4014.8737,,,4067.94
IDUKKI,2016-17,1746.228,50378.515,,,44.106,59.7806,1702.122,4978.0709,,,5037.85
IDUKKI,2017-18,1849.065,53010.763,,,49.118,66.9546,1799.947,5234.1217,,,5301.08
IMPHAL EAST,2009-10,52.348,2017.339,,,26.584,42.2723,,,25.764,159.4616,201.73
IMPHAL EAST,2010-11,66.751,3747.44,,,34.026,68.4341,,,32.725,306.3099,374.74
IMPHAL EAST,2011-12,74.776,4140.221,,,42.954,116.9841,,,31.822,297.038,414.02
IMPHAL EAST,2012-13,108.24,6375.356,,,64.109,162.0146,44.131,475.521,,,637.54
IMPHAL EAST,2013-14,154.908,6315.226,,,101.901,206.7752,53.007,424.7474,,,631.52
IMPHAL EAST,2014-15,216.193,6001.14,,,143.565,214.391,72.628,385.723,,,600.11
IMPHAL EAST,2015-16,261.49,6923.54,,,173.981,251.8309,87.509,440.5231,,,692.35
IMPHAL EAST,2016-17,324.522,8960.82,,,202.698,377.1734,,,121.824,518.9086,896.08
IMPHAL EAST,2017-18,333.01,10938.402,,,194.465,367.0848,,,138.545,726.7554,1093.84
IMPHAL WEST,2009-10,316.457,18938.723,,,29.669,57.6738,34.7,148.346,252.088,1687.8525,1893.87
IMPHAL WEST,2010-11,341.556,21944.372,,,32.395,73.1917,40.872,181.1478,268.289,1940.0977,2194.44
IMPHAL WEST,2011-12,378.389,27667.635,,,36.65,63.7859,47.565,222.5104,294.174,2480.4672,2766.76
IMPHAL WEST,2012-13,443.002,33778.799,,,47.887,76.4841,60.945,249.4661,334.17,3051.9297,3377.88
IMPHAL WEST,2013-14,512.568,32258.644,,,60.388,87.2579,59.958,256.1588,392.222,2882.4477,3225.86
IMPHAL WEST,2014-15,670.669,38066.098,,,87.649,93.2287,67.159,283.893,515.861,3429.4881,3806.61
IMPHAL WEST,2015-16,770.474,38721.01,,,142.524,234.5519,31.524,154.4527,596.426,3483.0964,3872.1
IMPHAL WEST,2016-17,876.515,51097.617,,,116.674,184.1917,0.054,0.0163,759.787,4925.5537,5109.76
IMPHAL WEST,2017-18,959.048,58273.934,,,149.628,218.5134,3.045,2.2901,806.375,5606.5899,5827.39
INDORE,2009-10,3077.115,202605.36,2535.111,18331.0201,272.264,941.8369,269.74,987.679,,,20260.54
INDORE,2010-11,3431.041,223574.744,2827.778,20171.5596,292.544,1055.2028,310.719,1130.712,,,22357.47
INDORE,2011-12,3757.113,269810.335,3070.937,24587.035,336.385,1163.448,349.791,1230.5505,,,26981.03
INDORE,2012-13,4183.943,299014.734,3374.822,27219.5459,402.615,1291.7779,406.506,1390.1496,,,29901.47
INDORE,2013-14,4684.773,331365.972,3720.714,30006.4511,493.239,1512.1581,470.82,1617.988,,,33136.6
INDORE,2014-15,5466.208,385000.957,4271.214,34649.2527,633.094,1814.5516,561.9,2036.2914,,,38500.1
INDORE,2015-16,6273.632,413363.759,5047.932,38042.7917,540.629,1058.7888,685.071,2234.7954,,,41336.38
INDORE,2016-17,6856.318,476388.797,5503.015,43518.0152,558.163,1283.7498,463.393,1271.0185,331.747,1566.0962,47638.88
INDORE,2017-18,7167.549,526306.697,5728.795,48338.7854,606.495,1340.8855,489.8,1347.6626,342.459,1603.3362,52630.67
JABALPUR,2009-10,1778.154,81276.035,,,251.299,363.0775,168.539,317.5809,1358.316,7446.9451,8127.6
JABALPUR,2010-11,1988.023,99054.443,,,306.346,439.1066,203.233,401.6876,1478.444,9064.6501,9905.44
JABALPUR,2011-12,2222.121,116258.905,,,370.528,537.9949,253.133,476.0598,1598.46,10611.8358,11625.89
JABALPUR,2012-13,2476.17,135515.98,,,410.226,715.8495,302.917,599.6513,1763.027,12236.0972,13551.6
JABALPUR,2013-14,2879.521,150158.849,,,533.296,810.1389,385.357,772.8282,1960.868,13432.9178,15015.88
JABALPUR,2014-15,3379.559,169192.271,,,635.465,873.3527,486.552,796.9644,2257.542,15248.91,16919.23
JABALPUR,2015-16,3913.102,194079.89,,,775.735,1019.384,599.689,924.2227,2537.678,17464.3823,19407.99
JABALPUR,2016-17,4228.626,230506.084,2738.181,20645.3604,821.127,1208.9244,669.318,1196.3236,,,23050.61
JABALPUR,2017-18,4362.112,251252.227,2800.856,22501.3743,862.435,1299.6722,698.821,1324.1762,,,25125.22
JAGATSINGHPUR,2009-10,625.684,32552.605,,,438.159,735.9561,187.525,2519.3044,,,3255.26
JAGATSINGHPUR,2010-11,681.285,38248.348,,,465.133,882.1483,216.152,2942.6865,,,3824.83
JAGATSINGHPUR,2011-12,793.405,43279.198,,,537.417,1030.119,255.988,3297.8008,,,4327.92
JAGATSINGHPUR,2012-13,893.173,47702.234,,,590.879,1199.6864,302.294,3570.537,,,4770.22
JAGATSINGHPUR,2013-14,1042.418,53409.142,,,696.454,1431.9127,345.964,3909.0015,,,5340.91
JAGATSINGHPUR,2014-15,1292.725,62924.146,,,876.312,1717.5876,416.413,4574.827,,,6292.41
JAGATSINGHPUR,2015-16,1508.134,66662.664,,,1025.322,1983.5305,482.812,4682.7359,,,6666.27
JAGATSINGHPUR,2016-17,1701.018,76843.288,,,1174.876,2425.6023,526.142,5258.7265,,,7684.33
JAGATSINGHPUR,2017-18,1767.54,90590.156,,,1219.301,2669.0785,548.239,6389.9371,,,9059.02
JAGITIAL,2017-18,1261.114,27391.39,,,442.984,705.1635,491.173,1099.5977,326.957,934.3778,2739.14
JAINTIA HILLS,2009-10,98.455,7114.964,,,67.886,434.0433,30.569,277.4531,,,711.5
JAINTIA HILLS,2010-11,108.176,8712.696,,,75.872,532.1223,32.304,339.1473,,,871.27
JAINTIA HILLS,2011-12,134.348,11554.144,,,88.207,703.931,46.141,451.4834,,,1155.41
JAINTIA HILLS,2012-13,156.531,12598.522,,,102.666,788.7356,53.865,471.1166,,,1259.85
JAINTIA HILLS,2013-14,182.157,14165.401,,,116.937,912.8307,65.22,503.7094,,,1416.54
JAINTIA HILLS,2014-15,227.905,16920.038,,,147.907,1119.2221,79.998,572.7817,,,1692
JAINTIA HILLS,2015-16,214.865,13757.46,,,115.277,771.2738,99.588,604.4722,,,1375.75
JAINTIA HILLS,2016-17,246.311,16669.854,,,131.06,970.5331,115.251,696.4523,,,1666.99
JAINTIA HILLS,2017-18,257.107,17217.592,,,136.335,946.5432,120.772,775.216,,,1721.76
JAIPUR,2009-10,4527.29,314798.657,3507.782,28846.2864,478.997,1127.0468,540.511,1506.5325,,,31479.87
JAIPUR,2010-11,5063.807,378126.371,3881.135,34575.8111,551.362,1339.1816,631.31,1897.6444,,,37812.64
JAIPUR,2011-12,5651.628,445246.876,4273.944,40789.9879,624.229,1587.5375,753.455,2147.1622,,,44524.69
JAIPUR,2012-13,6295.971,531737.345,4681.37,48681.4847,740.677,1985.0567,873.924,2507.1931,,,53173.73
JAIPUR,2013-14,7106.502,610162.544,5092.173,55879.1251,930.8,2254.6654,1083.529,2882.4639,,,61016.25
JAIPUR,2014-15,8557.092,706560.325,5850.165,64828.0097,1353.673,2536.8444,1353.254,3291.1784,,,70656.03
JAIPUR,2015-16,10260.456,768956.105,6699.137,70439.2242,1895.362,2992.1411,1665.957,3464.2452,,,76895.61
JAIPUR,2016-17,11148.986,899869.083,7286.636,82004.1585,1819.886,3257.7093,2042.464,4725.0405,,,89986.91
JAIPUR,2017-18,11943.762,975225.878,7660.282,88662.6974,2040.502,3668.9954,2242.978,5190.895,,,97522.59
JAISALMER,2009-10,228.46,6302.071,,,97.105,141.5378,131.355,488.6693,,,630.21
JAISALMER,2010-11,255.301,8089.785,,,109.269,178.6457,146.032,630.3328,,,808.98
JAISALMER,2011-12,275.481,9338.586,,,121.877,212.9649,153.604,720.8937,,,933.86
JAISALMER,2012-13,317.157,10830.533,,,142.563,248.7552,174.594,834.2981,,,1083.05
JAISALMER,2013-14,362.313,11848.843,,,167.118,285.8668,195.195,899.0175,,,1184.88
JAISALMER,2014-15,460.089,12472.505,,,213.349,292.7461,246.74,954.5044,,,1247.25
JAISALMER,2015-16,592.743,15155.172,,,299.07,473.3872,293.673,1042.13,,,1515.52
JAISALMER,2016-17,656.255,16733.869,,,326.271,430.8242,329.984,1242.5627,,,1673.39
JAISALMER,2017-18,730.011,17591.296,,,371.446,424.5737,358.565,1334.5559,,,1759.13
JAJPUR,2009-10,833.854,19511.437,,,671.534,1209.7557,162.32,741.388,,,1951.14
JAJPUR,2010-11,909.811,23582.344,,,726.665,1463.9675,183.146,894.2669,,,2358.23
JAJPUR,2011-12,1082.366,28182.816,,,864.691,1716.6035,217.675,1101.6781,,,2818.28
JAJPUR,2012-13,1218.186,33245.861,,,952.863,2024.9322,265.323,1299.6539,,,3324.59
JAJPUR,2013-14,1452.628,39406.439,,,1129.226,2419.3218,323.402,1521.3221,,,3940.64
JAJPUR,2014-15,1827.264,47101.662,,,1428.158,2960.4338,399.106,1749.7324,,,4710.17
JAJPUR,2015-16,2216.544,53054.493,,,1724.906,3405.4218,491.638,1900.0275,,,5305.45
JAJPUR,2016-17,2561.338,64145.822,,,1931.467,3954.4296,629.871,2460.1526,,,6414.58
JAJPUR,2017-18,2688.574,72736.782,,,2020.252,4350.5728,668.322,2923.1054,,,7273.68
JALANDHAR,2009-10,3578.188,244858.116,,,917.289,5445.9738,720.494,4697.8604,1940.405,14341.9774,24485.81
JALANDHAR,2010-11,3836.753,272967.904,,,956.851,5792.5105,787.957,5183.9862,2091.945,16320.2937,27296.79
JALANDHAR,2011-12,4062.766,309903.255,,,1012.196,6514.5326,854.453,6026.964,2196.117,18448.8289,30990.33
JALANDHAR,2012-13,4531.482,356244.171,,,1179.239,7564.8808,969.92,7054.4375,2382.323,21005.0988,35624.42
JALANDHAR,2013-14,4972.103,412247.098,,,1350.774,8910.1935,1057.141,8131.3287,2564.188,24183.1876,41224.71
JALANDHAR,2014-15,5448.51,458221.543,,,1498.539,9993.1132,1142.926,9065.9423,2807.045,26763.0988,45822.15
JALANDHAR,2015-16,6013.053,498863.121,,,1606.686,10548.7685,1259.046,9832.3743,3147.321,29505.1693,49886.31
JALANDHAR,2016-17,6466.895,550088.24,,,1625.19,10925.2514,1428.94,11406.2934,3412.765,32677.2792,55008.82
JALANDHAR,2017-18,6685.816,580854.01,,,1760.428,12005.523,1528.706,12287.9474,3396.682,33791.9306,58085.4
JALAUN,2009-10,787.02,15107.541,,,311.881,296.1403,285.959,448.5844,189.18,766.0294,1510.75
JALAUN,2010-11,996.508,17290.365,,,413.421,348.8797,350.83,528.9576,232.257,851.1992,1729.04
JALAUN,2011-12,1046.98,22662.781,,,440.497,382.0781,366.966,617.8642,239.517,1266.3358,2266.28
JALAUN,2012-13,1154.631,25100.442,,,478.538,463.3446,414.961,741.2036,261.132,1305.496,2510.04
JALAUN,2013-14,1342.711,28472.803,,,552.632,552.3286,469.664,854.0948,320.415,1440.8569,2847.28
JALAUN,2014-15,1465.115,31158.831,,,607.938,607.5717,504.551,966.1496,352.626,1542.1618,3115.88
JALAUN,2015-16,1814.165,34270.69,,,740.676,696.9384,638.342,1070.5077,435.147,1659.6229,3427.07
JALAUN,2016-17,2007.454,41998.471,,,799.55,858.786,726.421,1311.8264,481.483,2029.2347,4199.85
JALAUN,2017-18,2084.318,46766.446,,,837.612,970.5246,749.935,1473.9275,496.771,2232.1925,4676.64
JALGAON,2009-10,1250.806,49246.036,,,240.278,576.3472,502.353,1511.4587,508.175,2836.7977,4924.6
JALGAON,2010-11,1498.854,54027.374,,,296.627,696.5451,620.534,1820.2031,581.693,2885.9892,5402.74
JALGAON,2011-12,1726.475,64644.075,,,350.394,808.4841,721.107,2210.1673,654.974,3445.7561,6464.41
JALGAON,2012-13,2075.953,70891.101,,,450.786,952.0296,903.348,2456.5874,721.819,3680.4931,7089.11
JALGAON,2013-14,2652.517,84110.109,,,661.332,1153.7309,1183.645,3014.5081,807.54,4242.7719,8411.01
JALGAON,2014-15,3267.907,100268.85,,,834.832,1280.5103,1500.062,3497.4544,933.013,5248.9203,10026.88
JALGAON,2015-16,3863.625,108574.401,,,1035.289,1445.6499,1797.017,3914.4472,1031.319,5497.343,10857.44
JALGAON,2016-17,4307.53,136670.45,,,1109.777,1931.3303,2089.062,5193.9416,1108.691,6541.7731,13667.05
JALGAON,2017-18,4621.29,147512.67,,,1236.835,2013.7235,2254.098,5368.3278,1130.357,7369.2157,14751.27
JALNA,2009-10,623.581,15405.151,,,280.017,327.9401,158.397,311.9103,185.167,900.6647,1540.52
JALNA,2010-11,717.326,17596.662,,,314.594,360.7344,194.498,361.4522,208.234,1037.4796,1759.67
JALNA,2011-12,805.234,19600.309,,,361.06,381.8026,218.922,448.1953,225.252,1130.033,1960.03
JALNA,2012-13,1028.76,22252.939,,,479.619,452.2252,280.912,486.0372,268.229,1287.0315,2225.29
JALNA,2013-14,1246.815,28103.154,,,575.556,537.2185,339.157,585.5624,332.102,1687.5345,2810.32
JALNA,2014-15,1533.114,29648.268,,,714.11,571.7514,397.284,670.8869,421.72,1722.1885,2964.83
JALNA,2015-16,1776.435,32213.888,,,831.926,646.0735,461.68,696.3218,482.829,1878.9935,3221.39
JALNA,2016-17,2160.182,43782.503,,,740.125,705.0263,822.343,1189.3287,597.714,2483.8953,4378.25
JALNA,2017-18,2202.205,40917.627,,,784.954,592.3204,833.08,1037.8513,584.171,2461.591,4091.76
JALOR,2009-10,422.106,10707.477,,,242.456,440.0291,179.65,630.7186,,,1070.75
JALOR,2010-11,522.643,12853.778,,,312.119,517.164,210.524,768.2138,,,1285.38
JALOR,2011-12,526.437,14512.708,,,289.305,587.0519,237.132,864.2189,,,1451.27
JALOR,2012-13,610.712,16523.275,,,330.678,658.4944,280.034,993.8331,,,1652.33
JALOR,2013-14,754.722,18365.009,,,419.537,738.9901,335.185,1097.5108,,,1836.5
JALOR,2014-15,1082.891,20908.774,,,626.057,841.8713,456.834,1249.0061,,,2090.88
JALOR,2015-16,1399.708,24078.367,,,854.302,1069.7592,545.406,1338.0775,,,2407.84
JALOR,2016-17,1604.416,31794.207,,,914.693,1192.7374,689.723,1986.6833,,,3179.42
JALOR,2017-18,1743.098,32898.5,,,1012.475,1236.6627,730.623,2053.1873,,,3289.85
JALPAIGURI,2009-10,1355.534,35741.032,,,689.846,1347.3041,399.569,1078.6092,266.119,1148.1899,3574.1
JALPAIGURI,2010-11,1534.109,37556.225,,,781.831,1192.6966,457.097,1214.1949,295.181,1348.731,3755.62
JALPAIGURI,2011-12,1763.434,44558.6,,,895.257,1342.4338,545.885,1481.7908,322.292,1631.6354,4455.86
JALPAIGURI,2012-13,2134.799,54181.744,,,1083.573,1572.5359,691.339,1908.3666,359.887,1937.2719,5418.17
JALPAIGURI,2013-14,2753.716,68306.468,,,1432.638,2220.8915,895.625,2324.5789,425.453,2285.1764,6830.65
JALPAIGURI,2014-15,3460.133,83562.357,,,1689.552,2673.7395,1225.35,2889.8774,545.231,2792.6188,8356.24
JALPAIGURI,2015-16,3430.725,85667.076,,,1249.025,2831.939,1462.746,2605.4024,718.954,3129.3662,8566.71
JALPAIGURI,2016-17,3649.08,88315.141,,,1229.371,1882.0097,1562.763,3133.0764,856.946,3816.428,8831.51
JALPAIGURI,2017-18,3824.418,91476.611,,,1307.41,1774.5647,1633.143,3339.1788,883.865,4033.9176,9147.66
JAMMU,2009-10,1993.5,104178.177,,,426.272,1169.2171,184.938,541.4563,1382.29,8707.1443,10417.82
JAMMU,2010-11,2188.933,117884.306,,,482.391,1363.4317,194.084,639.3218,1512.458,9785.6771,11788.43
JAMMU,2011-12,2430.752,147958.414,,,527.258,1681.1218,212.503,752.2838,1690.991,12362.4358,14795.84
JAMMU,2012-13,2646.305,178446.148,,,599.602,2113.4558,240.479,907.6095,1806.224,14823.5495,17844.61
JAMMU,2013-14,2882.14,204485.926,,,666.392,2417.3161,266.668,1031.4117,1949.08,16999.8648,20448.59
JAMMU,2014-15,3268.881,229038.88,,,836.485,2802.3089,309.246,1164.5706,2123.15,18937.0085,22903.89
JAMMU,2015-16,3568.346,260523.164,,,787.113,2362.1382,392.209,1529.3155,2389.024,22160.8627,26052.32
JAMMU,2016-17,3973.744,307535.053,,,802.375,2597.8876,548.684,2291.1568,2622.685,25864.4609,30753.51
JAMMU,2017-18,4194.492,349815.936,,,872.232,2993.8969,606.057,2695.0231,2716.203,29292.6736,34981.59
JAMNAGAR,2009-10,1467.362,65137.958,,,313.198,938.5856,439.761,1441.4999,714.403,4133.7103,6513.8
JAMNAGAR,2010-11,1542.848,74269.34,,,320.871,1020.6299,465.401,1625.7227,756.576,4780.5814,7426.93
JAMNAGAR,2011-12,1673.057,86690.485,,,342.922,1075.7656,508.18,1952.2245,821.955,5641.0584,8669.05
JAMNAGAR,2012-13,1852.408,97184.37,,,379.54,1267.6899,583.98,2235.622,888.888,6215.1251,9718.44
JAMNAGAR,2013-14,2162.973,115616.795,,,469.822,1590.3625,715.984,2675.4042,977.167,7295.9128,11561.68
JAMNAGAR,2014-15,2534.829,133808.905,,,564.595,1845.6782,835.968,3240.0525,1134.266,8295.1598,13380.89
JAMNAGAR,2015-16,2027.245,119529.142,,,465.85,1634.1099,335.166,1256.5191,1226.229,9062.2852,11952.91
JAMNAGAR,2016-17,2282.565,144683.865,,,574.869,2199.221,382.122,1615.905,1325.574,10653.2605,14468.39
JAMNAGAR,2017-18,2364.324,148119.706,,,619.191,2244.1536,397.905,1745.1939,1347.228,10822.6231,14811.97
JAMTARA,2009-10,238.035,6592.743,,,147.676,227.6011,90.359,431.6732,,,659.27
JAMTARA,2010-11,268.679,7377.163,,,166.297,282.3713,102.382,455.345,,,737.72
JAMTARA,2011-12,302.622,7822.759,,,184.373,293.2888,118.249,488.9871,,,782.28
JAMTARA,2012-13,349.296,9318.17,,,214.761,330.6347,134.535,601.1823,,,931.82
JAMTARA,2013-14,443.845,10666.011,,,282.155,372.4669,161.69,694.1342,,,1066.6
JAMTARA,2014-15,559.242,12589.832,,,364.441,463.96,194.801,795.0232,,,1258.98
JAMTARA,2015-16,706.807,14413.145,,,472.009,531.0845,234.798,910.23,,,1441.31
JAMTARA,2016-17,850.222,17744.289,,,570.431,679.2599,279.791,1095.169,,,1774.43
JAMTARA,2017-18,942.464,18828.729,,,630.827,728.2324,311.637,1154.6405,,,1882.87
JAMUI,2009-10,435.334,10620.975,,,305.672,552.336,129.662,509.7615,,,1062.1
JAMUI,2010-11,509.29,12190.829,,,338.938,588.7303,170.352,630.3526,,,1219.08
JAMUI,2011-12,556.887,13679.612,,,370.977,655.2142,185.91,712.747,,,1367.96
JAMUI,2012-13,636.07,16620.052,,,428.103,762.0445,207.967,899.9607,,,1662.01
JAMUI,2013-14,777.048,19059.391,,,532.094,953.0272,244.954,952.9119,,,1905.94
JAMUI,2014-15,979.254,21359.266,,,680.782,1097.7859,298.472,1038.1407,,,2135.93
JAMUI,2015-16,1353.061,24416.024,,,879.374,1161.0678,473.687,1280.5346,,,2441.6
JAMUI,2016-17,1672.373,29106.705,,,1060.666,1374.4474,611.707,1536.2231,,,2910.67
JAMUI,2017-18,1808.21,31516.589,,,1162.823,1553.6583,645.387,1598.0006,,,3151.66
JANGAON,2017-18,772.18,10737.501,,,464.366,408.3197,307.814,665.4304,,,1073.75
JANJGIR-CHAMPA,2009-10,415.483,12115.647,,,230.588,479.5952,184.895,731.9695,,,1211.56
JANJGIR-CHAMPA,2010-11,474.306,17900.074,,,259.161,757.8115,215.145,1032.1959,,,1790.01
JANJGIR-CHAMPA,2011-12,541.995,20495.44,,,290.363,862.3286,251.632,1187.2154,,,2049.54
JANJGIR-CHAMPA,2012-13,647.325,24306.77,,,349.41,1010.1888,297.915,1420.4882,,,2430.68
JANJGIR-CHAMPA,2013-14,771.503,25455.177,,,412.294,1045.7195,359.209,1499.7982,,,2545.52
JANJGIR-CHAMPA,2014-15,1388.811,28726.153,,,786.354,1093.4818,602.457,1779.1335,,,2872.62
JANJGIR-CHAMPA,2015-16,1705.326,30512.134,,,1011.946,1205.4087,693.38,1845.8047,,,3051.21
JANJGIR-CHAMPA,2016-17,2035.814,38515.615,,,1190.087,1413.041,845.727,2438.5205,,,3851.56
JANJGIR-CHAMPA,2017-18,2142.897,43918.254,,,1262.359,1628.6631,880.538,2763.1623,,,4391.83
JASHPUR,2009-10,272.959,6598.769,,,189.434,291.2982,83.525,368.5787,,,659.88
JASHPUR,2010-11,322.606,7970.478,,,216.741,342.8277,105.865,454.2201,,,797.05
JASHPUR,2011-12,363.719,9190.941,,,238.527,405.9148,125.192,513.1793,,,919.09
JASHPUR,2012-13,421.913,11092.726,,,268.267,479.8764,153.646,629.3962,,,1109.27
JASHPUR,2013-14,531.614,13288.362,,,328.987,584.6111,202.627,744.2251,,,1328.84
JASHPUR,2014-15,766.861,14533.26,,,497.044,639.8198,269.817,813.5062,,,1453.33
JASHPUR,2015-16,952.257,15771.486,,,599.009,690.7758,353.248,886.3728,,,1577.15
JASHPUR,2016-17,1109.8,19885.974,,,562.112,724.5343,547.688,1264.0631,,,1988.6
JASHPUR,2017-18,1147.809,22192.291,,,577.354,793.9866,570.455,1425.2425,,,2219.23
JAUNPUR,2009-10,2647.992,46886.331,,,1914.251,2532.6461,419.983,854.0529,313.758,1301.9341,4688.63
JAUNPUR,2010-11,2861.376,53850.272,,,2064.695,2856.4148,449.686,997.1083,346.995,1531.5041,5385.03
JAUNPUR,2011-12,3380.733,62535.65,,,2467.496,3283.7289,510.631,1139.0464,402.606,1830.7897,6253.56
JAUNPUR,2012-13,3796.98,74344.318,,,2785.55,3864.0591,565.036,1354.7496,446.394,2215.6231,7434.43
JAUNPUR,2013-14,4166.952,88863.154,,,3056.83,4574.5013,621.207,1591.4676,488.915,2720.3465,8886.32
JAUNPUR,2014-15,4751.078,99005.381,,,3478.256,5184.3928,726.511,1771.0114,546.311,2945.1339,9900.54
JAUNPUR,2015-16,5308.825,113052.535,,,3912.342,5935.1045,785.731,1929.9215,610.752,3440.2275,11305.25
JAUNPUR,2016-17,5982.758,132891.234,,,4261.528,6921.1199,1037.1,2492.2951,684.13,3875.7084,13289.12
JAUNPUR,2017-18,6122.365,144515.364,,,4363.024,7619.0468,1058.889,2689.0569,700.452,4143.4327,14451.54
JAYASHANKAR (BHUPALPALLI),2017-18,812.672,13149.033,,,574.741,688.0468,237.931,626.8565,,,1314.9
JEHANABAD,2009-10,323.201,8781.844,,,161.07,324.2021,162.131,553.9823,,,878.18
JEHANABAD,2010-11,357.25,9955.949,,,175.407,361.4272,181.843,634.1677,,,995.59
JEHANABAD,2011-12,411.052,11537.152,,,206.576,436.9386,204.476,716.7766,,,1153.72
JEHANABAD,2012-13,377.039,11102.373,,,188.864,386.2415,188.175,723.9958,,,1110.24
JEHANABAD,2013-14,570.234,15940.321,,,289.485,595.8869,280.749,998.1452,,,1594.03
JEHANABAD,2014-15,690.2,18701.277,,,350.7,673.1659,339.5,1196.9618,,,1870.13
JEHANABAD,2015-16,974.618,21259.277,,,541.196,786.0315,433.422,1339.8962,,,2125.93
JEHANABAD,2016-17,1072.376,24349.876,,,595.782,914.9709,172.61,354.3108,303.984,1165.7059,2434.99
JEHANABAD,2017-18,1177.442,26911.9,,,671.083,1035.3587,185.666,374.9392,320.693,1280.8921,2691.19
JHABUA,2009-10,234.965,6111.925,,,79.786,99.2984,155.179,511.8941,,,611.19
JHABUA,2010-11,301.245,6919.253,,,114.324,110.233,186.921,581.6923,,,691.93
JHABUA,2011-12,359.427,7662.282,,,134.355,125.4439,225.072,640.7843,,,766.23
JHABUA,2012-13,362.711,8352.173,,,119.908,189.2097,242.803,646.0076,,,835.22
JHABUA,2013-14,520.931,10121.817,,,172.192,187.6388,348.739,824.5429,,,1012.18
JHABUA,2014-15,684.416,10925.383,,,218.697,207.817,465.719,884.7213,,,1092.54
JHABUA,2015-16,858.099,12198.792,,,285.594,238.8643,572.505,981.0149,,,1219.88
JHABUA,2016-17,1033.571,15317.547,,,322.989,304.2021,710.582,1227.5526,,,1531.75
JHABUA,2017-18,1150.341,15680.029,,,368.78,295.0751,781.561,1272.9278,,,1568
JHAJJAR,2009-10,589.552,26057.208,,,203.258,689.3226,169.448,726.6005,216.846,1189.7977,2605.72
JHAJJAR,2010-11,667.998,31023.31,,,218.506,787.6682,206.171,1003.0526,243.321,1311.6102,3102.33
JHAJJAR,2011-12,721.66,36728.31,,,234.647,903.0965,219.547,1117.1233,267.466,1652.6112,3672.83
JHAJJAR,2012-13,828.785,40646.767,,,271.34,972.4669,253.37,1191.5789,304.075,1900.6309,4064.68
JHAJJAR,2013-14,967.705,44417.101,,,332.968,1125.916,294.21,1289.9851,340.527,2025.809,4441.71
JHAJJAR,2014-15,1120.886,51164.322,,,388.316,1290.366,342.376,1529.6667,390.194,2296.3995,5116.43
JHAJJAR,2015-16,1327.013,58050.44,,,481.558,1454.1851,403.255,1696.7554,442.2,2654.1035,5805.04
JHAJJAR,2016-17,1447.478,72285.979,,,530.951,1923.9026,427.73,2096.6192,488.797,3208.0761,7228.6
JHAJJAR,2017-18,1512.944,83587.693,,,565.309,2300.4188,440.707,2393.0716,506.928,3665.2789,8358.77
JHALAWAR,2009-10,407.425,9047.908,,,187.471,217.2482,219.954,687.5426,,,904.79
JHALAWAR,2010-11,490.313,11327.98,,,235.013,243.2811,255.3,889.5169,,,1132.8
JHALAWAR,2011-12,936.729,12280.561,,,546.26,288.5404,390.469,939.5157,,,1228.06
JHALAWAR,2012-13,1014.123,14733.937,,,581.253,338.0551,432.87,1135.3386,,,1473.39
JHALAWAR,2013-14,1134.811,16785.401,,,640.202,377.4068,494.609,1301.1333,,,1678.54
JHALAWAR,2014-15,944.748,18792.623,,,434.012,425.6496,510.736,1453.6127,,,1879.26
JHALAWAR,2015-16,1702.3,21567.619,,,880.565,473.3013,821.735,1683.4606,,,2156.76
JHALAWAR,2016-17,1854.548,29650.147,,,842.303,580.3221,1012.245,2384.6926,,,2965.01
JHALAWAR,2017-18,1958.138,33452.885,,,877.806,629.7654,1080.332,2715.5231,,,3345.29
JHANSI,2009-10,1261.563,41206.707,,,260.891,380.777,347.219,640.828,653.453,3099.0657,4120.67
JHANSI,2010-11,1438.997,46858.917,,,317.907,449.1463,416.939,713.6978,704.151,3523.0476,4685.89
JHANSI,2011-12,1559.787,54190.185,,,358.569,507.4079,458.294,829.033,742.924,4082.5776,5419.02
JHANSI,2012-13,1721.731,63180.351,,,376.47,596.5262,503.253,1006.6278,842.008,4714.8811,6318.04
JHANSI,2013-14,1942.702,75834.192,,,438.909,691.3825,591.168,1199.0288,912.625,5693.0079,7583.42
JHANSI,2014-15,2283.276,87734.602,,,520.006,870.7751,701.752,1437.0435,1061.518,6465.6416,8773.46
JHANSI,2015-16,2634.271,98053.22,,,633.517,921.3417,818.304,1663.2359,1182.45,7220.7444,9805.32
JHANSI,2016-17,2834.289,114755.644,,,616.566,955.8337,919.907,1969.4721,1297.816,8550.2586,11475.56
JHANSI,2017-18,2900.756,127993.253,,,646.287,1070.0176,934.769,2219.9585,1319.7,9509.3492,12799.33
JHARGRAM,2017-18,1497.989,29764.745,,,1313.63,2030.0357,184.359,946.4388,,,2976.47
JHARSUGUDA,2009-10,314.686,11583.708,,,119.795,263.2147,194.891,895.1561,,,1158.37
JHARSUGUDA,2010-11,348.278,13577.528,,,133.085,310.4313,215.193,1047.3215,,,1357.75
JHARSUGUDA,2011-12,393.58,15179.238,,,151.095,360.8747,242.485,1157.0491,,,1517.92
JHARSUGUDA,2012-13,465.156,18198.256,,,184.924,433.0903,280.232,1386.7353,,,1819.83
JHARSUGUDA,2013-14,527.402,22667.476,,,210.453,520.4007,316.949,1746.3469,,,2266.75
JHARSUGUDA,2014-15,651.799,27204.922,,,268.001,642.5691,383.798,2077.9231,,,2720.49
JHARSUGUDA,2015-16,765.259,31348.415,,,295.298,619.0534,469.961,2515.7881,,,3134.84
JHARSUGUDA,2016-17,893.963,40597.682,,,349.099,764.2658,544.864,3295.5024,,,4059.77
JHARSUGUDA,2017-18,942.878,46266.226,,,375.32,867.7374,567.558,3758.8852,,,4626.62
JHUNJHUNU,2009-10,897.441,24451.62,,,209.305,434.3178,486.108,1310.8932,202.028,699.951,2445.16
JHUNJHUNU,2010-11,1019.357,28480.296,,,242.355,511.6427,551.983,1555.4426,225.019,780.9443,2848.03
JHUNJHUNU,2011-12,1190.698,35376.156,,,282.876,641.0837,647.98,1989.8544,259.842,906.6775,3537.62
JHUNJHUNU,2012-13,1357.771,39962.146,,,325.461,704.5538,736.786,2265.5011,295.524,1026.1597,3996.21
JHUNJHUNU,2013-14,1580.78,46197.929,,,398.241,836.4811,843.864,2618.3,338.675,1165.0118,4619.79
JHUNJHUNU,2014-15,2044.288,54570.924,,,539.314,1002.0857,1073.528,3132.9444,431.446,1322.0623,5457.09
JHUNJHUNU,2015-16,2410.04,60448.621,,,680.79,1132.0402,1257.64,3434.5713,471.61,1478.2506,6044.86
JHUNJHUNU,2016-17,2614.201,77162.702,,,664.95,1203.5384,1447.939,4607.8003,501.312,1904.9315,7716.27
JHUNJHUNU,2017-18,2792.571,81996.464,,,730.482,1345.2339,1553.562,4870.891,508.527,1983.5215,8199.65
JIND,2009-10,609.877,16498.436,,,187.973,306.0337,223.069,583.1824,198.835,760.6275,1649.84
JIND,2010-11,697.45,18831.453,,,200.832,322.1067,275.858,691.7889,220.76,869.2497,1883.15
JIND,2011-12,754.264,21076.854,,,216.173,368.4828,300.622,763.3477,237.469,975.8549,2107.69
JIND,2012-13,898.937,24800.665,,,246.48,419.743,355.135,921.7532,297.322,1138.5703,2480.07
JIND,2013-14,1026.935,30435.842,,,290.517,531.0608,405.674,1060.4135,330.744,1452.1099,3043.58
JIND,2014-15,1225.357,33532.433,,,344.283,569.0963,491.426,1159.986,389.648,1624.161,3353.24
JIND,2015-16,1688.147,38292.024,,,481.584,632.4684,643.756,1420.0787,562.807,1776.6553,3829.2
JIND,2016-17,1876.242,49636.266,,,496.24,858.9174,765.13,1844.0817,614.872,2260.6275,4963.63
JIND,2017-18,1974.475,56349.994,,,530.048,913.4824,800.986,2095.925,643.441,2625.592,5635
JIRIBAM,2017-18,46.762,447.632,,,46.762,44.7632,,,,,44.76
JODHPUR,2009-10,1684.04,74051.396,,,311.826,628.3764,208.33,482.5639,1163.884,6294.1993,7405.14
JODHPUR,2010-11,1817.65,88325.576,,,347.184,733.2652,233.982,585.8189,1236.484,7513.4735,8832.56
JODHPUR,2011-12,2034.794,107688.322,,,393.607,793.0569,273.087,634.7713,1368.1,9341.004,10768.83
JODHPUR,2012-13,2235.423,126099.388,,,442.384,931.1289,316.098,751.8607,1476.941,10926.9492,12609.94
JODHPUR,2013-14,2538.755,146126.877,,,545.359,1059.7915,379.125,893.615,1614.271,12659.2812,14612.69
JODHPUR,2014-15,3154.095,168300.351,,,779.761,1232.0928,502.674,1043.0913,1871.66,14554.851,16830.04
JODHPUR,2015-16,3899.204,193787.909,,,1039.045,1618.8181,698.461,1232.0059,2161.698,16527.9669,19378.79
JODHPUR,2016-17,4284.105,235629.863,2303.891,19732.4121,1089.273,1860.1879,890.941,1970.3863,,,23562.99
JODHPUR,2017-18,4583.05,251974.484,2403.329,21188.4553,1201.872,1952.1306,977.849,2056.8625,,,25197.45
JOGULAMBA (GADWAL),2017-18,784.867,10466.507,,,325.55,261.4856,459.317,785.1651,,,1046.65
JORHAT,2009-10,644.278,20059.66,,,287.155,357.2491,357.123,1648.7169,,,2005.97
JORHAT,2010-11,708.197,23963.156,,,324.248,420.0672,383.949,1976.2484,,,2396.32
JORHAT,2011-12,770.063,27180.192,,,349.682,468.5053,420.381,2249.5139,,,2718.02
JORHAT,2012-13,842.965,32025.598,,,383.443,561.7946,459.522,2640.7652,,,3202.56
JORHAT,2013-14,973.696,34617.484,,,451.738,665.4643,521.958,2796.2841,,,3461.75
JORHAT,2014-15,1184.813,48718.833,,,566.744,797.2402,618.069,4074.6431,,,4871.88
JORHAT,2015-16,1443.829,47877.734,,,700.55,1031.4822,743.279,3756.2912,,,4787.77
JORHAT,2016-17,1760.125,53234.661,,,784.58,973.441,238.866,425.8018,736.679,3924.2233,5323.47
JORHAT,2017-18,1632.779,56845.111,,,647.552,910.009,234.568,459.8717,750.659,4314.6304,5684.51
JUNAGADH,2009-10,1423.756,47664.506,,,344.726,823.3904,548.943,1598.4483,530.087,2344.6119,4766.45
JUNAGADH,2010-11,1508.924,54581.401,,,369.588,910.6573,588.879,1821.7413,550.457,2725.7415,5458.14
JUNAGADH,2011-12,1693.26,65298.051,,,398.146,1043.6903,672.896,2225.0093,622.218,3261.1055,6529.81
JUNAGADH,2012-13,1947.663,76855.088,,,479.814,1229.2381,778.451,2659.5901,689.398,3796.6806,7685.51
JUNAGADH,2013-14,2441.767,91940.973,,,671.256,1468.6185,989.42,3109.5555,781.091,4615.9233,9194.1
JUNAGADH,2014-15,2823.693,106042.553,,,795.631,1761.1578,1135.559,3588.2557,892.503,5254.8418,10604.26
JUNAGADH,2015-16,1879.781,83569.606,,,513.522,1454.4124,748.727,2684.0443,617.532,4218.5039,8356.96
JUNAGADH,2016-17,2081.387,101969.833,,,547.732,1785.5697,853.281,3398.5433,680.374,5012.8703,10196.98
JUNAGADH,2017-18,2119.414,104366.245,,,574.619,1830.2844,859.728,3462.9525,685.067,5143.3876,10436.62
JYOTIBA PHULE NAGAR,2009-10,806.637,13800.534,,,452.263,524.6038,205.189,413.7267,149.185,441.7229,1380.05
JYOTIBA PHULE NAGAR,2010-11,914.629,17433.976,,,506.681,707.3147,232.113,506.7657,175.835,529.3172,1743.4
JYOTIBA PHULE NAGAR,2011-12,1002.251,18240.575,,,544.637,684.3454,269.493,581.7961,188.121,557.916,1824.06
JYOTIBA PHULE NAGAR,2012-13,1161.675,21295.01,,,573.202,697.4175,344.641,724.8047,243.832,707.2788,2129.5
JYOTIBA PHULE NAGAR,2013-14,1807.234,25355.7,,,1181.231,842.3561,351.182,851.1216,274.821,842.0923,2535.57
JYOTIBA PHULE NAGAR,2014-15,2066.708,30571.267,,,1200.583,1031.7206,543.29,1077.063,322.835,948.3431,3057.13
JYOTIBA PHULE NAGAR,2015-16,2125.036,36258.465,,,1172.057,1311.8207,587.059,1245.6071,365.92,1068.4187,3625.85
JYOTIBA PHULE NAGAR,2016-17,2271.006,44481.613,,,1141.441,1605.058,736.875,1561.7266,392.69,1281.3767,4448.16
JYOTIBA PHULE NAGAR,2017-18,2364.49,47435.967,,,1177.222,1469.2243,759.1,1674.6659,428.168,1599.7065,4743.6
KACHCHH,2009-10,1650.857,124085.639,,,519.249,3236.0796,452.184,1724.0137,679.424,7448.4706,12408.56
KACHCHH,2010-11,1734.354,140789.146,,,538.42,3587.5407,476.791,2086.1074,719.143,8405.2665,14078.91
KACHCHH,2011-12,1870.786,163722.218,,,568.617,4065.5225,516.139,2486.2618,786.03,9820.4375,16372.22
KACHCHH,2012-13,2069.22,190932.124,,,624.145,5023.9325,564.353,3146.2661,880.722,10923.0138,19093.21
KACHCHH,2013-14,2481.741,223138.9,,,819.709,6078.247,678.792,3726.0072,983.24,12509.6358,22313.89
KACHCHH,2014-15,2886.213,251862.063,,,977.413,6878.9429,802.327,4123.1685,1106.473,14184.0949,25186.21
KACHCHH,2015-16,3271.636,283220.209,,,1109.968,7852.0071,905.815,5202.5097,1255.853,15267.5041,28322.02
KACHCHH,2016-17,3612.637,322803.271,,,1059.268,8211.5184,1235.892,8174.8866,1317.477,15893.9221,32280.33
KACHCHH,2017-18,3596.81,345912.672,,,1070.61,8709.7738,1202.156,8323.9464,1324.044,17557.547,34591.27
KAIMUR,2009-10,419.493,10235.344,,,286.904,549.9854,132.589,473.549,,,1023.53
KAIMUR,2010-11,458.456,11748.546,,,308.439,639.1386,150.017,535.716,,,1174.85
KAIMUR,2011-12,522.983,14721.346,,,353.588,772.8379,169.395,699.2967,,,1472.13
KAIMUR,2012-13,628.372,17850.603,,,430.378,946.3022,197.994,838.7581,,,1785.06
KAIMUR,2013-14,756.112,21116.275,,,523.941,1166.9587,232.171,944.6688,,,2111.63
KAIMUR,2014-15,929.661,21803.868,,,668.733,1281.5911,260.928,898.7957,,,2180.39
KAIMUR,2015-16,1321.197,24977.83,,,980.559,1460.0301,340.638,1037.7529,,,2497.78
KAIMUR,2016-17,1606.068,29185.324,,,1134.703,1679.0833,471.365,1239.4491,,,2918.53
KAIMUR,2017-18,1741.965,30706.556,,,1233.116,1788.4877,508.849,1282.1679,,,3070.66
KAITHAL,2009-10,535.179,14646.848,,,123.135,205.2984,202.302,474.0664,209.742,785.32,1464.68
KAITHAL,2010-11,610.226,15577.77,,,136.762,220.7781,244.574,524.6863,228.89,812.3126,1557.78
KAITHAL,2011-12,668.312,17908.093,,,149.188,255.9282,273.762,613.2129,245.362,921.6682,1790.81
KAITHAL,2012-13,771.421,20461.156,,,176.438,288.0917,325.508,709.8053,269.475,1048.2186,2046.12
KAITHAL,2013-14,1016.098,24348.687,,,216.148,352.2171,381.087,854.9858,418.863,1227.6658,2434.87
KAITHAL,2014-15,1212.64,28800.823,,,270.067,552.0575,462.081,962.2611,480.492,1365.7637,2880.08
KAITHAL,2015-16,1526.269,31067.042,,,377.678,484.3822,598.901,1029.0965,549.69,1593.2255,3106.7
KAITHAL,2016-17,1698.955,39673.871,,,320.875,449.2003,779.33,1551.116,598.75,1967.0708,3967.39
KAITHAL,2017-18,1769.506,44657.258,,,344.354,508.1301,804.761,1730.9117,620.391,2226.684,4465.73
KAKCHING,2017-18,150.478,962.44,,,,,150.478,96.244,,,96.24
KALAHANDI,2009-10,411.635,10558.432,,,280.708,486.0142,130.927,569.829,,,1055.84
KALAHANDI,2010-11,491.463,12690.39,,,338.008,600.0417,153.455,668.9973,,,1269.04
KALAHANDI,2011-12,739.087,14951.594,,,509.155,664.2357,229.932,830.9237,,,1495.16
KALAHANDI,2012-13,743.762,17024.462,,,511.78,742.9158,231.982,959.5304,,,1702.45
KALAHANDI,2013-14,873.79,19508.811,,,600.951,814.4334,272.839,1136.4477,,,1950.88
KALAHANDI,2014-15,1077.911,22272.823,,,740.831,938.2311,337.08,1289.0512,,,2227.28
KALAHANDI,2015-16,1253.378,25059.844,,,852.76,1012.4212,400.618,1493.5632,,,2505.98
KALAHANDI,2016-17,1508.674,31235.953,,,977.931,1241.1258,530.743,1882.4695,,,3123.6
KALAHANDI,2017-18,1632.713,33582.197,,,1052.39,1279.6204,580.323,2078.5993,,,3358.22
KALIMPONG,2017-18,101.726,1830.989,,,101.726,183.0989,,,,,183.1
KAMAREDDY,2017-18,1237.32,20727.099,,,568.203,590.2669,669.117,1482.443,,,2072.71
KAMRUP,2009-10,741.919,19299.927,,,513.273,801.1159,129.854,313.5014,98.792,815.3754,1929.99
KAMRUP,2010-11,846.415,25584.276,,,573.725,1033.9357,154.004,420.349,118.686,1104.1429,2558.43
KAMRUP,2011-12,835.46,15751.237,,,658.307,1120.4381,177.153,454.6856,,,1575.12
KAMRUP,2012-13,925.491,19554.258,,,751.054,1458.7224,174.437,496.7034,,,1955.43
KAMRUP,2013-14,1123.406,23044.511,,,889.723,1684.6679,233.683,619.7832,,,2304.45
KAMRUP,2014-15,1427.497,28463.515,,,1142.897,2119.7476,284.6,726.6039,,,2846.35
KAMRUP,2015-16,1570.898,23116.237,,,1215.069,1494.5865,355.829,817.0372,,,2311.62
KAMRUP,2016-17,1908.981,28161.386,,,1498.621,1916.5317,410.36,899.6069,,,2816.14
KAMRUP,2017-18,2037.984,31842.979,,,1599.391,2143.0779,438.593,1041.22,,,3184.3
KAMRUP METROPOLITAN,2009-10,1559.364,195164.104,,,108.442,431.8998,18.52,73.0302,1432.402,19011.4804,19516.41
KAMRUP METROPOLITAN,2010-11,1689.428,231487.481,,,121.863,561.3364,19.346,91.9795,1548.219,22495.4322,23148.75
KAMRUP METROPOLITAN,2011-12,1957.214,283931.03,,,137.688,687.6865,21.19,108.3591,1798.336,27597.0574,28393.1
KAMRUP METROPOLITAN,2012-13,2126.701,324775.501,,,127.833,647.112,26.548,131.0045,1972.32,31699.4336,32477.55
KAMRUP METROPOLITAN,2013-14,2382.293,351199.029,,,138.338,870.3201,33.706,135.2136,2210.249,34114.3692,35119.9
KAMRUP METROPOLITAN,2014-15,2774.903,374640.41,,,157.617,1079.6323,62.248,320.5043,2555.038,36063.9044,37464.04
KAMRUP METROPOLITAN,2015-16,3356.516,383931.321,,,361.568,1619.3554,86.594,405.5539,2908.354,36368.2228,38393.13
KAMRUP METROPOLITAN,2016-17,3722.615,488646.627,,,363.668,1890.1897,80.801,462.5093,3278.146,46511.9637,48864.66
KAMRUP METROPOLITAN,2017-18,3828.382,549391.282,,,364.406,2046.2877,83.355,599.9985,3380.621,52292.842,54939.13
KANAUJ,2009-10,674.934,11363.389,,,297.978,283.6537,376.956,852.6852,,,1136.34
KANAUJ,2010-11,757.85,12806.105,,,327.582,322.8932,430.268,957.7173,,,1280.61
KANAUJ,2011-12,843.398,13920.349,,,352.727,336.807,490.671,1055.2279,,,1392.03
KANAUJ,2012-13,971.036,17651.352,,,390.429,405.5562,580.607,1359.579,,,1765.14
KANAUJ,2013-14,1198.159,22310.685,,,498.43,481.6522,699.729,1749.4163,,,2231.07
KANAUJ,2014-15,1383.744,26941.841,,,554.138,558.2276,829.606,2135.9565,,,2694.18
KANAUJ,2015-16,1645.766,28534.016,,,661.589,629.549,984.177,2223.8526,,,2853.4
KANAUJ,2016-17,1736.634,36386.433,,,654.312,808.0732,1082.322,2830.5701,,,3638.64
KANAUJ,2017-18,1928.748,37879.288,,,757.28,838.0635,1171.468,2949.8653,,,3787.93
KANCHEEPURAM,2009-10,2942.378,138288.398,,,659.304,2822.1659,1100.539,4169.2167,1182.535,6837.4572,13828.84
KANCHEEPURAM,2010-11,3248.745,163247.741,,,671.323,3904.8157,1276.603,5484.683,1300.819,6935.2754,16324.77
KANCHEEPURAM,2011-12,3738.339,193651.407,,,797.654,4413.2591,1512.933,6886.2743,1427.752,8065.6073,19365.14
KANCHEEPURAM,2012-13,4657.652,225339.726,,,953.839,3543.702,1304.904,4807.665,2398.909,14182.6056,22533.97
KANCHEEPURAM,2013-14,5693.894,268680.345,,,1286.995,3926.1713,1623.207,5833.5579,2783.692,17108.3053,26868.03
KANCHEEPURAM,2014-15,6655.11,324788.916,,,1572.878,4965.2346,1942.495,7383.3432,3139.737,20130.3138,32478.89
KANCHEEPURAM,2015-16,7419.431,383709.366,1157.345,9419.2268,1804.657,6347.8092,2422.589,10509.5708,2034.84,12094.3298,38370.94
KANCHEEPURAM,2016-17,7920.423,443405.586,1123.651,9606.4498,1291.304,5191.6815,3369.133,15681.1264,2136.335,13861.3009,44340.56
KANCHEEPURAM,2017-18,8304.006,500968.977,1164.602,10433.7975,1408.79,6831.8096,3518.41,18131.6258,2212.204,14699.6648,50096.9
KANDHAMAL,2009-10,221.767,7141.472,,,136.111,259.1363,85.656,455.0109,,,714.15
KANDHAMAL,2010-11,266.437,9218.234,,,166.467,347.9527,99.97,573.8707,,,921.82
KANDHAMAL,2011-12,326.305,10719.462,,,206.022,396.1463,120.283,675.7999,,,1071.95
KANDHAMAL,2012-13,397.862,11724.792,,,248.662,484.8883,149.2,687.5909,,,1172.48
KANDHAMAL,2013-14,497.16,13371.692,,,313.646,564.6203,183.514,772.5489,,,1337.17
KANDHAMAL,2014-15,601.174,14294.163,,,376.938,585.335,224.236,844.0813,,,1429.42
KANDHAMAL,2015-16,705.447,15397.498,,,440.536,601.4074,264.911,938.3424,,,1539.75
KANDHAMAL,2016-17,816.518,17399.066,,,516.406,713.4554,300.112,1026.4512,,,1739.91
KANDHAMAL,2017-18,870.924,19467.132,,,546.786,781.9167,324.138,1164.7965,,,1946.71
KANGRA,2009-10,1410.356,50899.759,,,1300.161,4250.5336,110.195,839.4423,,,5089.98
KANGRA,2010-11,1539.681,60952.02,,,1417.752,5077.2481,121.929,1017.9539,,,6095.2
KANGRA,2011-12,1713.311,73325.526,,,1575.294,6142.4697,138.017,1190.0829,,,7332.55
KANGRA,2012-13,1884.258,89144.443,,,1728.439,7468.1716,155.819,1446.2727,,,8914.44
KANGRA,2013-14,2099.154,104469.614,,,1930.642,8870.9748,168.512,1575.9866,,,10446.96
KANGRA,2014-15,2349.097,126239.981,,,2168.782,10791.6933,180.315,1832.3048,,,12624
KANGRA,2015-16,2539.732,137922.468,,,2325.137,11515.4678,214.595,2276.779,,,13792.25
KANGRA,2016-17,2755.54,167596.529,,,2519.233,13843.2212,236.307,2916.4317,,,16759.65
KANGRA,2017-18,2848.641,179507.511,,,2607.845,14903.1369,240.796,3047.6142,,,17950.75
KANKER,2009-10,312.949,5118.799,,,248.97,281.3036,63.979,230.5763,,,511.88
KANKER,2010-11,363.299,6312,,,284.761,329.7442,78.538,301.4558,,,631.2
KANKER,2011-12,484.715,7550.316,,,383.566,404.8849,101.149,350.1467,,,755.03
KANKER,2012-13,555.187,8943.349,,,420.534,473.3459,134.653,420.989,,,894.33
KANKER,2013-14,655.847,10118.387,,,469.232,560.1166,186.615,451.7221,,,1011.84
KANKER,2014-15,881.033,12154.906,,,634.306,644.817,246.727,570.6736,,,1215.49
KANKER,2015-16,919.781,13559.108,,,632.255,733.4075,287.526,622.5033,,,1355.91
KANKER,2016-17,1112.26,16868.267,,,661.26,790.2125,451,896.6142,,,1686.83
KANKER,2017-18,1129.5,19821.562,,,673.19,894.8121,456.31,1087.3441,,,1982.16
KANNUR,2009-10,2243.102,75728.831,,,235.817,406.4565,2007.285,7166.4266,,,7572.88
KANNUR,2010-11,2497.882,81317.068,,,258.422,423.2084,2239.46,7708.4984,,,8131.71
KANNUR,2011-12,2653.767,96239.796,,,234.804,440.342,2418.963,9183.6376,,,9623.98
KANNUR,2012-13,3107.52,114818.608,,,257.983,519.0475,2849.537,10962.8133,,,11481.86
KANNUR,2013-14,3833.819,138907.604,,,320.146,622.3929,3513.673,13268.3675,,,13890.76
KANNUR,2014-15,4206.592,169623.464,,,335.535,721.3456,3871.057,16241.0008,,,16962.35
KANNUR,2015-16,4539.292,192455.603,,,172.331,455.3133,4366.961,18790.247,,,19245.56
KANNUR,2016-17,4725.477,230746.657,,,143.698,483.7273,4581.779,22590.9384,,,23074.67
KANNUR,2017-18,4963.962,250149.804,,,152.354,522.3148,4811.608,24492.6656,,,25014.98
KANPUR DEHAT,2009-10,1422.413,16691.248,,,1070.104,1056.1037,352.309,613.0211,,,1669.12
KANPUR DEHAT,2010-11,1517.951,19230.775,,,1171.03,1276.3346,346.921,646.7429,,,1923.08
KANPUR DEHAT,2011-12,1599.88,22338.338,,,1209.62,1456.6624,390.26,777.1714,,,2233.83
KANPUR DEHAT,2012-13,1693.426,27387.386,,,1267.952,1770.9238,425.474,967.8148,,,2738.74
KANPUR DEHAT,2013-14,1933.523,32994.846,,,1442.74,2152.7698,490.783,1146.7148,,,3299.48
KANPUR DEHAT,2014-15,2253.466,35918.535,,,1651.978,2310.5342,601.488,1281.3193,,,3591.85
KANPUR DEHAT,2015-16,2470.932,39725.028,,,1782.487,2520.0104,688.445,1452.4924,,,3972.5
KANPUR DEHAT,2016-17,2207.564,40121.804,,,1445.545,2316.3936,762.019,1695.7868,,,4012.18
KANPUR DEHAT,2017-18,2274.385,44146.687,,,1463.313,2528.3799,811.072,1886.2888,,,4414.67
KANPUR NAGAR,2009-10,3768.864,214191.098,3415.886,20819.182,285.082,482.2953,67.896,117.6325,,,21419.11
KANPUR NAGAR,2010-11,4161.081,286060.191,3740.762,27757.4198,302.921,596.8394,117.398,251.7599,,,28606.02
KANPUR NAGAR,2011-12,4519.788,355741.914,3991.673,34492.0058,400.819,788.3733,127.296,293.8123,,,35574.19
KANPUR NAGAR,2012-13,4969.443,453802.82,4387.853,44043.0726,435.5,982.7742,146.09,354.4352,,,45380.28
KANPUR NAGAR,2013-14,5518.882,482943.893,4819.024,46681.1765,519.11,1190.8117,180.748,422.4011,,,48294.39
KANPUR NAGAR,2014-15,6299.293,541080.368,5457.358,52142.8427,623.299,1427.3318,218.636,537.8623,,,54108.04
KANPUR NAGAR,2015-16,6932.739,557159.095,5930.511,53540.0977,765.591,1632.2758,236.637,543.536,,,55715.91
KANPUR NAGAR,2016-17,7965.855,585083.302,6379.284,55127.1287,1024.913,2024.6026,561.658,1356.5989,,,58508.33
KANPUR NAGAR,2017-18,8104.101,602780.073,6450.259,56619.4681,1076.791,2198.4809,577.051,1460.0583,,,60278.01
KANSHIRAM NAGAR,2009-10,467.251,7549.865,,,153.168,136.6024,314.083,618.3841,,,754.99
KANSHIRAM NAGAR,2010-11,544.375,10095.743,,,177.227,255.1587,367.148,754.4156,,,1009.57
KANSHIRAM NAGAR,2011-12,593.601,10314.053,,,190.291,178.2395,403.31,853.1658,,,1031.41
KANSHIRAM NAGAR,2012-13,728.348,12375.462,,,219.56,208.4878,508.788,1029.0584,,,1237.55
KANSHIRAM NAGAR,2013-14,966.892,14408.256,,,282.561,235.449,684.331,1205.3766,,,1440.83
KANSHIRAM NAGAR,2014-15,1172.002,16247.178,,,306.784,265.0631,865.218,1359.6547,,,1624.72
KANSHIRAM NAGAR,2015-16,1335.654,18614.58,,,376.768,319.9058,958.886,1541.5522,,,1861.46
KANSHIRAM NAGAR,2016-17,1379.911,23244.844,,,305.81,322.6137,700.287,899.0172,373.814,1102.8535,2324.48
KANSHIRAM NAGAR,2017-18,1476.346,25123.973,,,360.548,333.1909,726.518,964.1987,389.28,1215.0077,2512.4
KANYAKUMARI,2009-10,3071.299,43958.988,,,388.21,838.0645,2225.777,1555.0127,457.312,2002.8216,4395.9
KANYAKUMARI,2010-11,1792.52,49025.975,,,400.095,931.4031,874.938,1813.0879,517.487,2158.1065,4902.6
KANYAKUMARI,2011-12,1992.848,55416.787,,,473.769,1073.7974,996.554,2033.9178,522.525,2433.9635,5541.68
KANYAKUMARI,2012-13,2425.116,62235.347,,,585.02,1393.4615,1237.181,2261.977,602.915,2568.0962,6223.53
KANYAKUMARI,2013-14,2831.438,69828.24,,,663.332,1588.0162,1478.379,2615.786,689.727,2779.0218,6982.82
KANYAKUMARI,2014-15,3116.424,82320.474,,,730.309,1910.4888,1641.534,3058.2429,744.581,3263.3157,8232.05
KANYAKUMARI,2015-16,3347.808,95989.224,,,713.544,2016.7085,1843.616,3795.1216,790.648,3787.0923,9598.92
KANYAKUMARI,2016-17,3590.442,110105.697,,,1024.097,2908.5188,1744.819,3937.2831,821.526,4164.7678,11010.57
KANYAKUMARI,2017-18,3770.263,119788.231,,,1063.905,3209.1013,1844.785,4248.9432,861.573,4520.7786,11978.82
KAPURTHALA,2009-10,1119.826,69897.922,,,346.888,1829.7945,368.508,2072.1735,404.43,3087.8242,6989.79
KAPURTHALA,2010-11,1210.883,77319.913,,,380.545,2013.2454,405.024,2389.5899,425.314,3329.156,7731.99
KAPURTHALA,2011-12,1308.181,87945.732,,,433.788,2508.5713,432.828,2576.1788,441.565,3709.8231,8794.57
KAPURTHALA,2012-13,1442.103,104076.098,,,490.758,3005.9466,483.235,3087.3546,468.11,4314.3086,10407.61
KAPURTHALA,2013-14,1594.251,123061.799,,,569.178,3635.0781,535.049,3599.2678,490.024,5071.834,12306.18
KAPURTHALA,2014-15,1765.928,136969.687,,,653.083,4111.8071,588.221,4066.3216,524.624,5518.84,13696.97
KAPURTHALA,2015-16,1970.902,152431.746,,,757.057,4632.0144,635.103,4629.1051,578.742,5982.0551,15243.17
KAPURTHALA,2016-17,2121.293,168971.527,,,725.817,4282.2722,1395.476,12614.8805,,,16897.15
KAPURTHALA,2017-18,2223.128,178481.613,,,772.733,4551.5859,1450.395,13296.5754,,,17848.16
KARAIKAL,2009-10,220.621,7835.311,,,60.91,139.3101,159.711,644.221,,,783.53
KARAIKAL,2010-11,236.586,8629.219,,,66.217,150.9501,170.369,711.9718,,,862.92
KARAIKAL,2011-12,259.836,9215.383,,,74.379,172.2445,185.457,749.2938,,,921.54
KARAIKAL,2012-13,294.649,10242.368,,,78.992,178.2612,215.657,845.9756,,,1024.24
KARAIKAL,2013-14,350.833,11429.882,,,102.238,210.1459,248.595,932.8423,,,1142.99
KARAIKAL,2014-15,389.586,13326.318,,,113.607,241.4708,275.979,1091.161,,,1332.63
KARAIKAL,2015-16,425.181,14860.959,,,120.329,274.2612,304.852,1211.8347,,,1486.1
KARAIKAL,2016-17,450.184,17374.958,,,128.88,320.886,321.304,1416.6098,,,1737.5
KARAIKAL,2017-18,468.64,19126.225,,,137.9,350.1254,330.74,1562.4971,,,1912.62
KARAULI,2009-10,380.583,8948.932,,,169.177,277.4719,211.406,617.4213,,,894.89
KARAULI,2010-11,422.555,9876.892,,,192.833,321.3422,229.722,666.347,,,987.69
KARAULI,2011-12,504.913,12065.567,,,240.276,411.6475,264.637,794.9092,,,1206.56
KARAULI,2012-13,576.102,13895.87,,,275.885,479.5667,300.217,910.0203,,,1389.59
KARAULI,2013-14,734.535,16098.588,,,359.124,559.4667,375.411,1050.3921,,,1609.86
KARAULI,2014-15,951.288,18505.493,,,477.976,657.6902,473.312,1192.8591,,,1850.55
KARAULI,2015-16,1275,20551.454,,,659.914,727.6995,615.086,1327.4459,,,2055.15
KARAULI,2016-17,1396.486,27366.246,,,731.735,935.0645,355.331,977.4666,309.42,824.0935,2736.62
KARAULI,2017-18,1524.427,27968.628,,,793.356,981.2113,401.104,937.3963,329.967,878.2552,2796.86
KARBI ANGLONG,2009-10,289.635,8826.574,,,211.596,234.4029,78.039,648.2545,,,882.66
KARBI ANGLONG,2010-11,356.325,8861.989,,,268.045,290.4128,88.28,595.7861,,,886.2
KARBI ANGLONG,2011-12,406.296,10078.846,,,306.986,319.6379,99.31,688.2467,,,1007.88
KARBI ANGLONG,2012-13,459.693,11547.485,,,349.547,371.9244,110.146,782.8241,,,1154.75
KARBI ANGLONG,2013-14,539.916,14346.158,,,411.447,393.5622,128.469,1041.0536,,,1434.62
KARBI ANGLONG,2014-15,696.069,16855.01,,,531.787,446.3788,164.282,1239.1222,,,1685.5
KARBI ANGLONG,2015-16,785.052,15060.881,,,600.056,517.9485,184.996,988.1396,,,1506.09
KARBI ANGLONG,2016-17,908.926,17064.807,,,701.059,617.3371,207.867,1089.1436,,,1706.48
KARBI ANGLONG,2017-18,673.134,18791.018,,,456.8,470.3217,216.334,1408.7801,,,1879.1
KARGIL,2009-10,104.618,3712.55,,,47.508,120.1174,57.11,251.1376,,,371.26
KARGIL,2010-11,108.448,4570.511,,,50.232,149.9734,58.216,307.0777,,,457.05
KARGIL,2011-12,114.22,5396.503,,,50.802,169.9728,63.418,369.6775,,,539.65
KARGIL,2012-13,116.519,6490.161,,,58.352,226.468,58.167,422.5481,,,649.02
KARGIL,2013-14,137.777,7243.016,,,67.378,265.9446,70.399,458.357,,,724.3
KARGIL,2014-15,156.955,7611.327,,,76.62,278.6487,80.335,482.484,,,761.13
KARGIL,2015-16,174.36,8955.139,,,69.287,278.1561,105.073,617.3578,,,895.51
KARGIL,2016-17,200.921,10037.057,,,80.76,332.9938,120.161,670.7119,,,1003.71
KARGIL,2017-18,212.155,11047.186,,,87.269,377.1643,124.886,727.5543,,,1104.72
KARIMGANJ,2009-10,417.829,9951.131,,,244.927,275.0511,172.902,720.062,,,995.11
KARIMGANJ,2010-11,493.014,11908.915,,,296.461,348.6751,196.553,842.2164,,,1190.89
KARIMGANJ,2011-12,535.897,14069.671,,,329.297,409.2404,206.6,997.7267,,,1406.97
KARIMGANJ,2012-13,612.382,16269.173,,,372.569,497.3717,239.813,1129.5456,,,1626.92
KARIMGANJ,2013-14,648.844,15313.597,,,434.616,572.2175,214.228,959.1422,,,1531.36
KARIMGANJ,2014-15,862.433,21941.069,,,540.895,633.2616,321.538,1560.8453,,,2194.11
KARIMGANJ,2015-16,1053.914,24663.566,,,660.194,753.7489,393.72,1712.6077,,,2466.36
KARIMGANJ,2016-17,1369.651,28736.753,,,935.342,857.7316,434.309,2015.9437,,,2873.68
KARIMGANJ,2017-18,1460.408,30721.635,,,1008.415,936.7932,451.993,2135.3703,,,3072.16
KARIMNAGAR,2009-10,2627.941,57455.478,,,880.01,1382.9609,1240.321,2610.0382,507.61,1752.5487,5745.55
KARIMNAGAR,2010-11,2913.529,63395.035,,,962.303,1455.6686,1298.711,2618.8895,652.515,2264.9454,6339.5
KARIMNAGAR,2011-12,2918.223,73490.758,,,1021.721,1696.6664,1249.502,2966.8858,647,2685.5236,7349.08
KARIMNAGAR,2012-13,3327.189,86525.796,,,1167.908,2023.9487,1433.438,3490.2576,725.843,3138.3733,8652.58
KARIMNAGAR,2013-14,4115.994,98053.731,,,1530.137,2322.1869,1685.939,3975.3056,899.918,3507.8806,9805.37
KARIMNAGAR,2014-15,4860.091,115922.321,,,1806.395,2780.0201,1949.992,4615.1387,1103.704,4197.0733,11592.23
KARIMNAGAR,2015-16,5600.124,130333.462,,,2263.049,3116.7033,1976.368,4507.7024,1360.707,5408.9405,13033.35
KARIMNAGAR,2016-17,6459.82,171849.699,,,2428.696,4400.5787,2090.239,4806.5972,1940.885,7977.794,17184.97
KARIMNAGAR,2017-18,2442.832,78649.124,,,795.619,1436.3913,466.831,883.9667,1180.382,5544.5544,7864.91
KARNAL,2009-10,970.268,41633.584,,,187.691,373.6816,235.246,738.4054,547.331,3051.2714,4163.36
KARNAL,2010-11,1085.304,47946.778,,,204.569,408.0814,274.503,894.7423,606.232,3491.8541,4794.68
KARNAL,2011-12,1200.081,57626.37,,,232.63,495.3651,316.471,1031.852,650.98,4235.4199,5762.64
KARNAL,2012-13,1373.427,63517.834,,,282.681,613.6936,372.43,1213.0226,718.316,4525.0672,6351.78
KARNAL,2013-14,1725.311,76212.167,,,360.448,780.4475,447.659,1489.8023,917.204,5350.9669,7621.22
KARNAL,2014-15,2064.35,87792.991,,,486.073,943.3844,550.43,1638.4359,1027.847,6197.4788,8779.3
KARNAL,2015-16,2437.946,96040.966,,,607.021,1042.3674,677.513,1779.7907,1153.412,6781.9385,9604.1
KARNAL,2016-17,2716.063,115247.534,,,694.773,1444.2412,767.084,2143.7751,1254.206,7936.7371,11524.75
KARNAL,2017-18,2839.546,126943.903,,,738.967,1608.0161,815.594,2348.0722,1284.985,8738.302,12694.39
KARUR,2009-10,797.944,20593.733,,,231.281,418.8611,566.663,1640.5122,,,2059.37
KARUR,2010-11,868.995,42819.749,,,250.804,490.6965,618.191,3791.2784,,,4281.97
KARUR,2011-12,972.492,57652.709,,,294.021,563.3054,678.471,5201.9655,,,5765.27
KARUR,2012-13,1106.71,67353.995,,,357.6,603.1975,749.11,6132.202,,,6735.4
KARUR,2013-14,1317.537,75332.896,,,422.168,647.7071,895.369,6885.5825,,,7533.29
KARUR,2014-15,1479.511,64074.662,,,474.233,720.6133,1005.278,5686.8529,,,6407.47
KARUR,2015-16,1608.006,39834.453,,,511.518,792.6124,1096.488,3190.8329,,,3983.45
KARUR,2016-17,1712.307,47079.593,,,533.672,948.5106,1178.635,3759.4487,,,4707.96
KARUR,2017-18,1791.224,49197.353,,,558.984,1001.6333,1232.24,3918.102,,,4919.74
KASARAGOD,2009-10,1151.797,25422.006,,,204.096,278.5694,695.852,1518.3447,251.849,745.2865,2542.2
KASARAGOD,2010-11,1278.207,26123.853,,,230.982,300.1857,769.637,1592.9181,277.588,719.2815,2612.39
KASARAGOD,2011-12,1375.154,31325.475,,,246.326,382.4965,833.546,1886.7043,295.282,863.3467,3132.55
KASARAGOD,2012-13,1578.419,37288.014,,,289.14,475.2667,950.95,2234.8986,338.329,1018.6361,3728.8
KASARAGOD,2013-14,1942.609,45760.948,,,363.577,593.4672,1163.377,2678.6841,415.655,1303.9435,4576.09
KASARAGOD,2014-15,2139.874,55275.822,,,407.728,710.6053,1278.274,3201.2045,453.872,1615.7724,5527.58
KASARAGOD,2015-16,2271.672,61751.146,,,448.855,844.4916,1355.782,3587.3668,467.035,1743.2562,6175.11
KASARAGOD,2016-17,2350.117,73886.398,,,493.545,1068.1631,1378.246,4286.4681,478.326,2034.0086,7388.64
KASARAGOD,2017-18,2501.377,78223.656,,,564.024,1225.8388,1420.973,4414.168,516.38,2182.3588,7822.37
KATHUA,2009-10,422.303,12831.156,,,292.654,808.8192,129.649,474.2964,,,1283.12
KATHUA,2010-11,482.544,14771.205,,,338.247,925.6134,144.297,551.5071,,,1477.12
KATHUA,2011-12,555.279,17770.094,,,390.82,1100.4028,164.459,676.6066,,,1777.01
KATHUA,2012-13,657.707,22475.645,,,465.243,1389.7251,192.464,857.8394,,,2247.56
KATHUA,2013-14,724.571,26725.605,,,512.893,1655.1939,211.678,1017.3666,,,2672.56
KATHUA,2014-15,854.519,29989.99,,,608.962,1882.4399,245.557,1116.5591,,,2999
KATHUA,2015-16,924.606,34052.019,,,656.422,2137.1453,268.184,1268.0566,,,3405.2
KATHUA,2016-17,1046.106,40654.795,,,745.703,2586.6742,300.403,1478.8053,,,4065.48
KATHUA,2017-18,1128.187,45349.65,,,811.555,2939.3528,316.632,1595.6122,,,4534.96
KATIHAR,2009-10,664.994,15714.074,,,397.303,561.5776,85.526,124.6046,182.165,885.2252,1571.41
KATIHAR,2010-11,752.639,18112.875,,,453.097,642.2982,91.658,142.3379,207.884,1026.6514,1811.29
KATIHAR,2011-12,871.117,20602.84,,,540.624,694.2866,102.259,164.5601,228.234,1201.4373,2060.28
KATIHAR,2012-13,1048.086,24433.685,,,672.778,750.4434,115.734,176.3292,259.574,1516.5959,2443.37
KATIHAR,2013-14,1228.845,27742.427,,,801.947,922.3158,137.544,211.5911,289.354,1640.3358,2774.24
KATIHAR,2014-15,1522.47,30668.466,,,1015.872,1029.6196,167.754,246.946,338.844,1790.281,3066.85
KATIHAR,2015-16,2090.076,35310.006,,,1377.595,1092.1084,295.928,327.238,416.553,2111.6542,3531
KATIHAR,2016-17,2594.303,44744.242,,,1584.331,1283.1645,522.492,547.8156,487.48,2643.4441,4474.42
KATIHAR,2017-18,2919.616,50227.696,,,1810.061,1532.4214,584.464,657.528,525.091,2832.8202,5022.77
KATNI,2009-10,519.424,15167.712,,,247.259,414.032,43.806,123.1627,228.359,979.5765,1516.77
KATNI,2010-11,607.978,17714.759,,,311.206,522.5547,50.082,148.079,246.69,1100.8422,1771.48
KATNI,2011-12,726.423,21100.506,,,398.573,659.9191,59.169,177.6097,268.681,1272.5218,2110.05
KATNI,2012-13,834.343,24258.052,,,451.475,710.9001,73.549,209.3448,309.319,1505.5603,2425.81
KATNI,2013-14,1024.625,28350.743,,,566.173,843.5987,101.007,245.5908,357.445,1745.8848,2835.07
KATNI,2014-15,1285.366,32395.478,,,728.535,931.8896,133.795,276.8857,423.036,2030.7725,3239.55
KATNI,2015-16,1497.147,36034.473,,,874.668,1164.3257,140.898,249.6549,481.581,2189.4667,3603.45
KATNI,2016-17,1618.381,43342.088,,,944.104,1447.1431,149.464,297.2767,524.813,2589.789,4334.21
KATNI,2017-18,1703.651,46693.412,,,998.726,1520.9831,154.663,322.3406,550.262,2826.0175,4669.34
KAUSHAMBI,2009-10,526.201,8131.906,,,391.459,477.1734,134.742,336.0172,,,813.19
KAUSHAMBI,2010-11,623.688,10021.07,,,449.49,573.2097,174.198,428.8973,,,1002.11
KAUSHAMBI,2011-12,727.979,11902.768,,,512.159,682.0015,215.82,508.2753,,,1190.28
KAUSHAMBI,2012-13,857.295,15021.795,,,600.034,819.6344,257.261,682.5451,,,1502.18
KAUSHAMBI,2013-14,1039.414,17803.127,,,744.318,1001.992,295.096,778.3207,,,1780.31
KAUSHAMBI,2014-15,1259.697,20787.422,,,906.311,1179.7937,353.386,898.9485,,,2078.74
KAUSHAMBI,2015-16,1451.511,22691.747,,,1024.782,1320.6385,426.729,948.5362,,,2269.17
KAUSHAMBI,2016-17,1582.47,27425.667,,,1036.724,1519.9441,545.746,1222.6226,,,2742.57
KAUSHAMBI,2017-18,1651.435,30401.59,,,1081.898,1681.9313,569.537,1358.2277,,,3040.16
KAWARDHA,2009-10,244.399,4116.637,,,131.85,105.4781,112.549,306.1856,,,411.66
KAWARDHA,2010-11,288.687,5778.509,,,156.616,118.9045,132.071,458.9464,,,577.85
KAWARDHA,2011-12,346.276,6254.31,,,198.301,146.2416,147.975,479.1894,,,625.43
KAWARDHA,2012-13,397.12,7238.352,,,221.904,167.2327,175.216,556.6025,,,723.84
KAWARDHA,2013-14,546.963,8021.045,,,231.285,181.9131,315.678,620.1914,,,802.1
KAWARDHA,2014-15,760.254,8912.16,,,319.252,184.8285,441.002,706.3875,,,891.22
KAWARDHA,2015-16,976.56,10306.809,,,408.482,227.556,568.078,803.1249,,,1030.68
KAWARDHA,2016-17,1235.244,13310.184,,,464.259,319.9474,770.985,1011.071,,,1331.02
KAWARDHA,2017-18,1281.715,14624.284,,,483.695,353.6173,798.02,1108.8111,,,1462.43
KENDRAPARA,2009-10,674.768,12852.415,,,526.497,728.0738,148.271,557.1677,,,1285.24
KENDRAPARA,2010-11,711.496,15530.678,,,540.017,857.2822,171.479,695.7856,,,1553.07
KENDRAPARA,2011-12,848.3,18893.251,,,641.628,1044.9058,206.672,844.4193,,,1889.33
KENDRAPARA,2012-13,1004.255,22996.268,,,721.485,1264.7661,282.77,1034.8607,,,2299.63
KENDRAPARA,2013-14,1182.747,27192.15,,,850.109,1546.2218,332.638,1172.9932,,,2719.22
KENDRAPARA,2014-15,1437.195,31825.745,,,1031.375,1831.1959,405.82,1351.3786,,,3182.57
KENDRAPARA,2015-16,1620.231,34720.802,,,1145.346,1964.1322,474.885,1507.948,,,3472.08
KENDRAPARA,2016-17,1843.281,41457.975,,,1306.927,2373.1508,536.354,1772.6467,,,4145.8
KENDRAPARA,2017-18,1937.662,46066.01,,,1370.384,2611.8632,567.278,1994.7378,,,4606.6
KEONJHAR,2009-10,916.813,37501.259,,,602.795,925.5492,314.018,2824.5767,,,3750.13
KEONJHAR,2010-11,899.504,43643.699,,,553.256,1174.7664,346.248,3189.6035,,,4364.37
KEONJHAR,2011-12,1031.337,50446.676,,,636.12,1327.9679,395.217,3716.6997,,,5044.67
KEONJHAR,2012-13,1225.452,57071.554,,,772.249,1461.132,453.203,4246.0234,,,5707.16
KEONJHAR,2013-14,1440.907,59885.821,,,925.886,1763.4032,515.021,4225.1789,,,5988.58
KEONJHAR,2014-15,1760.118,66329.929,,,1145.423,1972.9403,614.695,4660.0526,,,6632.99
KEONJHAR,2015-16,2014.451,67685.319,,,1299.259,2192.106,715.192,4576.4259,,,6768.53
KEONJHAR,2016-17,2283.015,86401.389,,,1426.144,2398.499,856.871,6241.6399,,,8640.14
KEONJHAR,2017-18,2462.262,98622.316,,,1540.878,2602.0474,921.384,7260.1842,,,9862.23
KHAGARIA,2009-10,343.88,7992.209,,,118.04,186.4946,225.84,612.7263,,,799.22
KHAGARIA,2010-11,401.369,9565.779,,,149.41,204.595,251.959,751.9829,,,956.58
KHAGARIA,2011-12,454.981,10877.617,,,150.328,221.411,304.653,866.3507,,,1087.76
KHAGARIA,2012-13,523.255,13214.675,,,167.629,277.0082,355.626,1044.4593,,,1321.47
KHAGARIA,2013-14,645.723,15216.198,,,207.454,336.4252,438.269,1185.1946,,,1521.62
KHAGARIA,2014-15,814.073,17889.529,,,279.261,381.6632,534.812,1407.2897,,,1788.95
KHAGARIA,2015-16,1106.354,20071.035,,,399.31,452.5796,707.044,1554.5239,,,2007.1
KHAGARIA,2016-17,1382.616,23230.473,,,379.926,358.2814,1002.69,1964.7659,,,2323.05
KHAGARIA,2017-18,1502.162,27503.468,,,416.47,444.0127,1085.692,2306.3341,,,2750.35
KHAMMAM,2009-10,1722.488,34471.876,,,650.37,793.8211,685.31,1553.81,386.808,1099.5565,3447.19
KHAMMAM,2010-11,1904.89,41757.686,,,721.949,886.8281,759.391,1999.2799,423.55,1289.6606,4175.77
KHAMMAM,2011-12,1877.789,52494.708,,,720.346,990.7914,728.75,2726.9809,428.693,1531.6985,5249.47
KHAMMAM,2012-13,2302.292,59294.894,,,922.746,1188.5323,863.713,2906.1704,515.833,1834.7867,5929.49
KHAMMAM,2013-14,3518.452,68192.297,,,1666.669,1357.8196,1217.31,3456.8105,634.473,2004.5996,6819.23
KHAMMAM,2014-15,4102.383,77986.417,,,1867.611,1533.5643,1474.487,3758.7797,760.285,2506.2977,7798.64
KHAMMAM,2015-16,4168.991,84377.474,,,1863.21,1871.0962,1492.671,3879.2237,813.11,2687.4275,8437.75
KHAMMAM,2016-17,4857.925,114793.273,,,1775.552,2058.5251,2125.3,5933.5529,957.073,3487.2493,11479.33
KHAMMAM,2017-18,2660,62841.343,,,1084.621,1797.4791,671.099,1016.8556,904.28,3469.7996,6284.13
KHEDA,2009-10,1291.279,48681.951,,,387.051,962.5385,429.256,1247.6253,474.972,2658.0313,4868.2
KHEDA,2010-11,1371.871,56918.86,,,420.808,1186.2994,468.447,1525.131,482.616,2980.4556,5691.89
KHEDA,2011-12,1543.903,68605.81,,,471.805,1391.4016,527.902,1813.9642,544.196,3655.2152,6860.58
KHEDA,2012-13,1770.403,81269.598,,,567.155,1723.9543,605.673,2146.7388,597.575,4256.2667,8126.96
KHEDA,2013-14,2053.76,90901.321,,,698.752,1850.5856,709.485,2291.6496,645.523,4947.8969,9090.13
KHEDA,2014-15,2387.423,103145.618,,,849.686,2177.5711,834.223,2577.9186,703.514,5559.0721,10314.56
KHEDA,2015-16,2615.833,111889.3,,,930.013,2343.4369,946.257,2846.2026,739.563,5999.2905,11188.93
KHEDA,2016-17,2843.198,125129.605,,,992.502,2621.3111,1079.694,3351.8618,771.002,6539.7876,12512.96
KHEDA,2017-18,2925.375,129086.273,,,1048.257,2739.6455,1110.258,3472.9862,766.86,6695.9956,12908.63
KHERI,2009-10,1461.912,24721.494,,,874.562,979.6077,375.34,689.8182,212.01,802.7235,2472.15
KHERI,2010-11,1548.925,29239.994,,,825.614,1163.7985,470.248,832.4766,253.063,927.7243,2924
KHERI,2011-12,1806.978,32200.842,,,1024.735,1228.7903,505.737,904.7848,276.506,1086.5091,3220.08
KHERI,2012-13,2133.098,38331.261,,,1225.028,1357.9733,593.073,1064.5318,314.997,1410.621,3833.13
KHERI,2013-14,2625.236,39861.226,,,1516.299,1379.7863,750.238,1178.0869,358.699,1428.2494,3986.12
KHERI,2014-15,2661.53,45904.033,,,1516.738,1483.135,733.139,1396.1801,411.653,1711.0882,4590.4
KHERI,2015-16,3705.028,51000.457,,,2101.34,1724.8,1131.369,1632.5929,472.319,1742.6528,5100.05
KHERI,2016-17,4196.475,63592.174,,,2226.322,2080.0992,1446.259,2269.8129,523.894,2009.3053,6359.22
KHERI,2017-18,4471.049,70559.098,,,2390.602,2276.0176,1544.995,2510.863,535.452,2269.0292,7055.91
KHOWAI,2012-13,232.361,4968.187,,,70.961,101.5968,161.4,395.2219,,,496.82
KHOWAI,2013-14,321.767,5962.448,,,116.904,134.7191,204.863,461.5257,,,596.24
KHOWAI,2014-15,389.708,6818.864,,,147.922,162.3418,241.786,519.5446,,,681.89
KHOWAI,2015-16,219.263,2208.757,,,204.928,197.1339,14.335,23.7418,,,220.88
KHOWAI,2016-17,245.628,2820.066,,,227.044,252.7329,18.584,29.2737,,,282.01
KHOWAI,2017-18,266.672,3230.501,,,247.308,292.3921,19.364,30.658,,,323.05
KHUNTI,2009-10,192.071,3871.616,,,116.398,180.5685,75.673,206.5931,,,387.16
KHUNTI,2010-11,235.889,4845.411,,,141.492,219.0472,94.397,265.4939,,,484.54
KHUNTI,2011-12,276.329,5708.058,,,165.888,238.9502,110.441,331.8556,,,570.81
KHUNTI,2012-13,346.797,6561.987,,,211.046,277.9328,135.751,378.2659,,,656.2
KHUNTI,2013-14,405.334,7430.187,,,243.114,315.1108,162.22,427.9079,,,743.02
KHUNTI,2014-15,459.401,8973.51,,,277.28,362.4393,182.121,534.9117,,,897.35
KHUNTI,2015-16,580.558,10780.491,,,365.783,460.0354,214.775,618.0137,,,1078.05
KHUNTI,2016-17,694.493,13311.266,,,447.879,578.8506,246.614,752.276,,,1331.13
KHUNTI,2017-18,745.171,13956.764,,,478.838,623.7935,266.333,771.8829,,,1395.68
KHURDA,2009-10,2157.919,247454.254,,,349.957,867.5164,230.412,871.7912,1577.55,23006.1178,24745.43
KHURDA,2010-11,2418.446,330335.865,,,388.567,1056.5162,259.187,1174.0977,1770.692,30802.9726,33033.59
KHURDA,2011-12,2739.692,408863.7,,,476.353,1469.2643,332.622,1353.9498,1930.717,38063.1559,40886.37
KHURDA,2012-13,3155.916,429185.858,,,555.773,1652.0259,392.565,1521.6152,2207.578,39744.9447,42918.59
KHURDA,2013-14,3604.208,500514.661,,,675.832,1908.211,455.86,1740.7964,2472.516,46402.4587,50051.47
KHURDA,2014-15,4267.709,575326.587,,,890.021,2414.1176,554.149,1959.2606,2823.539,53159.2805,57532.66
KHURDA,2015-16,4895.586,626685.656,,,1016.479,2675.0378,654.496,2203.9787,3224.611,57789.5491,62668.57
KHURDA,2016-17,5476.395,703384.824,,,1120.945,2778.9516,723.856,2428.2165,3631.594,65131.3143,70338.48
KHURDA,2017-18,5699.419,789204.425,,,1199.68,2999.9305,745.263,2896.2635,3754.476,73024.2485,78920.44
KINNAUR,2009-10,67.042,3132.815,,,67.042,313.2815,,,,,313.28
KINNAUR,2010-11,79.17,3774.761,,,79.17,377.4761,,,,,377.48
KINNAUR,2011-12,81.402,4424.493,,,81.402,442.4493,,,,,442.45
KINNAUR,2012-13,87.455,4963.765,,,87.455,496.3765,,,,,496.38
KINNAUR,2013-14,95.97,5646.227,,,95.97,564.6227,,,,,564.62
KINNAUR,2014-15,106.737,6348.413,,,106.737,634.8413,,,,,634.84
KINNAUR,2015-16,115.211,6892.958,,,115.211,689.2958,,,,,689.3
KINNAUR,2016-17,131.347,8274.751,,,131.347,827.4751,,,,,827.48
KINNAUR,2017-18,133.538,8387.521,,,133.538,838.7521,,,,,838.75
KIPHIRE,2009-10,6.2,214.752,,,,,6.2,21.4752,,,21.48
KIPHIRE,2010-11,7.794,294.501,,,,,7.794,29.4501,,,29.45
KIPHIRE,2011-12,9.452,233.724,,,,,9.452,23.3724,,,23.37
KIPHIRE,2012-13,10.01,347.057,,,,,10.01,34.7057,,,34.71
KIPHIRE,2013-14,13.026,264.881,,,1.947,1.391,11.079,25.0971,,,26.49
KIPHIRE,2014-15,17.999,277.604,,,2.381,1.967,15.618,25.7934,,,27.76
KIPHIRE,2015-16,20.888,283.909,,,3.072,3.1895,17.816,25.2014,,,28.39
KIPHIRE,2016-17,23.309,468.079,,,4.05,6.0046,19.259,40.8033,,,46.81
KIPHIRE,2017-18,24.3,477.92,,,4.911,7.1622,19.389,40.6298,,,47.79
KISHANGANJ,2009-10,299.814,7142.72,,,174.135,222.3108,125.679,491.9612,,,714.27
KISHANGANJ,2010-11,340.934,8112.287,,,190.674,253.9178,150.26,557.3109,,,811.23
KISHANGANJ,2011-12,395.69,9281.015,,,224.579,299.49,171.111,628.6115,,,928.1
KISHANGANJ,2012-13,494.195,10260.493,,,276.154,321.1577,218.041,704.8916,,,1026.05
KISHANGANJ,2013-14,594.464,11405.497,,,330.722,384.218,263.742,756.3317,,,1140.55
KISHANGANJ,2014-15,804.997,13742.984,,,473.253,423.5889,331.744,950.7095,,,1374.3
KISHANGANJ,2015-16,1336.174,15635.331,,,803.003,483.0181,533.171,1080.515,,,1563.53
KISHANGANJ,2016-17,1720.445,22798.572,,,933.02,583.6303,426.486,322.7489,360.939,1373.478,2279.86
KISHANGANJ,2017-18,1879.669,24511.442,,,1030.257,652.8045,465.259,346.2119,384.153,1452.1278,2451.14
KISHTWAR,2009-10,102.405,3342.748,,,35.794,67.0105,66.611,267.2643,,,334.27
KISHTWAR,2010-11,134.235,4191.711,,,53.845,90.0972,80.39,329.0739,,,419.17
KISHTWAR,2011-12,158.129,5920.293,,,59.342,139.5064,98.787,452.5229,,,592.03
KISHTWAR,2012-13,206.934,6691.9,,,93.594,172.1873,113.34,497.0027,,,669.19
KISHTWAR,2013-14,234.004,7717.519,,,112.081,200.0069,121.923,571.745,,,771.75
KISHTWAR,2014-15,280.504,8029.63,,,137.522,219.501,142.982,583.462,,,802.96
KISHTWAR,2015-16,306.196,9142.632,,,137.667,220.7062,168.529,693.557,,,914.26
KISHTWAR,2016-17,342.479,10990.775,,,155.193,266.8496,187.286,832.2279,,,1099.08
KISHTWAR,2017-18,365.139,12161.253,,,166.053,301.198,199.086,914.9273,,,1216.13
KODAGU,2009-10,544.251,17802.491,,,338.472,893.2788,205.779,886.9703,,,1780.25
KODAGU,2010-11,596.28,21518.15,,,369.165,1089.6374,227.115,1062.1776,,,2151.82
KODAGU,2011-12,659.742,25760.289,,,406.93,1286.7056,252.812,1289.3233,,,2576.03
KODAGU,2012-13,764.826,29613.193,,,467.997,1479.2919,296.829,1482.0274,,,2961.32
KODAGU,2013-14,875.095,34254.363,,,544.981,1711.6773,330.114,1713.759,,,3425.44
KODAGU,2014-15,1021.721,38520.017,,,645.089,1939.9387,376.632,1912.063,,,3852
KODAGU,2015-16,1054.563,42915.678,,,654.59,2107.389,399.973,2184.1788,,,4291.57
KODAGU,2016-17,1114.727,47976.04,,,699.023,2370.9129,415.704,2426.6911,,,4797.6
KODAGU,2017-18,1163.162,49052.448,,,735.852,2385.6188,427.31,2519.626,,,4905.24
KODERMA,2009-10,276.704,9237.199,,,113.311,282.1916,163.393,641.5283,,,923.72
KODERMA,2010-11,323.528,10491.736,,,133.944,339.7096,189.584,709.464,,,1049.17
KODERMA,2011-12,359.797,12380.847,,,160.118,384.1232,199.679,853.9615,,,1238.08
KODERMA,2012-13,418.649,14319.744,,,193.284,487.2036,225.365,944.7708,,,1431.97
KODERMA,2013-14,515.674,16435.697,,,249.005,561.5122,266.669,1082.0575,,,1643.57
KODERMA,2014-15,606.628,18744.669,,,296.535,637.1845,310.093,1237.2824,,,1874.47
KODERMA,2015-16,772.696,22213.266,,,397.665,770.9944,375.031,1450.3322,,,2221.33
KODERMA,2016-17,895.504,26211.649,,,471.861,948.8233,423.643,1672.3416,,,2621.16
KODERMA,2017-18,985.276,27241.298,,,528.701,1002.1242,456.575,1722.0056,,,2724.13
KOHIMA,2009-10,136.109,17140.824,,,28.819,58.0162,107.29,1656.0662,,,1714.08
KOHIMA,2010-11,177.455,23406.834,,,32.101,78.5029,145.354,2262.1805,,,2340.68
KOHIMA,2011-12,172.991,24139.774,,,32.497,79.8227,140.494,2334.1547,,,2413.98
KOHIMA,2012-13,188.321,26937.31,,,31.81,88.0294,156.511,2605.7016,,,2693.73
KOHIMA,2013-14,198.517,26763.923,,,32.934,93.3814,165.583,2583.0109,,,2676.39
KOHIMA,2014-15,231.861,26477.486,,,37.234,105.5012,194.627,2542.2474,,,2647.75
KOHIMA,2015-16,256.387,30111.394,,,40.097,121.0479,216.29,2890.0915,,,3011.14
KOHIMA,2016-17,286.941,35042.386,,,46.558,159.628,240.383,3344.6106,,,3504.24
KOHIMA,2017-18,300.447,41047.641,,,46.686,174.3554,253.761,3930.4087,,,4104.76
KOKRAJHAR,2009-10,316.513,8098.41,,,126.585,137.9988,189.928,671.8422,,,809.84
KOKRAJHAR,2010-11,371.547,9800.699,,,140.843,187.4984,230.704,792.5715,,,980.07
KOKRAJHAR,2011-12,425.278,10411.898,,,171.962,228.1347,253.316,813.0551,,,1041.19
KOKRAJHAR,2012-13,460.639,11751.087,,,176.737,250.385,283.902,924.7237,,,1175.11
KOKRAJHAR,2013-14,515.862,12948.821,,,216.192,276.0737,299.67,1018.8084,,,1294.88
KOKRAJHAR,2014-15,656.423,14918.804,,,269.967,324.7513,386.456,1167.1291,,,1491.88
KOKRAJHAR,2015-16,764.825,15546.514,,,312.672,353.0782,452.153,1201.5732,,,1554.65
KOKRAJHAR,2016-17,923.802,18668.332,,,607.627,703.5286,316.175,1163.3046,,,1866.83
KOKRAJHAR,2017-18,963.963,21811.623,,,635.818,792.73,328.145,1388.4323,,,2181.16
KOLAR,2009-10,769.562,17362.295,,,368.618,505.2947,211.708,572.7962,189.236,658.1386,1736.23
KOLAR,2010-11,876.605,20142.428,,,411.769,588.9505,248.33,675.8797,216.506,749.4126,2014.24
KOLAR,2011-12,918.674,22810.161,,,422.984,610.1489,274.059,797.7669,221.631,873.1003,2281.02
KOLAR,2012-13,1076.311,27564.713,,,484.205,743.9111,328.563,967.5669,263.543,1044.9933,2756.47
KOLAR,2013-14,1358.989,32544.218,,,634.847,918.4581,413.02,1113.4838,311.122,1222.4799,3254.42
KOLAR,2014-15,1655.069,38167.206,,,769.166,1058.8513,514.337,1329.0134,371.566,1428.8559,3816.72
KOLAR,2015-16,1735.144,44963.207,,,819.983,1257.8128,431.53,1141.9579,483.631,2096.55,4496.32
KOLAR,2016-17,1949.437,59056.277,,,909.599,1943.1951,528.062,1454.2815,511.776,2508.1511,5905.63
KOLAR,2017-18,2148.628,62015.68,,,994.32,2032.0441,592.766,1522.0676,561.542,2647.4563,6201.57
KOLASIB,2009-10,29.869,752.424,,,15.604,24.9493,14.265,50.2931,,,75.24
KOLASIB,2010-11,32.859,806.145,,,17.131,29.8115,15.728,50.803,,,80.61
KOLASIB,2011-12,36.341,1143.94,,,15.098,39.3594,21.243,75.0346,,,114.39
KOLASIB,2012-13,50.676,1528.451,,,24.346,47.788,26.33,105.0571,,,152.85
KOLASIB,2013-14,58.248,1644.248,,,28.45,60.8367,29.798,103.5881,,,164.42
KOLASIB,2014-15,64.097,1632.133,,,33.391,71.6751,30.706,91.5382,,,163.21
KOLASIB,2015-16,74.527,1884.476,,,32.836,71.2924,41.691,117.1552,,,188.45
KOLASIB,2016-17,89.755,2377.041,,,24.596,41.663,65.159,196.0411,,,237.7
KOLASIB,2017-18,98.066,2505.786,,,26.956,48.5834,71.11,201.9952,,,250.58
KOLHAPUR,2009-10,1835.871,66339.981,,,497.976,996.32,421.41,1206.6693,916.485,4431.0088,6634
KOLHAPUR,2010-11,2042.361,78130.397,,,555.571,1240.5933,473.085,1451.213,1013.705,5121.2334,7813.04
KOLHAPUR,2011-12,2370.809,93828.759,,,661.491,1518.9341,568.506,1736.2751,1140.812,6127.6667,9382.88
KOLHAPUR,2012-13,2672.349,106973.443,,,784.498,1721.0833,651.73,1959.9689,1236.121,7016.2921,10697.34
KOLHAPUR,2013-14,3160.373,123482.476,,,994.703,1962.8767,781.159,2302.7077,1384.511,8082.6632,12348.25
KOLHAPUR,2014-15,3844.861,146121.168,,,1277.655,2290.602,961.199,2601.9882,1606.007,9719.5266,14612.12
KOLHAPUR,2015-16,4537.724,153666.63,,,1514.609,2435.8089,1225.362,2867.8805,1797.753,10062.9736,15366.66
KOLHAPUR,2016-17,4753.394,177641.66,,,1489.025,2765.8063,1442.426,3733.4724,1821.943,11264.8873,17764.17
KOLHAPUR,2017-18,5152.566,191961.583,,,1692.773,2876.9894,1579.548,3946.4249,1880.245,12372.744,19196.16
KOLKATA,2009-10,11841.574,1516581.376,11841.574,151658.1376,,,,,,,151658.14
KOLKATA,2010-11,12874.999,1666158.746,12874.999,166615.8746,,,,,,,166615.87
KOLKATA,2011-12,13320.917,1937663.568,13320.917,193766.3568,,,,,,,193766.36
KOLKATA,2012-13,14719.001,2186354.808,14719.001,218635.4808,,,,,,,218635.48
KOLKATA,2013-14,15594.836,2198586.125,15594.836,219858.6125,,,,,,,219858.61
KOLKATA,2014-15,16659.795,2441424.952,16659.795,244142.4952,,,,,,,244142.5
KOLKATA,2015-16,17880.968,2601124.125,17880.968,260112.4125,,,,,,,260112.41
KOLKATA,2016-17,18882.517,2741527.831,18882.517,274152.7831,,,,,,,274152.78
KOLKATA,2017-18,18815.926,2826082.007,18815.926,282608.2007,,,,,,,282608.2
KOLLAM,2009-10,1990.956,91215.312,,,104.433,300.42,1387.502,5407.3113,499.021,3413.7999,9121.53
KOLLAM,2010-11,2239.959,101373.853,,,108.829,314.0121,1588.08,6051.4652,543.05,3771.908,10137.39
KOLLAM,2011-12,2388.702,124152.75,,,113.455,379.1579,1691.877,7161.2363,583.37,4874.8808,12415.28
KOLLAM,2012-13,2975.484,144900.596,,,132.659,448.2971,2152.608,8386.9911,690.217,5654.7714,14490.06
KOLLAM,2013-14,3675.912,190573.386,,,153.677,509.4777,2703.88,10076.656,818.355,8471.2049,19057.34
KOLLAM,2014-15,4113.016,222670.599,,,161.627,575.4746,3064.292,11974.2437,887.097,9717.3416,22267.06
KOLLAM,2015-16,4476.465,242051.051,,,32.454,137.776,3476.18,14294.5957,967.831,9772.7334,24205.11
KOLLAM,2016-17,4713.859,253878.658,,,43.905,166.017,3661.703,17336.9046,1008.251,7884.9442,25387.87
KOLLAM,2017-18,5075.327,280216.273,,,50.838,175.3723,3937.833,19186.3657,1086.656,8659.8893,28021.63
KOMRAM BHEEM (ASIFABAD),2017-18,599.49,11889.75,,,473.566,839.4962,125.924,349.4788,,,1188.97
KONDAGAON DW,2012-13,195.756,4542.541,,,126.559,195.0148,69.197,259.2393,,,454.25
KONDAGAON DW,2013-14,239.43,5745.851,,,154.459,246.6497,84.971,327.9354,,,574.59
KONDAGAON DW,2014-15,377.776,7101.767,,,245.767,282.4399,132.009,427.7368,,,710.18
KONDAGAON DW,2015-16,477.141,7641.061,,,287.927,316.8141,189.214,447.292,,,764.11
KONDAGAON DW,2016-17,610.542,9680.795,,,312.33,245.0836,298.212,722.9959,,,968.08
KONDAGAON DW,2017-18,660.98,11014.406,,,337.797,273.7331,323.183,827.7075,,,1101.44
KOPPAL,2009-10,721.726,13044.547,,,344.369,335.1953,264.888,687.6448,112.469,281.6146,1304.45
KOPPAL,2010-11,804.016,15051.103,,,388.233,385.0506,294.933,790.2862,120.85,329.7735,1505.11
KOPPAL,2011-12,792.506,17407.666,,,374.26,441.8338,283.812,926.307,134.434,372.6258,1740.77
KOPPAL,2012-13,931.621,20337.051,,,412.756,494.8949,357.444,1078.7105,161.421,460.0997,2033.71
KOPPAL,2013-14,1100.018,23656.053,,,471.863,607.2313,439.734,1252.5344,188.421,505.8396,2365.61
KOPPAL,2014-15,1305.987,27758.836,,,551.81,696.5366,526.799,1498.6942,227.378,580.6528,2775.88
KOPPAL,2015-16,1496.087,32022.893,,,639.501,791.9156,608.094,1668.8752,248.492,741.4985,3202.29
KOPPAL,2016-17,1795.733,40147.505,,,751.436,1002.0958,766.369,2250.6486,277.928,762.0061,4014.75
KOPPAL,2017-18,1881.038,39177.911,,,787.12,1023.7893,798.844,2144.3409,295.074,749.6609,3917.79
KORAPUT,2009-10,380.5,18381.041,,,168.351,474.928,212.149,1363.1761,,,1838.1
KORAPUT,2010-11,547.249,20805.895,,,290.564,575.2104,256.685,1505.3791,,,2080.59
KORAPUT,2011-12,620.142,21513.674,,,329.065,676.8037,291.077,1474.5637,,,2151.37
KORAPUT,2012-13,660.298,24957.585,,,340.946,803.9516,319.352,1691.8069,,,2495.76
KORAPUT,2013-14,802.063,29643.782,,,425.404,991.1195,376.659,1973.2587,,,2964.38
KORAPUT,2014-15,1016.827,33375.036,,,560.038,1078.1984,456.789,2259.3052,,,3337.5
KORAPUT,2015-16,1195.075,36822.973,,,655.406,1117.4887,539.669,2564.8086,,,3682.3
KORAPUT,2016-17,1431.951,43152.514,,,814.395,1328.0225,617.556,2987.2289,,,4315.25
KORAPUT,2017-18,1531.993,46097.894,,,872.658,1462.7169,659.335,3147.0725,,,4609.79
KORBA,2009-10,491.679,23136.655,,,158.533,381.3584,72.076,294.0862,261.07,1638.2209,2313.67
KORBA,2010-11,552.114,25897.739,,,177.377,479.3746,80.432,371.2532,294.305,1739.1461,2589.77
KORBA,2011-12,618.86,28891.815,,,202.331,576.4417,92.748,433.0975,323.781,1879.6423,2889.18
KORBA,2012-13,717.55,34765.142,,,238.138,687.4142,108.583,558.231,370.829,2230.869,3476.51
KORBA,2013-14,861.682,38484.408,,,288.642,799.3922,132.514,654.7701,440.526,2394.2785,3848.44
KORBA,2014-15,1209.787,45388.373,,,443.517,919.7738,207.195,734.549,559.075,2884.5145,4538.84
KORBA,2015-16,1457.375,49993.195,,,545.788,1011.3129,241.645,846.0157,669.942,3141.9909,4999.32
KORBA,2016-17,1697.184,65282.984,,,617.885,1208.7457,300.345,1050.3624,778.954,4269.1903,6528.3
KORBA,2017-18,1760.594,68132.149,,,647.118,1279.7791,308.704,1118.8284,804.772,4414.6074,6813.21
KORIYA,2009-10,309.005,9980.348,,,139.506,218.3817,169.499,779.6531,,,998.03
KORIYA,2010-11,425.698,12149.603,,,189.623,276.6935,236.075,938.2668,,,1214.96
KORIYA,2011-12,441.03,14199.737,,,202.461,353.2452,238.569,1066.7285,,,1419.97
KORIYA,2012-13,510.853,18505.413,,,237.266,474.9607,273.587,1375.5806,,,1850.54
KORIYA,2013-14,613.933,21326.219,,,290.323,551.0151,323.61,1581.6068,,,2132.62
KORIYA,2014-15,752.664,24899.271,,,356.204,612.3253,396.46,1877.6018,,,2489.93
KORIYA,2015-16,855.811,28305.69,,,397.284,661.5617,458.527,2169.0073,,,2830.57
KORIYA,2016-17,914.528,33291.158,,,420.587,692.9086,493.941,2636.2072,,,3329.12
KORIYA,2017-18,971.497,36426.519,,,443.879,766.1087,527.618,2876.5432,,,3642.65
KOTA,2009-10,1188.813,51463.539,,,219.871,458.6198,130.494,278.7242,838.448,4409.0099,5146.35
KOTA,2010-11,1293.839,59105.644,,,267.37,494.9618,148.776,342.2464,877.693,5073.3562,5910.56
KOTA,2011-12,1452.779,70976.514,,,296.052,587.9768,184,393.945,972.727,6115.7296,7097.65
KOTA,2012-13,1604.933,81572.17,,,328.614,663.3939,226.167,478.3198,1050.152,7015.5033,8157.22
KOTA,2013-14,1847.602,95065.646,,,386.379,756.6877,276.531,555.1221,1184.692,8194.7548,9506.56
KOTA,2014-15,2118.531,108569.827,,,436.761,835.9481,314.132,624.0537,1367.638,9396.9809,10856.98
KOTA,2015-16,2547.785,121626.646,,,522.416,840.7415,423.324,697.4994,1602.045,10624.4237,12162.66
KOTA,2016-17,2724.386,149970.109,1747.789,13233.0615,470.176,822.4764,506.421,941.473,,,14997.01
KOTA,2017-18,2888.901,155613.878,1845.424,13660.233,497.107,885.026,546.37,1016.1288,,,15561.39
KOTTAYAM,2009-10,1931.37,108146.677,,,107.739,516.5292,1356.29,6874.7474,467.341,3423.3911,10814.67
KOTTAYAM,2010-11,2129.941,125328.989,,,118.227,618.7824,1490.066,8025.8604,521.648,3888.2561,12532.9
KOTTAYAM,2011-12,2350.068,155021.724,,,131.079,742.7868,1665.693,10054.3865,553.296,4704.9991,15502.17
KOTTAYAM,2012-13,2956.059,173992.623,,,169.893,825.5984,2143.253,11207.7178,642.913,5365.9461,17399.26
KOTTAYAM,2013-14,3485.323,209238.808,,,199.531,974.5747,2597.091,13556.0629,688.701,6393.2432,20923.88
KOTTAYAM,2014-15,3763.103,247831.464,,,200.46,1026.1762,2842.47,15952.9925,720.173,7803.9777,24783.15
KOTTAYAM,2015-16,4053.723,275371.095,,,98.135,563.5216,3161.282,18797.8705,794.306,8175.7174,27537.11
KOTTAYAM,2016-17,4257.609,318554.848,,,164.951,1253.7686,4092.658,30601.7162,,,31855.48
KOTTAYAM,2017-18,4468.934,336765.469,,,174.262,1360.9828,4294.672,32315.5641,,,33676.55
KOZHIKODE,2009-10,2449.188,79050.581,,,95.06,131.5289,1383.211,3204.5838,970.917,4568.9454,7905.06
KOZHIKODE,2010-11,2694.621,85117.496,,,101.369,145.2989,1540.926,3448.5255,1052.326,4917.9252,8511.75
KOZHIKODE,2011-12,2878.919,103158.454,,,100.144,144.2537,1653.947,4196.4931,1124.828,5975.0986,10315.85
KOZHIKODE,2012-13,3319.107,122700.563,,,103.241,179.3716,1946.803,4990.747,1269.063,7099.9377,12270.06
KOZHIKODE,2013-14,4204.152,151502.101,,,119.002,204.5756,2593.463,6009.9166,1491.687,8935.7179,15150.21
KOZHIKODE,2014-15,4695.832,188303.475,,,128.026,218.4572,2940.353,7186.0418,1627.453,11425.8485,18830.35
KOZHIKODE,2015-16,4973.632,207319.733,,,49.768,137.6779,3156.471,8405.4788,1767.393,12188.8166,20731.97
KOZHIKODE,2016-17,5271.152,240896.377,,,28.529,119.3779,3408.792,10452.4445,1833.831,13517.8153,24089.64
KOZHIKODE,2017-18,5653.584,254079.869,,,30.265,128.3364,3696.961,11156.4227,1926.358,14123.2278,25407.99
KRISHNA,2009-10,3941.545,109949.807,,,979.827,1294.02,1056.153,1944.5191,1905.565,7756.4416,10994.98
KRISHNA,2010-11,4265.395,129090.086,,,1058.089,1388.0582,1147.598,2435.6443,2059.708,9085.3061,12909.01
KRISHNA,2011-12,4635.542,147756.234,,,1123.871,1547.1036,1307.826,3133.6071,2203.845,10094.9127,14775.62
KRISHNA,2012-13,5201.151,179693.211,,,1252.96,1791.1274,1507.977,4034.184,2440.214,12144.0097,17969.32
KRISHNA,2013-14,6911.769,214832.901,,,1569.343,2151.3282,1810.624,4511.6776,3531.802,14820.2843,21483.29
KRISHNA,2014-15,7950.111,230389.268,,,1898.678,2593.4331,2147.004,5283.2408,3904.429,15162.2529,23038.93
KRISHNA,2015-16,8482.891,259051.067,,,1907.742,2772.0311,2387.438,5508.7872,4187.711,17624.2884,25905.11
KRISHNA,2016-17,9220.746,328580.311,2977.971,20921.3774,1993.584,3088.6977,2555.442,6246.2588,1693.749,2601.6972,32858.03
KRISHNA,2017-18,9415.701,414162.546,3058.803,27953.0007,2057.886,3296.5077,2597.49,7214.9436,1701.522,2951.8026,41416.25
KRISHNAGIRI,2009-10,1023.457,22839.643,,,509.762,774.6758,513.695,1509.2885,,,2283.96
KRISHNAGIRI,2010-11,1100.253,27444.779,,,507.063,914.496,593.19,1829.9819,,,2744.48
KRISHNAGIRI,2011-12,1284.868,33017.596,,,612.729,1108.9929,672.139,2192.7667,,,3301.76
KRISHNAGIRI,2012-13,1540.882,40144.461,,,741.524,1235.9945,799.358,2778.4516,,,4014.45
KRISHNAGIRI,2013-14,1983.238,46768.441,,,1007.942,1358.747,975.296,3318.0971,,,4676.84
KRISHNAGIRI,2014-15,2320.078,57105.639,,,1154.652,1553.136,1165.426,4157.4279,,,5710.56
KRISHNAGIRI,2015-16,2636.43,56912.912,,,1107.998,1359.8264,1528.432,4331.4648,,,5691.29
KRISHNAGIRI,2016-17,2874.991,72103.898,,,1165.035,1596.6627,1098.335,2698.8426,611.621,2914.8845,7210.39
KRISHNAGIRI,2017-18,3027.353,76557.692,,,1223.021,1573.418,1151.773,2978.3301,652.559,3104.0211,7655.77
KULGAM,2009-10,161.204,4315.225,,,98.632,241.276,62.572,190.2465,,,431.52
KULGAM,2010-11,186.586,5215.342,,,113.616,289.2336,72.97,232.3006,,,521.53
KULGAM,2011-12,225.486,6579.584,,,138.978,368.5546,86.508,289.4038,,,657.96
KULGAM,2012-13,256.804,7786.702,,,162.852,445.039,93.952,333.6312,,,778.67
KULGAM,2013-14,313.94,8808.454,,,205.855,528.8429,108.085,352.0025,,,880.85
KULGAM,2014-15,413.099,9154.658,,,282.062,563.8521,131.037,351.6137,,,915.47
KULGAM,2015-16,505.975,10983.85,,,352.385,681.793,153.59,416.592,,,1098.38
KULGAM,2016-17,595.646,12991.943,,,355.107,655.5615,240.539,643.6328,,,1299.19
KULGAM,2017-18,650.286,14508.715,,,399.275,748.3925,251.011,702.479,,,1450.87
KULU,2009-10,349.58,12253.846,,,256.005,813.5422,93.575,411.8424,,,1225.38
KULU,2010-11,398.923,16455.031,,,295.83,1134.5332,103.093,510.9699,,,1645.5
KULU,2011-12,455.186,18917.109,,,336.145,1277.0356,119.041,614.6753,,,1891.71
KULU,2012-13,515.713,22068.069,,,378.495,1449.0997,137.218,757.7072,,,2206.81
KULU,2013-14,589.355,27277.942,,,436.384,1800.7887,152.971,927.0055,,,2727.79
KULU,2014-15,658.775,32852.726,,,488.802,2176.5686,169.973,1108.704,,,3285.27
KULU,2015-16,743.393,37493.354,,,542.985,2506.1473,200.408,1243.1881,,,3749.34
KULU,2016-17,820.813,45963.547,,,602.947,3111.4835,217.866,1484.8712,,,4596.35
KULU,2017-18,873.121,51528.38,,,647.964,3497.4013,225.157,1655.4367,,,5152.84
KUPWARA,2009-10,308.533,6636.927,,,175.677,309.9376,132.856,353.7551,,,663.69
KUPWARA,2010-11,329.375,7704.512,,,192.999,381.3019,136.376,389.1493,,,770.45
KUPWARA,2011-12,375.938,9648.783,,,210.002,457.1408,165.936,507.7375,,,964.88
KUPWARA,2012-13,429.299,12008.609,,,259.904,597.2653,169.395,603.5956,,,1200.86
KUPWARA,2013-14,531.074,13119.465,,,333.647,666.7487,197.427,645.1978,,,1311.95
KUPWARA,2014-15,683.53,12916.178,,,452.79,694.9382,230.74,596.6796,,,1291.62
KUPWARA,2015-16,810.605,15248.3,,,549.742,844.1766,260.863,680.6534,,,1524.83
KUPWARA,2016-17,906.064,17795.989,,,476.602,719.3207,429.462,1060.2782,,,1779.6
KUPWARA,2017-18,993.897,18943.123,,,528.826,794.4587,465.071,1099.8536,,,1894.31
KURNOOL,2009-10,2564.375,50439.938,,,629.843,679.4395,836.558,1192.406,1097.974,3172.1483,5043.99
KURNOOL,2010-11,2794.581,55587.115,,,685.465,779.4011,925.552,1316.8566,1183.564,3462.4538,5558.71
KURNOOL,2011-12,3128.556,64717.759,,,776.308,836.7201,1059.019,1506.7305,1293.229,4128.3253,6471.78
KURNOOL,2012-13,3603.912,73344.362,,,883.956,982.7145,1244.952,1764.0575,1475.004,4587.6642,7334.44
KURNOOL,2013-14,5053.067,83674.501,,,1101.568,1178.4594,1529.714,2078.2844,2421.785,5110.7063,8367.45
KURNOOL,2014-15,6055.23,101298.828,,,1382.044,1636.214,1836.808,2430.352,2836.378,6063.3168,10129.88
KURNOOL,2015-16,6511.646,115118.587,,,1519.481,1849.9942,2000.426,2735.8582,2991.739,6926.0063,11511.86
KURNOOL,2016-17,6985.019,137708.344,,,1440.396,1699.6467,2269.693,3537.5295,3274.93,8533.6582,13770.83
KURNOOL,2017-18,7081.848,145452.736,,,1525.752,1832.9608,2285.827,3587.4089,3270.269,9124.9039,14545.27
KURUKSHETRA,2009-10,692.805,28568.414,,,172.895,471.2659,290.509,944.6542,229.401,1440.9213,2856.84
KURUKSHETRA,2010-11,776.895,31761.673,,,203.522,510.7433,322.764,1073.6106,250.609,1591.8134,3176.17
KURUKSHETRA,2011-12,850.173,36259.021,,,224.9,600.684,357.013,1216.719,268.26,1808.4991,3625.9
KURUKSHETRA,2012-13,1000.749,42773.007,,,264.734,681.7298,403.694,1410.5019,332.321,2185.069,4277.3
KURUKSHETRA,2013-14,1170.721,50405.261,,,336.446,897.5344,457.829,1642.4577,376.446,2500.534,5040.53
KURUKSHETRA,2014-15,1429.86,58285.023,,,438.333,1044.5183,552.701,1858.0294,438.826,2925.9546,5828.5
KURUKSHETRA,2015-16,1693.431,65326.393,,,537.417,1217.6423,649.834,2096.763,506.18,3218.234,6532.64
KURUKSHETRA,2016-17,1864.404,79982.226,,,604.654,1601.7603,720.088,2625.2484,539.662,3771.2139,7998.22
KURUKSHETRA,2017-18,1934.854,88201.851,,,633.296,1904.7089,748.65,2849.6836,552.908,4065.7926,8820.19
KURUNG KUMEY,2009-10,4.228,86.647,,,4.228,8.6647,,,,,8.66
KURUNG KUMEY,2010-11,6.324,108.763,,,6.324,10.8763,,,,,10.88
KURUNG KUMEY,2011-12,7.51,168.435,,,7.51,16.8435,,,,,16.84
KURUNG KUMEY,2012-13,8.172,382.178,,,8.172,38.2178,,,,,38.22
KURUNG KUMEY,2013-14,10.613,465.639,,,10.613,46.5639,,,,,46.56
KURUNG KUMEY,2014-15,16.502,572.216,,,16.502,57.2216,,,,,57.22
KURUNG KUMEY,2015-16,20.248,709.548,,,20.248,70.9548,,,,,70.95
KURUNG KUMEY,2016-17,22.814,1046.659,,,22.814,104.6659,,,,,104.67
KURUNG KUMEY,2017-18,24.25,1511.935,,,24.25,151.1935,,,,,151.19
KUSHI NAGAR,2009-10,1335.478,22464.697,,,941.824,1266.4646,393.654,980.0051,,,2246.47
KUSHI NAGAR,2010-11,1530.743,25981.157,,,1056.529,1497.455,474.214,1100.6607,,,2598.12
KUSHI NAGAR,2011-12,1954.894,29760.441,,,1395.761,1698.3557,559.133,1277.6884,,,2976.04
KUSHI NAGAR,2012-13,2608.764,36778.339,,,1854.593,1988.505,754.171,1689.3289,,,3677.83
KUSHI NAGAR,2013-14,2969.545,43031.59,,,2108.744,2393.7628,860.801,1909.3962,,,4303.16
KUSHI NAGAR,2014-15,3283.604,48255.888,,,2324.224,2701.5409,959.38,2124.0479,,,4825.59
KUSHI NAGAR,2015-16,3836.785,54303.673,,,2640.743,3075.4196,1196.042,2354.9477,,,5430.37
KUSHI NAGAR,2016-17,3855.262,65430.177,,,2500.127,3648.4619,1355.135,2894.5558,,,6543.02
KUSHI NAGAR,2017-18,4079.831,69050.123,,,2650.416,3765.475,1429.415,3139.5373,,,6905.01
LAHUL & SPITI,2009-10,30.822,1330.935,,,30.822,133.0935,,,,,133.09
LAHUL & SPITI,2010-11,33.528,1639.656,,,33.528,163.9656,,,,,163.97
LAHUL & SPITI,2011-12,36.55,1883.772,,,36.55,188.3772,,,,,188.38
LAHUL & SPITI,2012-13,39.454,2064.028,,,39.454,206.4028,,,,,206.4
LAHUL & SPITI,2013-14,46.247,2500.661,,,46.247,250.0661,,,,,250.07
LAHUL & SPITI,2014-15,51.693,2929.352,,,51.693,292.9352,,,,,292.94
LAHUL & SPITI,2015-16,54.996,3040.005,,,54.996,304.0005,,,,,304
LAHUL & SPITI,2016-17,58.721,3750.852,,,58.721,375.0852,,,,,375.09
LAHUL & SPITI,2017-18,62.021,4085.943,,,62.021,408.5943,,,,,408.59
LAKHIMPUR,2009-10,386.781,6413.63,,,231.763,245.9252,155.018,395.4378,,,641.36
LAKHIMPUR,2010-11,448.28,8117.709,,,275.924,313.3246,172.356,498.4463,,,811.77
LAKHIMPUR,2011-12,535.022,9359.748,,,342.568,362.7845,192.454,573.1903,,,935.97
LAKHIMPUR,2012-13,597.772,10401.911,,,384.574,404.359,213.198,635.8321,,,1040.19
LAKHIMPUR,2013-14,680.904,11861.469,,,440.317,477.9694,240.587,708.1775,,,1186.15
LAKHIMPUR,2014-15,858.14,14405.826,,,553.879,579.162,304.261,861.4206,,,1440.58
LAKHIMPUR,2015-16,1085.701,14851.229,,,697.842,653.1781,387.859,831.9448,,,1485.12
LAKHIMPUR,2016-17,1386.167,17595.259,,,882.95,740.72,503.217,1018.8059,,,1759.53
LAKHIMPUR,2017-18,1473.011,20217.469,,,938.39,871.1387,534.621,1150.6082,,,2021.75
LAKHISARAI,2009-10,287.372,8385.744,,,155.887,277.7664,131.485,560.808,,,838.57
LAKHISARAI,2010-11,315.657,9619.106,,,161.53,292.7226,154.127,669.188,,,961.91
LAKHISARAI,2011-12,351.632,11467.003,,,173.117,330.5164,178.515,816.1839,,,1146.7
LAKHISARAI,2012-13,389.361,12167.056,,,187.683,432.7485,201.678,783.9571,,,1216.71
LAKHISARAI,2013-14,451.53,14388.796,,,221.559,535.4335,229.971,903.4461,,,1438.88
LAKHISARAI,2014-15,579.516,16200.348,,,299.447,611.0876,280.069,1008.9472,,,1620.03
LAKHISARAI,2015-16,807.2,17880.202,,,388.801,608.1048,418.399,1179.9154,,,1788.02
LAKHISARAI,2016-17,1007.69,20999.995,,,478.909,703.797,528.781,1396.2025,,,2100
LAKHISARAI,2017-18,1101.011,22987.061,,,521.781,777.3228,579.23,1521.3833,,,2298.71
LAKSHADWEEP,2009-10,47.942,4284.573,,,31.043,114.0151,16.899,314.4422,,,428.46
LAKSHADWEEP,2010-11,61.203,5260.53,,,34.578,141.1191,26.625,384.9339,,,526.05
LAKSHADWEEP,2011-12,63.455,5653.498,,,39.737,170.1717,23.718,395.1781,,,565.35
LAKSHADWEEP,2012-13,73.286,6184.025,,,45.584,193.2404,27.702,425.1621,,,618.4
LAKSHADWEEP,2013-14,80.323,7105.457,,,49.33,237.0049,30.993,473.5408,,,710.55
LAKSHADWEEP,2014-15,87.176,7617.957,,,54.127,253.0636,33.049,508.7321,,,761.8
LAKSHADWEEP,2015-16,90.692,7548.396,,,56.109,264.2281,34.583,490.6115,,,754.84
LAKSHADWEEP,2016-17,84.04,9607.62,,,35.943,218.6465,48.097,742.1155,,,960.76
LAKSHADWEEP,2017-18,86.384,9973.094,,,36.51,247.8789,49.874,749.4305,,,997.31
LALITPUR,2009-10,431.721,8125.902,,,244.055,254.7649,53.935,89.9131,133.731,467.9122,812.59
LALITPUR,2010-11,549.99,10537.882,,,320.814,317.9291,73.467,113.9157,155.709,621.9434,1053.79
LALITPUR,2011-12,616.858,12908.662,,,358.711,336.5255,79.939,128.3204,178.208,826.0203,1290.87
LALITPUR,2012-13,669.746,13938.146,,,382.227,394.3842,85.776,147.9062,201.743,851.5242,1393.81
LALITPUR,2013-14,792.575,16712.554,,,455.715,493.4631,97.45,175.8532,239.41,1001.9391,1671.26
LALITPUR,2014-15,984.093,18874.868,,,557.04,564.3912,114.039,203.0917,313.014,1120.0039,1887.49
LALITPUR,2015-16,1238.09,21841.829,,,732.369,675.5585,149.988,235.2682,355.733,1273.3562,2184.18
LALITPUR,2016-17,1408.136,25781.041,,,797.458,775.4345,201.566,307.4055,409.112,1495.2641,2578.1
LALITPUR,2017-18,1426.912,28698.494,,,809.888,851.1683,207.118,341.8177,409.906,1676.8634,2869.85
LATEHAR,2009-10,182.467,5556.849,,,140.545,290.9977,41.922,264.6872,,,555.68
LATEHAR,2010-11,217.875,6753.644,,,166.648,362.2486,51.227,313.1158,,,675.36
LATEHAR,2011-12,240.695,7962.839,,,185.137,453.3172,55.558,342.9667,,,796.28
LATEHAR,2012-13,279.102,8516.548,,,203.784,458.2087,75.318,393.4461,,,851.65
LATEHAR,2013-14,355.351,9091.698,,,256.837,487.5574,98.514,421.6124,,,909.17
LATEHAR,2014-15,474.883,10026.346,,,342.907,560.5923,131.976,442.0423,,,1002.63
LATEHAR,2015-16,625.748,12249.328,,,455.105,642.1112,170.643,582.8216,,,1224.93
LATEHAR,2016-17,793.569,14351.58,,,512.261,669.8672,281.308,765.2908,,,1435.16
LATEHAR,2017-18,856.045,14954.856,,,551.107,710.6019,304.938,784.8837,,,1495.49
LATUR,2009-10,685.391,20486.321,,,178.3,311.6351,251.983,617.1992,255.108,1119.7978,2048.63
LATUR,2010-11,794.717,23797.818,,,198.587,347.6109,304.047,730.5191,292.083,1301.6518,2379.78
LATUR,2011-12,888.45,27455.51,,,228.338,392.2066,342.298,834.4752,317.814,1518.8692,2745.55
LATUR,2012-13,1115.827,32170.375,,,297.68,452.7521,445.49,996.6511,372.657,1767.6343,3217.04
LATUR,2013-14,1425.022,40265.947,,,394.703,568.5757,562.275,1218.6106,468.044,2239.4084,4026.59
LATUR,2014-15,1853.954,46119.14,,,556.544,692.0173,740.201,1397.4895,557.209,2522.4072,4611.91
LATUR,2015-16,2151.733,52297.369,,,662.101,799.5354,883.869,1559.2413,605.763,2870.9602,5229.74
LATUR,2016-17,2571.273,69549.612,,,663.817,837.7988,897.019,1542.8344,1010.437,4574.328,6954.96
LATUR,2017-18,2620.741,70673.283,,,718.226,959.8235,902.657,1630.3089,999.858,4477.1959,7067.33
LAWNGTLAI,2009-10,15.507,861.526,,,9.222,24.267,6.285,61.8856,,,86.15
LAWNGTLAI,2010-11,16.913,749.331,,,10.277,25.5262,6.636,49.4069,,,74.93
LAWNGTLAI,2011-12,20.116,1011.186,,,11.953,52.9453,8.163,48.1733,,,101.12
LAWNGTLAI,2012-13,22.479,1012.527,,,13.425,65.2837,9.054,35.969,,,101.25
LAWNGTLAI,2013-14,40.336,2104.956,,,30.264,138.3427,10.072,72.1529,,,210.5
LAWNGTLAI,2014-15,51.83,940.47,,,40.915,56.3264,10.915,37.7206,,,94.05
LAWNGTLAI,2015-16,83.427,1378.999,,,40.237,40.3701,43.19,97.5298,,,137.9
LAWNGTLAI,2016-17,106.566,1710.985,,,55.812,49.2699,50.754,121.8286,,,171.1
LAWNGTLAI,2017-18,111.793,2091.179,,,57.516,58.6109,54.277,150.507,,,209.12
LEH LADAKH,2009-10,155.285,7456.997,,,47.594,206.4582,107.691,539.2415,,,745.7
LEH LADAKH,2010-11,160.868,8837.482,,,47.555,236.5296,113.313,647.2186,,,883.75
LEH LADAKH,2011-12,178.929,11008.295,,,54.773,275.0702,124.156,825.7593,,,1100.83
LEH LADAKH,2012-13,200.633,12863.502,,,67.968,373.6485,132.665,912.7017,,,1286.35
LEH LADAKH,2013-14,216.962,14785.323,,,77.109,432.7558,139.853,1045.7765,,,1478.53
LEH LADAKH,2014-15,245.195,16836.837,,,94.927,481.5808,150.268,1202.1029,,,1683.68
LEH LADAKH,2015-16,266.323,19296.697,,,102.986,556.8613,163.337,1372.8084,,,1929.67
LEH LADAKH,2016-17,286.704,22267.121,,,76.381,424.0615,210.323,1802.6506,,,2226.71
LEH LADAKH,2017-18,297.831,25328.448,,,79.84,473.322,217.991,2059.5228,,,2532.84
LOHARDAGGA,2009-10,164.031,3752.098,,,81.352,94.8825,82.679,280.3273,,,375.21
LOHARDAGGA,2010-11,195.791,4794.241,,,92.057,121.0815,103.734,358.3426,,,479.42
LOHARDAGGA,2011-12,229.69,5134.178,,,108.167,127.3299,121.523,386.0879,,,513.42
LOHARDAGGA,2012-13,290.478,5941.436,,,142.851,150.6392,147.627,443.5044,,,594.14
LOHARDAGGA,2013-14,348.805,6712.73,,,177.252,174.9058,171.553,496.3672,,,671.27
LOHARDAGGA,2014-15,405.05,8203.61,,,208.416,197.0175,196.634,623.3435,,,820.36
LOHARDAGGA,2015-16,507.117,9568.702,,,268.88,241.1343,238.237,715.7359,,,956.87
LOHARDAGGA,2016-17,593.619,11960.825,,,323.72,310.886,269.899,885.1965,,,1196.08
LOHARDAGGA,2017-18,651.254,12203.028,,,363.03,342.5622,288.224,877.7406,,,1220.3
LOHIT,2009-10,39.164,2031.536,,,16.041,58.676,23.123,144.4776,,,203.15
LOHIT,2010-11,42.794,2408.995,,,17.983,72.4194,24.811,168.4801,,,240.9
LOHIT,2011-12,38.761,2311.11,,,13.351,73.6279,25.41,157.4831,,,231.11
LOHIT,2012-13,55.346,3436.855,,,21.563,95.3988,33.783,248.2867,,,343.69
LOHIT,2013-14,62.883,4290.171,,,22.289,126.5527,40.594,302.4644,,,429.02
LOHIT,2014-15,74.873,4862.969,,,25.129,138.3574,49.744,347.9395,,,486.3
LOHIT,2015-16,85.398,4968.924,,,29.208,142.9694,56.19,353.923,,,496.89
LOHIT,2016-17,105.082,6710.92,,,34.325,177.2153,70.757,493.8767,,,671.09
LOHIT,2017-18,119.666,7475.347,,,37.064,204.0537,82.602,543.481,,,747.53
LONGDING,2012-13,16.541,446.61,,,16.541,44.661,,,,,44.66
LONGDING,2013-14,18.594,554.925,,,18.594,55.4925,,,,,55.49
LONGDING,2014-15,20.692,769.675,,,20.692,76.9675,,,,,76.97
LONGDING,2015-16,23.486,657.067,,,23.486,65.7067,,,,,65.71
LONGDING,2016-17,28.768,997.249,,,28.768,99.7249,,,,,99.72
LONGDING,2017-18,32.657,1067.401,,,32.657,106.7401,,,,,106.74
LONGLENG,2009-10,6.197,249.032,,,6.197,24.9032,,,,,24.9
LONGLENG,2010-11,7.05,267.66,,,7.05,26.766,,,,,26.77
LONGLENG,2011-12,8.861,492.621,,,8.861,49.2621,,,,,49.26
LONGLENG,2012-13,9.277,342.286,,,9.277,34.2286,,,,,34.23
LONGLENG,2013-14,10.006,315.776,,,10.006,31.5776,,,,,31.58
LONGLENG,2014-15,15.513,347.644,,,15.513,34.7644,,,,,34.76
LONGLENG,2015-16,16.328,285.961,,,16.328,28.5961,,,,,28.6
LONGLENG,2016-17,22.268,423.459,,,22.268,42.3459,,,,,42.35
LONGLENG,2017-18,24.345,478.416,,,24.345,47.8416,,,,,47.84
LOWER DIBANG VALLEY,2009-10,15.877,876.351,,,,,15.877,87.6351,,,87.64
LOWER DIBANG VALLEY,2010-11,17.755,1146.809,,,,,17.755,114.6809,,,114.68
LOWER DIBANG VALLEY,2011-12,20.216,1196.171,,,,,20.216,119.6171,,,119.62
LOWER DIBANG VALLEY,2012-13,21.748,1507.533,,,,,21.748,150.7533,,,150.75
LOWER DIBANG VALLEY,2013-14,24.373,2037.535,,,,,24.373,203.7535,,,203.75
LOWER DIBANG VALLEY,2014-15,31.1,1952.566,,,,,31.1,195.2566,,,195.26
LOWER DIBANG VALLEY,2015-16,37.003,1881.308,,,,,37.003,188.1308,,,188.13
LOWER DIBANG VALLEY,2016-17,46.597,2923.625,,,,,46.597,292.3625,,,292.36
LOWER DIBANG VALLEY,2017-18,49.993,2876.11,,,,,49.993,287.611,,,287.61
LOWER SUBANSIRI,2009-10,30.645,1450.151,,,12.561,28.4623,18.084,116.5528,,,145.02
LOWER SUBANSIRI,2010-11,29.113,1221.905,,,9.623,25.309,19.49,96.8815,,,122.19
LOWER SUBANSIRI,2011-12,34.128,1589.345,,,12.935,33.3658,21.193,125.5687,,,158.93
LOWER SUBANSIRI,2012-13,34.929,2153.364,,,11.884,31.0652,23.045,184.2712,,,215.34
LOWER SUBANSIRI,2013-14,42.779,1976.272,,,14.7,37.7486,28.079,159.8786,,,197.63
LOWER SUBANSIRI,2014-15,60.374,1953.877,,,21.254,40.0841,39.12,155.3036,,,195.39
LOWER SUBANSIRI,2015-16,73.649,2072.045,,,30.093,42.8738,43.556,164.3307,,,207.2
LOWER SUBANSIRI,2016-17,83.665,3299.331,,,31.987,54.063,51.678,275.8701,,,329.93
LOWER SUBANSIRI,2017-18,88.774,4955.38,,,33.457,78.3647,55.317,417.1733,,,495.54
LUCKNOW,2009-10,5531.729,466675.316,4714.578,44611.2922,720.879,1855.7813,96.272,200.4581,,,46667.53
LUCKNOW,2010-11,5766.285,569538.188,4845.557,54223.7554,788.438,2300.4261,132.29,429.6373,,,56953.82
LUCKNOW,2011-12,6192.702,654833.605,5136.161,61967.2699,903.281,2813.1989,153.26,702.8917,,,65483.36
LUCKNOW,2012-13,6991.399,741813.146,5824.351,70249.5997,1020.879,3480.2883,146.169,451.4266,,,74181.31
LUCKNOW,2013-14,7817.347,880577.318,6313.976,83088.01,1321.387,4372.668,181.984,597.0538,,,88057.73
LUCKNOW,2014-15,8844.584,960176.59,7072.564,90129.5815,1550.007,5170.1055,222.013,717.972,,,96017.66
LUCKNOW,2015-16,9897.501,1046464.215,7885.127,98577.5989,1644.678,4946.6004,367.696,1122.2222,,,104646.42
LUCKNOW,2016-17,10601.345,1281810.394,8434.698,120954.9555,1397.76,3974.0231,768.887,3252.0608,,,128181.04
LUCKNOW,2017-18,10925.382,1373462.606,8584.709,129402.5142,1522.631,4371.1345,818.042,3572.6119,,,137346.26
LUDHIANA,2009-10,4187.557,233493.915,2539.252,16114.9654,740.677,3180.7884,666.652,3016.1661,240.976,1037.4716,23349.39
LUDHIANA,2010-11,4551.339,265901.105,2764.001,18286.1163,808.182,3761.7867,714.96,3418.2482,264.196,1123.9593,26590.11
LUDHIANA,2011-12,4920.728,292367.361,2904.74,19626.2871,894.494,4390.2702,852.551,3975.678,268.943,1244.5008,29236.74
LUDHIANA,2012-13,5381.012,340965.705,3146.136,23097.1927,1047.112,5005.9939,892.997,4513.9644,294.767,1479.4195,34096.57
LUDHIANA,2013-14,5894.065,382046.395,3411.514,26019.2731,1193.914,5614.1908,963.948,4902.1971,324.689,1668.9785,38204.64
LUDHIANA,2014-15,6637.8,434194.013,3823.784,29882.7908,1386.306,6188.1761,1073.779,5439.8216,353.931,1908.6128,43419.4
LUDHIANA,2015-16,7550.315,483489.615,4303.719,33575.2717,1615.594,6681.6137,1238.394,6007.4536,392.608,2084.6225,48348.96
LUDHIANA,2016-17,8384.644,554162.112,4763.709,38325.9099,1776.452,7454.3904,1417.718,7193.8767,426.765,2442.0342,55416.21
LUDHIANA,2017-18,8723.226,568704.585,4908.101,39110.6331,1897.671,7764.8787,1475.089,7415.9724,442.365,2578.9743,56870.46
LUNGLEI,2009-10,43.569,1495.103,,,14.433,25.5248,29.136,123.9855,,,149.51
LUNGLEI,2010-11,47.631,1366.216,,,15.767,26.5,31.864,110.1216,,,136.62
LUNGLEI,2011-12,59.553,2223.055,,,18.629,40.1727,40.924,182.1328,,,222.31
LUNGLEI,2012-13,81.209,2740.539,,,27.528,50.231,53.681,223.8229,,,274.05
LUNGLEI,2013-14,99.325,3056.925,,,38.428,80.5399,60.897,225.1526,,,305.69
LUNGLEI,2014-15,126.53,3390.36,,,50.51,73.4871,76.02,265.5489,,,339.04
LUNGLEI,2015-16,150.919,3902.349,,,62.427,90.3332,88.492,299.9017,,,390.23
LUNGLEI,2016-17,169.968,5250.043,,,69.991,110.7585,99.977,414.2458,,,525
LUNGLEI,2017-18,180.529,5845.987,,,75.244,122.4864,105.285,462.1123,,,584.6
MADHEPURA,2009-10,366.183,11926.213,,,189.195,412.2948,176.988,780.3265,,,1192.62
MADHEPURA,2010-11,474.423,13593.306,,,238.147,456.2063,236.276,903.1243,,,1359.33
MADHEPURA,2011-12,527.47,15283.94,,,257.674,489.8836,269.796,1038.5104,,,1528.39
MADHEPURA,2012-13,670.802,15928.801,,,330.883,519.0536,339.919,1073.8265,,,1592.88
MADHEPURA,2013-14,810.362,18653.14,,,394.503,544.9795,415.859,1320.3345,,,1865.31
MADHEPURA,2014-15,1099.12,20210.846,,,542.696,626.5973,556.424,1394.4873,,,2021.08
MADHEPURA,2015-16,1410.227,23048.379,,,685.805,682.7255,724.422,1622.1124,,,2304.84
MADHEPURA,2016-17,1727.941,25040.879,,,616.123,577.3758,1111.818,1926.7121,,,2504.09
MADHEPURA,2017-18,1883.961,26977.021,,,652.866,621.3318,1231.095,2076.3703,,,2697.7
MADHUBANI,2009-10,965.082,26280.128,,,511.738,895.8275,453.344,1732.1853,,,2628.01
MADHUBANI,2010-11,1145.549,30150.264,,,557.991,1026.3696,587.558,1988.6568,,,3015.03
MADHUBANI,2011-12,1393.129,35195.325,,,657.459,1156.1214,735.67,2363.4111,,,3519.53
MADHUBANI,2012-13,1624.364,38231.362,,,776.418,1231.1994,847.946,2591.9368,,,3823.14
MADHUBANI,2013-14,1950.193,43455.828,,,974.439,1344.7802,975.754,3000.8026,,,4345.58
MADHUBANI,2014-15,2463.317,47919.624,,,1253.617,1542.1236,1209.7,3249.8388,,,4791.96
MADHUBANI,2015-16,3143.18,56721.579,,,1596.436,1708.2749,1546.744,3963.883,,,5672.16
MADHUBANI,2016-17,3771.486,65531.157,,,1531.115,1723.4985,2240.371,4829.6172,,,6553.12
MADHUBANI,2017-18,4132.925,73034.815,,,1678.545,2016.7602,2454.38,5286.7213,,,7303.48
MADURAI,2009-10,2540.975,95620.156,,,463.447,662.6237,417.62,928.511,1659.908,7970.8809,9562.02
MADURAI,2010-11,2756.21,107135.384,,,495.503,701.7724,482.667,1085.6337,1778.04,8926.1323,10713.54
MADURAI,2011-12,3007.01,120379.507,,,558.304,791.0317,545.103,1269.4185,1903.603,9977.5005,12037.95
MADURAI,2012-13,3547.119,136065.45,,,665.916,816.5082,717.262,1473.1763,2163.941,11316.8605,13606.55
MADURAI,2013-14,4301.613,158021.26,,,878.058,900.5165,896.535,1680.2939,2527.02,13221.3156,15802.13
MADURAI,2014-15,4886.895,175443.991,,,991.688,1082.1084,1049.18,2008.9416,2846.027,14453.3491,17544.4
MADURAI,2015-16,5223.353,196928.475,,,1017.8,1259.4973,1103.446,2329.5588,3102.107,16103.7914,19692.85
MADURAI,2016-17,5550.152,224474.736,3276.394,18136.2914,904.53,1262.0297,1369.228,3049.1525,,,22447.47
MADURAI,2017-18,5956.59,241593.946,3433.513,19534.0504,1004.596,1406.5654,1518.481,3218.7788,,,24159.39
MAHABUBABAD,2017-18,1055.167,11266.642,,,317.962,222.4473,737.205,904.2169,,,1126.66
MAHARAJGANJ,2009-10,906.975,13679.155,,,717.94,878.0363,189.035,489.8792,,,1367.92
MAHARAJGANJ,2010-11,995.365,15562.238,,,763.553,992.7275,231.812,563.4963,,,1556.22
MAHARAJGANJ,2011-12,1164.866,17586.65,,,880.752,1087.6168,284.114,671.0482,,,1758.67
MAHARAJGANJ,2012-13,1709.241,21702.394,,,1276.303,1249.1135,432.938,921.1259,,,2170.24
MAHARAJGANJ,2013-14,2092.226,25688.272,,,1578.145,1469.142,514.081,1099.6852,,,2568.83
MAHARAJGANJ,2014-15,2416.471,28972.151,,,1794.313,1642.3134,622.158,1254.9017,,,2897.22
MAHARAJGANJ,2015-16,2721.649,32216.99,,,1908.63,1696.833,813.019,1524.866,,,3221.7
MAHARAJGANJ,2016-17,2685.647,38973.95,,,1768.753,2019.4729,916.894,1877.9221,,,3897.39
MAHARAJGANJ,2017-18,2837.977,42981.487,,,1843.693,2142.7122,994.284,2155.4365,,,4298.15
MAHASAMUND,2009-10,294.504,6080.539,,,158.256,182.0751,136.248,425.9788,,,608.05
MAHASAMUND,2010-11,332.435,7524.942,,,176.748,207.2581,155.687,545.2361,,,752.49
MAHASAMUND,2011-12,381.56,9151.986,,,193.146,237.8468,188.414,677.3518,,,915.2
MAHASAMUND,2012-13,441.313,11628.857,,,218.004,323.449,223.309,839.4367,,,1162.89
MAHASAMUND,2013-14,559.459,13051.9,,,281.681,372.4718,277.778,932.7182,,,1305.19
MAHASAMUND,2014-15,971.094,14799.362,,,513.898,431.7826,457.196,1048.1536,,,1479.94
MAHASAMUND,2015-16,1191.934,16266.615,,,621.523,481.6524,570.411,1145.0091,,,1626.66
MAHASAMUND,2016-17,1430.713,19645.696,,,617.078,486.0264,813.635,1478.5432,,,1964.57
MAHASAMUND,2017-18,1464.53,21383.113,,,637.754,543.629,826.776,1594.6823,,,2138.31
MAHBUBNAGAR,2009-10,1980.773,32759.296,,,912.832,999.8224,822.877,1368.5482,245.064,907.559,3275.93
MAHBUBNAGAR,2010-11,2303.948,36115.281,,,1057.076,1085.3418,944.052,1540.0858,302.82,986.1005,3611.53
MAHBUBNAGAR,2011-12,2372.207,47345.465,,,1140.475,1194.455,934.782,1786.5515,296.95,1753.54,4734.55
MAHBUBNAGAR,2012-13,2919.51,57317.199,,,1429.374,1363.9446,1152.047,2075.3799,338.089,2292.3954,5731.72
MAHBUBNAGAR,2013-14,4015.654,53155.084,,,2054.202,1484.5238,1559.137,2284.8285,402.315,1546.1561,5315.51
MAHBUBNAGAR,2014-15,4819.063,63101.005,,,2493.319,1803.3436,1859.199,2705.1213,466.545,1801.6356,6310.1
MAHBUBNAGAR,2015-16,4980.566,72645.377,,,2592.301,2226.504,1879.544,3063.0037,508.721,1975.03,7264.54
MAHBUBNAGAR,2016-17,5662.345,100371.389,,,2393.891,2501.585,2625.009,4901.2358,643.445,2634.3181,10037.14
MAHBUBNAGAR,2017-18,2241.524,43458.155,,,948.618,930.0618,683.93,1085.3091,608.976,2330.4446,4345.82
MAHE,2009-10,54.829,2822.88,,,,,54.829,282.288,,,282.29
MAHE,2010-11,59.965,3064.229,,,,,59.965,306.4229,,,306.42
MAHE,2011-12,64.084,3559.028,,,,,64.084,355.9028,,,355.9
MAHE,2012-13,78.115,4362.092,,,,,78.115,436.2092,,,436.21
MAHE,2013-14,93.262,4982.774,,,,,93.262,498.2774,,,498.28
MAHE,2014-15,102.776,5852.423,,,,,102.776,585.2423,,,585.24
MAHE,2015-16,104.757,6755.341,,,,,104.757,675.5341,,,675.53
MAHE,2016-17,114.741,8120.709,,,,,114.741,812.0709,,,812.07
MAHE,2017-18,124.913,9122.362,,,,,124.913,912.2362,,,912.24
MAHENDRAGARH,2009-10,631.002,14288.463,,,270.19,423.9759,360.812,1004.8704,,,1428.85
MAHENDRAGARH,2010-11,705.437,17401.06,,,298.593,503.1623,406.844,1236.9437,,,1740.11
MAHENDRAGARH,2011-12,767.413,20288.856,,,332.392,596.4745,435.021,1432.4111,,,2028.89
MAHENDRAGARH,2012-13,858.785,23518.889,,,369.714,692.4012,489.071,1659.4877,,,2351.89
MAHENDRAGARH,2013-14,989.341,27053.176,,,437.99,879.5774,551.351,1825.7402,,,2705.32
MAHENDRAGARH,2014-15,1107.933,30289.288,,,487.135,972.0685,620.798,2056.8603,,,3028.93
MAHENDRAGARH,2015-16,1289.837,34923.078,,,585.476,1185.6893,704.361,2306.6185,,,3492.31
MAHENDRAGARH,2016-17,1424.636,46663.642,,,586.859,1455.1693,837.777,3211.1949,,,4666.36
MAHENDRAGARH,2017-18,1497.062,50835.809,,,619.486,1608.7514,877.576,3474.8295,,,5083.58
MAHESANA,2009-10,1189.392,43883.445,,,298.724,623.897,583.132,1875.0863,307.536,1889.3612,4388.34
MAHESANA,2010-11,1328.337,53123.587,,,349.189,825.7002,653.835,2243.8392,325.313,2242.8193,5312.36
MAHESANA,2011-12,1536.536,57495.249,,,402.986,966.7824,764.705,2701.1954,368.845,2081.5471,5749.52
MAHESANA,2012-13,1807.573,64935.236,,,485.196,1127.9352,899.516,3113.6962,422.861,2251.8922,6493.52
MAHESANA,2013-14,2274.283,76889.143,,,685.789,1314.6746,1102.722,3694.5082,485.772,2679.7315,7688.91
MAHESANA,2014-15,2662.512,91902.741,,,850.066,1605.2392,1265.021,4356.3177,547.425,3228.7172,9190.27
MAHESANA,2015-16,2926.488,100515.528,,,941.359,1844.7444,1399.522,4706.3169,585.607,3500.4915,10051.55
MAHESANA,2016-17,3273.872,122146.801,,,1028.988,2243.7484,1591.482,5848.6167,653.402,4122.315,12214.68
MAHESANA,2017-18,3322.18,128365.465,,,1050.597,2318.2254,1601.889,6256.1737,669.694,4262.1474,12836.55
MAHISAGAR,2013-14,687.58,16299.344,,,439.117,655.9239,248.463,974.0105,,,1629.93
MAHISAGAR,2014-15,824.464,18976.831,,,530.148,755.1027,294.316,1142.5804,,,1897.68
MAHISAGAR,2015-16,904.755,22187.283,,,585.09,851.5384,319.665,1367.1899,,,2218.73
MAHISAGAR,2016-17,1059.928,27201.781,,,692.793,1090.414,367.135,1629.7641,,,2720.18
MAHISAGAR,2017-18,1101.28,27877.027,,,724.927,1166.089,376.353,1621.6137,,,2787.7
MAHOBA,2009-10,355.984,6923.754,,,144.23,143.662,211.754,548.7134,,,692.38
MAHOBA,2010-11,399.489,8172.686,,,165.438,169.1151,234.051,648.1535,,,817.27
MAHOBA,2011-12,455.958,8839.529,,,185.228,173.6667,270.73,710.2862,,,883.95
MAHOBA,2012-13,520.532,10900.594,,,192.257,219.1713,328.275,870.8881,,,1090.06
MAHOBA,2013-14,687.854,13150.784,,,276.951,268.7701,410.903,1046.3083,,,1315.08
MAHOBA,2014-15,705.837,14860.205,,,271.908,291.6546,433.929,1194.3659,,,1486.02
MAHOBA,2015-16,989.798,17241.229,,,409.279,368.3203,580.519,1355.8026,,,1724.12
MAHOBA,2016-17,1096.458,20707.278,,,446.269,436.4046,650.189,1634.3232,,,2070.73
MAHOBA,2017-18,1146.825,23945.457,,,473.485,491.7135,673.34,1902.8322,,,2394.55
MAINPURI,2009-10,781.132,13496.338,,,382.54,367.8778,211.546,351.3529,187.046,630.4031,1349.63
MAINPURI,2010-11,908.661,16146.534,,,453.677,441.9197,242.796,409.1578,212.188,763.5759,1614.65
MAINPURI,2011-12,1037.2,17474.153,,,528.416,465.6839,274.76,434.6525,234.024,847.0789,1747.42
MAINPURI,2012-13,1204.39,20901.917,,,623.801,553.4079,320.229,513.5146,260.36,1023.2692,2090.19
MAINPURI,2013-14,1326.005,25823.115,,,649.829,683.1667,370.237,610.3714,305.939,1288.7734,2582.31
MAINPURI,2014-15,1667.093,30498.633,,,792.677,784.9449,484.174,772.3225,390.242,1492.5959,3049.86
MAINPURI,2015-16,1954.695,33900.355,,,940.95,866.009,562.852,823.1843,450.893,1700.8422,3390.04
MAINPURI,2016-17,2047.467,41955.041,,,649.59,793.9117,917.063,1321.2883,480.814,2080.3041,4195.5
MAINPURI,2017-18,2135.488,44764.215,,,716.711,812.0459,924.808,1379.5649,493.969,2284.8107,4476.42
MAJULI,2017-18,168.917,1589.294,,,168.917,158.9294,,,,,158.93
MALAPPURAM,2009-10,2225.816,69254.071,,,160.427,192.5784,2065.389,6732.8287,,,6925.41
MALAPPURAM,2010-11,2532.724,72234.023,,,154.18,184.9876,2378.544,7038.4147,,,7223.4
MALAPPURAM,2011-12,2772.394,87517.115,,,157.254,203.4137,2615.14,8548.2978,,,8751.71
MALAPPURAM,2012-13,3324.01,100669.767,,,157.478,224.9577,3166.532,9842.019,,,10066.98
MALAPPURAM,2013-14,4260.654,130998.698,,,192.76,268.0142,4067.894,12831.8556,,,13099.87
MALAPPURAM,2014-15,4830.911,144327.613,,,215.242,303.6241,4615.669,14129.1372,,,14432.76
MALAPPURAM,2015-16,5209.522,170771.053,,,27.32,43.4102,5182.202,17033.6951,,,17077.11
MALAPPURAM,2016-17,5555.435,208086.868,,,10.287,14.6676,5162.116,19246.7313,383.032,1547.2879,20808.69
MALAPPURAM,2017-18,6075.428,224553.679,,,12.427,16.1194,5650.989,20477.8696,412.012,1961.3789,22455.37
MALDAH,2009-10,1338.763,26360.819,,,929.107,1201.1981,280.341,823.3972,129.315,611.4866,2636.08
MALDAH,2010-11,1566.133,32601.826,,,1110.52,1446.2532,322.225,1044.3399,133.388,769.5895,3260.18
MALDAH,2011-12,1722.214,38845.686,,,1216.564,1694.1984,363.578,1257.2128,142.072,933.1574,3884.57
MALDAH,2012-13,2028.657,45759.767,,,1443.415,2057.3773,424.003,1572.2725,161.239,946.3269,4575.98
MALDAH,2013-14,2509.2,53221.767,,,1818.9,2392.9184,506.492,1769.3379,183.808,1159.9204,5322.18
MALDAH,2014-15,3366.53,64167.74,,,2514.504,2894.5763,640.807,2151.5052,211.219,1370.6925,6416.77
MALDAH,2015-16,4381.401,73193.899,,,3073.22,3005.4054,1030.717,2700.9702,277.464,1613.0143,7319.39
MALDAH,2016-17,5164.864,87458.627,,,3553.823,3516.1183,1280.147,3261.248,330.894,1968.4964,8745.86
MALDAH,2017-18,5536.064,98232.74,,,3828.804,4048.5333,1348.514,3627.058,358.746,2147.6827,9823.27
MALKANGIRI,2009-10,115.712,5039.56,,,88.128,227.4336,27.584,276.5224,,,503.96
MALKANGIRI,2010-11,169.591,6085.168,,,140.281,330.7733,29.31,277.7435,,,608.52
MALKANGIRI,2011-12,213.074,7019.62,,,174.326,353.2503,38.748,348.7117,,,701.96
MALKANGIRI,2012-13,208.782,8044.248,,,166.972,399.8866,41.81,404.5382,,,804.42
MALKANGIRI,2013-14,273.56,8629.796,,,209.138,452.5162,64.422,410.4634,,,862.98
MALKANGIRI,2014-15,377.415,9372.117,,,280.812,468.0099,96.603,469.2018,,,937.21
MALKANGIRI,2015-16,433.437,9776.156,,,318.29,488.9595,115.147,488.6561,,,977.62
MALKANGIRI,2016-17,513.467,11364.398,,,377.986,601.1425,135.481,535.2973,,,1136.44
MALKANGIRI,2017-18,554.398,12408.705,,,406.173,623.8977,148.225,616.9728,,,1240.87
MAMIT,2009-10,19.142,566.116,,,19.142,56.6116,,,,,56.61
MAMIT,2010-11,34.238,1012.516,,,34.238,101.2516,,,,,101.25
MAMIT,2011-12,44.12,2208.62,,,44.12,220.862,,,,,220.86
MAMIT,2012-13,55.064,2402.277,,,55.064,240.2277,,,,,240.23
MAMIT,2013-14,65.306,2904.531,,,65.306,290.4531,,,,,290.45
MAMIT,2014-15,76.211,3505.129,,,76.211,350.5129,,,,,350.51
MAMIT,2015-16,75.121,3187.763,,,75.121,318.7763,,,,,318.78
MAMIT,2016-17,60.091,1468.252,,,60.091,146.8252,,,,,146.83
MAMIT,2017-18,68.406,1576.566,,,68.406,157.6566,,,,,157.66
MANCHERIAL,2017-18,1253.733,38272.446,,,414.948,679.5253,838.785,3147.7193,,,3827.24
MANDI,2009-10,747.437,24484.379,,,520.441,1288.4983,226.996,1159.9396,,,2448.44
MANDI,2010-11,840.779,30541.991,,,583.926,1530.5597,256.853,1523.6394,,,3054.2
MANDI,2011-12,932.239,35322.765,,,649.393,1900.1264,282.846,1632.1501,,,3532.28
MANDI,2012-13,1085.834,44553.081,,,762.016,2411.6832,323.818,2043.6249,,,4455.31
MANDI,2013-14,1261.96,54057.002,,,901.202,3074.2615,360.758,2331.4387,,,5405.7
MANDI,2014-15,1410.91,66669.906,,,1010.4,3774.9405,400.51,2892.0501,,,6666.99
MANDI,2015-16,1566.92,76141.045,,,1113.231,4399.9629,453.689,3214.1416,,,7614.1
MANDI,2016-17,1713.719,92162.754,,,1229.958,5418.7769,483.761,3797.4985,,,9216.28
MANDI,2017-18,1782.599,102836.06,,,1282.502,5998.8595,500.097,4284.7465,,,10283.61
MANDLA,2009-10,354.241,8067.376,,,225.172,282.8596,129.069,523.878,,,806.74
MANDLA,2010-11,424.821,10022.344,,,273.82,307.6384,151.001,694.596,,,1002.23
MANDLA,2011-12,497.013,10594.921,,,318.64,338.9466,178.373,720.5455,,,1059.49
MANDLA,2012-13,571.164,13452.055,,,361.101,427.7653,210.063,917.4402,,,1345.21
MANDLA,2013-14,707.908,15477.574,,,457.235,541.3898,250.673,1006.3676,,,1547.76
MANDLA,2014-15,837.832,17886.408,,,547.778,640.7809,290.054,1147.8599,,,1788.64
MANDLA,2015-16,998.999,18482.852,,,658.108,683.4107,340.891,1164.8745,,,1848.29
MANDLA,2016-17,1109.523,22840.258,,,543.607,676.5259,565.916,1607.4999,,,2284.03
MANDLA,2017-18,1245.113,24212.798,,,621.228,675.9801,623.885,1745.2997,,,2421.28
MANDSAUR,2009-10,421.048,11444.589,,,107.183,172.6651,135.23,289.5907,178.635,682.2031,1144.46
MANDSAUR,2010-11,469.811,12162.422,,,122.436,188.7611,148.776,299.6773,198.599,727.8038,1216.24
MANDSAUR,2011-12,557.457,14047.76,,,151.494,203.1012,176.414,352.9506,229.549,848.7242,1404.78
MANDSAUR,2012-13,662.358,16736.064,,,187.556,241.0624,219.734,419.5048,255.068,1013.0392,1673.61
MANDSAUR,2013-14,908.345,21137.544,,,263.772,295.6332,328.337,517.38,316.236,1300.7412,2113.75
MANDSAUR,2014-15,1234.206,24268.18,,,356.014,406.4359,463.806,608.827,414.386,1411.5551,2426.82
MANDSAUR,2015-16,1472.839,25834.714,,,429.923,377.0855,547.958,654.9593,494.958,1551.4266,2583.47
MANDSAUR,2016-17,1635.751,32211.685,,,454.397,488.775,635.843,862.6443,545.511,1869.7492,3221.17
MANDSAUR,2017-18,1711.273,32516.83,,,474.547,478.7019,683.493,888.3225,553.233,1884.6586,3251.68
MANDYA,2009-10,857.622,16760.542,,,474.538,651.2891,208.542,434.4424,174.542,590.3227,1676.05
MANDYA,2010-11,994.734,19963.875,,,560.04,773.1722,237.598,524.2016,197.096,699.0137,1996.39
MANDYA,2011-12,1349.869,23521.167,,,694.575,850.4279,385.027,655.7669,270.267,845.9219,2352.12
MANDYA,2012-13,1684.499,26907.785,,,864.388,974.9926,509.323,722.2817,310.788,993.5042,2690.78
MANDYA,2013-14,1979.569,31601.698,,,1035.191,1162.0887,598.284,851.4252,346.094,1146.6559,3160.17
MANDYA,2014-15,2420.294,36283.571,,,1302.424,1386.664,712.523,1009.3246,405.347,1232.3685,3628.36
MANDYA,2015-16,2653.466,42479.448,,,1441.066,1700.1661,770.303,1173.5065,442.097,1374.2722,4247.94
MANDYA,2016-17,2834.464,49254.912,,,1446.507,1796.7919,917.752,1520.6257,470.205,1608.0736,4925.49
MANDYA,2017-18,2981.444,52958.036,,,1524.451,1908.074,968.433,1645.6623,488.56,1742.0673,5295.8
MANSA,2009-10,386.467,11510.014,,,96.75,210.901,289.717,940.1004,,,1151
MANSA,2010-11,448.354,13458.606,,,123.312,248.6009,325.042,1097.2597,,,1345.86
MANSA,2011-12,473.926,13025.511,,,123.04,255.0477,350.886,1047.5034,,,1302.55
MANSA,2012-13,590.646,14972.207,,,152.244,285.1667,438.402,1212.054,,,1497.22
MANSA,2013-14,780.183,17418.442,,,201.598,330.3017,578.585,1411.5425,,,1741.84
MANSA,2014-15,915.591,19897.52,,,256.598,401.8812,658.993,1587.8708,,,1989.75
MANSA,2015-16,1069.833,21878.873,,,317.217,463.7542,752.616,1724.1331,,,2187.89
MANSA,2016-17,1209.655,27785.267,,,338.731,532.1308,870.924,2246.3959,,,2778.53
MANSA,2017-18,1302.518,28472.253,,,380.354,537.1799,922.164,2310.0454,,,2847.23
MATHURA,2009-10,1424.008,39382.527,,,573.699,821.8613,344.854,1013.2555,505.455,2103.1359,3938.25
MATHURA,2010-11,1587.257,44936.637,,,649.311,955.9412,385.031,1154.3514,552.915,2383.3711,4493.66
MATHURA,2011-12,1731.306,52021.245,,,721.083,1078.37,416.692,1358.6668,593.531,2765.0877,5202.12
MATHURA,2012-13,1892.049,62661.796,,,789.858,1315.1483,451.89,1604.3532,650.301,3346.6781,6266.18
MATHURA,2013-14,2150.933,72229.185,,,943.445,1614.7689,528.076,1833.3756,679.412,3774.774,7222.92
MATHURA,2014-15,2548.002,83543.504,,,1149.84,1779.0662,622.612,2151.6516,775.55,4423.6326,8354.35
MATHURA,2015-16,2970.169,94941.205,,,1366.939,2090.4744,736.532,2494.3593,866.698,4909.2868,9494.12
MATHURA,2016-17,3110.568,112802.22,,,952.897,1622.1235,1238.334,3811.3446,919.337,5846.7539,11280.22
MATHURA,2017-18,3234.159,125948.387,,,997.32,1758.2386,1293.684,4111.0375,943.155,6725.5626,12594.84
MAU,2009-10,1187.629,21172.311,,,729.019,955.2386,304.857,574.4266,153.753,587.5659,2117.23
MAU,2010-11,1446.064,25263.861,,,895.91,1122.559,358.455,668.5191,191.699,735.308,2526.39
MAU,2011-12,1500.731,28584.29,,,899.754,1268.5386,388.377,777.1886,212.6,812.7018,2858.43
MAU,2012-13,1740.794,36104.071,,,1027.249,1555.4725,454.74,938.705,258.805,1116.2296,3610.41
MAU,2013-14,1963.029,43150.88,,,1147.232,1911.0741,507.373,1117.6948,308.424,1286.3191,4315.09
MAU,2014-15,2293.325,48466.327,,,1322.983,2157.778,583.464,1244.3785,386.878,1444.4762,4846.63
MAU,2015-16,2552.665,54454.102,,,1438.79,2369.775,655.179,1438.6919,458.696,1636.9433,5445.41
MAU,2016-17,2914.182,71013.188,,,1621.784,2945.2929,765.489,1979.8291,526.909,2176.1968,7101.32
MAU,2017-18,3042.128,82465.885,,,1683.35,3546.231,822.356,2221.0924,536.422,2479.2651,8246.59
MAYURBHANJ,2009-10,1263.34,24418.652,,,924.981,1144.223,129.508,369.007,208.851,928.6352,2441.87
MAYURBHANJ,2010-11,1580.794,30290.432,,,1143.356,1371.6555,183.185,506.0644,254.253,1151.3233,3029.04
MAYURBHANJ,2011-12,1880.801,36068.105,,,1359.544,1590.4238,241.281,625.8364,279.976,1390.5503,3606.81
MAYURBHANJ,2012-13,2211.978,42392.67,,,1619.516,1898.4051,277.985,775.306,314.477,1565.5559,4239.27
MAYURBHANJ,2013-14,2577.695,49475.879,,,1892.709,2313.5348,316.819,896.5992,368.167,1737.4539,4947.59
MAYURBHANJ,2014-15,2985.505,58829.112,,,2194.382,2733.7498,372.236,1117.3676,418.887,2031.7938,5882.91
MAYURBHANJ,2015-16,3094.958,66235.519,,,2264.514,3188.6704,395.642,1225.1938,434.802,2209.6877,6623.55
MAYURBHANJ,2016-17,3538.324,78258.652,,,2597.372,3743.7964,446.214,1490.7888,494.738,2591.28,7825.87
MAYURBHANJ,2017-18,3807.512,87203.294,,,2792.927,4153.9752,484.203,1569.9443,530.382,2996.4099,8720.33
MEDAK,2009-10,1886.111,43045.476,,,743.222,1003.8941,1142.889,3300.6535,,,4304.55
MEDAK,2010-11,2042.895,49805.198,,,821.331,1588.7017,1221.564,3391.8181,,,4980.52
MEDAK,2011-12,2172.44,56411.309,,,907.968,1423.9653,1264.472,4217.1656,,,5641.13
MEDAK,2012-13,2556.583,67931.293,,,1050.718,1564.8223,1505.865,5228.307,,,6793.13
MEDAK,2013-14,3512.609,75113.969,,,1625.391,1724.3752,1887.218,5787.0217,,,7511.4
MEDAK,2014-15,4152.181,87441.385,,,1946.035,2056.2076,2206.146,6687.9309,,,8744.14
MEDAK,2015-16,4237.359,98360.508,,,1958.992,2434.0098,2278.367,7402.041,,,9836.05
MEDAK,2016-17,4633.833,133151.773,389.887,3789.7402,1872.104,3042.6724,2371.842,6482.7647,,,13315.18
MEDAK,2017-18,1206.823,18453.068,,,656.338,870.3966,550.485,974.9102,,,1845.31
MEDCHAL-MALKAJGIRI,2017-18,8385.707,703516.033,7432.548,66384.0849,254.993,844.9641,698.166,3122.5543,,,70351.6
MEERUT,2009-10,2537.299,93271.302,1596.499,7567.0859,534.273,915.9913,406.527,844.053,,,9327.13
MEERUT,2010-11,2819.508,106176.197,1763.895,8536.4748,587.647,1066.5664,467.966,1014.5785,,,10617.62
MEERUT,2011-12,3076.365,124587.859,1916.589,10174.9964,653.98,1166.3644,505.796,1117.4251,,,12458.79
MEERUT,2012-13,3453.667,143181.463,2087.033,11747.6512,760.277,1304.6296,606.357,1265.8655,,,14318.15
MEERUT,2013-14,3907.74,169249.901,2268.407,14020.181,913.338,1447.9824,725.995,1456.8267,,,16924.99
MEERUT,2014-15,4572.601,193758.45,2581.438,15921.8815,1102.388,1710.3151,888.775,1743.6484,,,19375.84
MEERUT,2015-16,5248.412,218735.578,2954.713,17986.5545,1251.004,1908.4171,1042.695,1978.5862,,,21873.56
MEERUT,2016-17,5462.958,275440.679,3167.71,22685.1469,1224.677,2495.1051,1070.571,2363.8159,,,27544.07
MEERUT,2017-18,5598.721,286451.62,3218.096,23381.4505,1283.815,2755.3151,1096.81,2508.3964,,,28645.16
MEWAT,2009-10,249.372,5767.009,,,108.458,177.4924,140.914,399.2085,,,576.7
MEWAT,2010-11,279.455,7882.673,,,128.353,244.3817,151.102,543.8856,,,788.27
MEWAT,2011-12,342.721,9098.227,,,149.925,271.0401,192.796,638.7826,,,909.82
MEWAT,2012-13,407.178,11163.086,,,181.052,343.7341,226.126,772.5745,,,1116.31
MEWAT,2013-14,496.389,12663.776,,,226.808,338.2198,269.581,928.1578,,,1266.38
MEWAT,2014-15,541.554,13330.658,,,235.002,367.6062,306.552,965.4596,,,1333.07
MEWAT,2015-16,683.11,15082.826,,,310.513,466.9311,372.597,1041.3515,,,1508.28
MEWAT,2016-17,780.624,19722.559,,,219.798,470.1666,560.826,1502.0893,,,1972.26
MEWAT,2017-18,876.742,20309.818,,,246.266,499.9104,630.476,1531.0714,,,2030.98
MIRZAPUR,2009-10,1247.095,22998.255,,,836.684,924.8417,132.587,259.2022,277.824,1115.7816,2299.83
MIRZAPUR,2010-11,1239.977,27448.466,,,773.365,1123.8059,148.998,307.0356,317.614,1314.0051,2744.85
MIRZAPUR,2011-12,1544.089,30260.14,,,1043.314,1222.0993,176.851,352.9865,323.924,1450.9282,3026.01
MIRZAPUR,2012-13,1817.915,38085.082,,,1219.71,1572.0484,207.295,444.0271,390.91,1792.4327,3808.51
MIRZAPUR,2013-14,2103.608,44672.218,,,1423.37,1924.7671,248.37,548.3292,431.868,1994.1255,4467.22
MIRZAPUR,2014-15,2308.913,49776.966,,,1542.791,2169.0509,260.588,622.5084,505.534,2186.1373,4977.7
MIRZAPUR,2015-16,2733.56,54987.371,,,1853.632,2482.5692,325.397,672.7765,554.531,2343.3914,5498.74
MIRZAPUR,2016-17,3059.63,66130.679,,,2061.984,2995.5628,369.461,830.209,628.185,2787.2961,6613.07
MIRZAPUR,2017-18,3192.47,73131.13,,,2163.985,3300.0659,392.386,931.8601,636.099,3081.187,7313.11
MOGA,2009-10,808.198,32776.251,,,298.295,993.4369,143.208,476.2547,366.695,1807.9335,3277.63
MOGA,2010-11,880.589,36525.575,,,337.117,1116.3412,159.894,555.2048,383.578,1981.0115,3652.56
MOGA,2011-12,1009.519,41981.716,,,393.821,1291.8067,182.893,641.7891,432.805,2264.5758,4198.17
MOGA,2012-13,1128.218,48724.516,,,438.691,1535.4559,215.435,749.4081,474.092,2587.5876,4872.45
MOGA,2013-14,1270.194,55967.318,,,513.778,1798.4788,239.409,860.1956,517.007,2938.0574,5596.73
MOGA,2014-15,1429.017,63231.691,,,602.326,2063.4634,262.893,936.9749,563.798,3322.7308,6323.17
MOGA,2015-16,1676.694,73328.472,,,735.892,2344.896,307.485,1089.0338,633.317,3898.9174,7332.85
MOGA,2016-17,1843.002,83801.232,,,669.623,2274.1344,496.343,1765.4422,677.036,4340.5466,8380.12
MOGA,2017-18,1915.157,85945.124,,,686.739,2262.5144,547.682,1905.3672,680.736,4426.6308,8594.51
MOKOKCHUNG,2009-10,50.716,1551.769,,,12.877,16.447,37.839,138.7299,,,155.18
MOKOKCHUNG,2010-11,57.646,1856.224,,,15.202,25.8832,42.444,159.7392,,,185.62
MOKOKCHUNG,2011-12,65.678,2251.122,,,17.497,30.4251,48.181,194.6871,,,225.11
MOKOKCHUNG,2012-13,73.83,2330.922,,,19.256,35.5013,54.574,197.5909,,,233.09
MOKOKCHUNG,2013-14,79.554,2618.574,,,20.87,41.1044,58.684,220.753,,,261.86
MOKOKCHUNG,2014-15,108.789,2924.668,,,31.609,52.7891,77.18,239.6777,,,292.47
MOKOKCHUNG,2015-16,124.533,3264.674,,,34.89,66.8025,89.643,259.6649,,,326.47
MOKOKCHUNG,2016-17,143.714,4131.651,,,45.054,83.0053,98.66,330.1598,,,413.17
MOKOKCHUNG,2017-18,152.465,4654.487,,,47.381,88.9281,105.084,376.5206,,,465.45
MON,2009-10,22.813,843.801,,,4.922,12.7101,17.891,71.67,,,84.38
MON,2010-11,25.655,877.217,,,5.354,15.6704,20.301,72.0513,,,87.72
MON,2011-12,28.73,976.585,,,6.519,22.6431,22.211,75.0154,,,97.66
MON,2012-13,32.696,968.69,,,7.737,26.5996,24.959,70.2694,,,96.87
MON,2013-14,34.8,1018.423,,,9.967,29.5291,24.833,72.3132,,,101.84
MON,2014-15,49.793,1093.48,,,20.739,35.9607,29.054,73.3873,,,109.35
MON,2015-16,55.714,1214.038,,,24.589,40.4555,31.125,80.9483,,,121.4
MON,2016-17,67.327,1474.339,,,32.878,49.2386,34.449,98.1953,,,147.43
MON,2017-18,71.843,1665.104,,,32.574,49.7142,39.269,116.7962,,,166.51
MORADABAD,2009-10,2309.358,54528.869,,,876.612,845.1852,421.54,584.1515,1011.206,4023.5502,5452.89
MORADABAD,2010-11,2617.494,67204.581,,,1002.289,1057.4108,485.396,711.1456,1129.809,4951.9017,6720.46
MORADABAD,2011-12,2064.438,63529.476,,,712.779,792.962,411.601,712.4258,940.058,4847.5598,6352.95
MORADABAD,2012-13,2282.864,72932.886,,,755.248,875.4582,484.458,832.7121,1043.158,5585.1183,7293.29
MORADABAD,2013-14,2831.488,84191.219,,,1069.962,1023.7659,539.893,946.2659,1221.633,6449.0901,8419.12
MORADABAD,2014-15,3543,101312.759,,,1404.422,1183.4357,780.252,1152.794,1358.326,7795.0462,10131.28
MORADABAD,2015-16,3800.922,117642.396,,,1409.098,1414.2936,837.227,1367.5871,1554.597,8982.3589,11764.24
MORADABAD,2016-17,4189.387,147499.397,,,1489.151,1693.6672,958.904,1760.8099,1741.332,11295.4626,14749.94
MORADABAD,2017-18,4334.84,156633.518,,,1554.366,1744.8495,999.344,1780.6329,1781.13,12137.8694,15663.35
MORBI,2014-15,1.771,26.493,,,1.771,2.6493,,,,,2.65
MORBI,2015-16,881.55,39745.294,,,259.355,534.9836,209.959,608.822,412.236,2830.7238,3974.53
MORBI,2016-17,1054.882,56228.152,,,275.062,739.4122,316.807,1003.4745,463.013,3879.9285,5622.82
MORBI,2017-18,1110.895,62395.738,,,302.09,719.0823,325.603,1061.5822,483.202,4458.9093,6239.57
MORENA,2009-10,507.686,12457.694,,,87.822,107.9383,255.477,533.8821,164.387,603.949,1245.77
MORENA,2010-11,583.39,14280.065,,,102.373,112.5971,295.902,598.5169,185.115,716.8925,1428.01
MORENA,2011-12,742.252,15720.17,,,144.63,139.1459,376.845,684.8281,220.777,748.043,1572.02
MORENA,2012-13,882.926,18478.262,,,170.334,150.472,459.288,783.0858,253.304,914.2684,1847.83
MORENA,2013-14,1057.396,21332.154,,,215.101,171.5369,564.077,892.3909,278.218,1069.2876,2133.22
MORENA,2014-15,1242.932,24427.589,,,246.792,239.0342,650.062,992.1015,346.078,1211.6232,2442.76
MORENA,2015-16,1608.319,27101.56,,,320.599,218.7977,854.977,1137.2444,432.743,1354.1139,2710.16
MORENA,2016-17,1816.098,34545.442,,,350.054,278.7878,974.657,1463.1071,491.387,1712.6493,3454.54
MORENA,2017-18,1902.664,35553.87,,,370.218,270.368,1015.124,1541.1842,517.322,1743.8348,3555.39
MORIGAON,2009-10,291.779,4613.958,,,184.002,160.8143,107.777,300.5815,,,461.4
MORIGAON,2010-11,342.83,5698.02,,,215.914,200.0378,126.916,369.7642,,,569.8
MORIGAON,2011-12,411.229,6193.996,,,254.503,213.0308,156.726,406.3688,,,619.4
MORIGAON,2012-13,514.601,7181.856,,,325.02,225.1739,189.581,493.0117,,,718.19
MORIGAON,2013-14,642.649,7973.328,,,389.232,256.0378,253.417,541.295,,,797.33
MORIGAON,2014-15,811.751,9560.948,,,483.638,265.1204,328.113,690.9744,,,956.09
MORIGAON,2015-16,1033.611,10092.98,,,656.088,306.1254,377.523,703.1726,,,1009.3
MORIGAON,2016-17,1300.243,11832.478,,,862.66,354.2643,437.583,828.9835,,,1183.25
MORIGAON,2017-18,1387.559,12839.311,,,921.08,424.8708,466.479,859.0603,,,1283.93
MUKTSAR,2009-10,540.216,16427.039,,,148.18,324.4389,392.036,1318.265,,,1642.7
MUKTSAR,2010-11,633.323,19445.206,,,183.379,371.8126,449.944,1572.708,,,1944.52
MUKTSAR,2011-12,704.897,22731.896,,,200.65,422.5514,504.247,1850.6382,,,2273.19
MUKTSAR,2012-13,829.476,25819.645,,,239.774,506.2591,589.702,2075.7054,,,2581.96
MUKTSAR,2013-14,948.441,29539.323,,,290.546,618.6004,657.895,2335.3319,,,2953.93
MUKTSAR,2014-15,1096.515,32939.754,,,356.011,708.0899,740.504,2585.8855,,,3293.98
MUKTSAR,2015-16,1320.557,36012.047,,,432.63,759.1384,887.927,2842.0663,,,3601.2
MUKTSAR,2016-17,1493.039,43937.298,,,496.698,913.2029,566.111,1816.365,430.23,1664.1619,4393.73
MUKTSAR,2017-18,1565.915,44632.872,,,530.827,935.5542,587.562,1827.464,447.526,1700.269,4463.29
MUMBAI,2009-10,10657.805,7051168.621,10657.805,705116.8621,,,,,,,705116.86
MUMBAI,2010-11,10425.947,8476138.611,10425.947,847613.8611,,,,,,,847613.86
MUMBAI,2011-12,13929.472,8819347.223,13929.472,881934.7223,,,,,,,881934.72
MUMBAI,2012-13,11633.934,9871274.573,11633.934,987127.4573,,,,,,,987127.46
MUMBAI,2013-14,13007.273,10775828.83,13007.273,1077582.883,,,,,,,1077582.88
MUMBAI,2014-15,12557.527,11290140.19,12557.527,1129014.019,,,,,,,1129014.02
MUMBAI,2015-16,13251.906,10741800.47,13251.906,1074180.047,,,,,,,1074180.05
MUMBAI,2016-17,14021.855,9633807.497,14021.855,963380.7497,,,,,,,963380.75
MUMBAI,2017-18,17852.144,9958687.922,17852.144,995868.7922,,,,,,,995868.79
MUMBAI SUBURBAN,2009-10,14925.824,2563546.799,14925.824,256354.6799,,,,,,,256354.68
MUMBAI SUBURBAN,2010-11,22097.841,3211767.451,22097.841,321176.7451,,,,,,,321176.75
MUMBAI SUBURBAN,2011-12,25867.322,3067356.231,25867.322,306735.6231,,,,,,,306735.62
MUMBAI SUBURBAN,2012-13,32621.746,3798078.298,32621.746,379807.8298,,,,,,,379807.83
MUMBAI SUBURBAN,2013-14,37042.863,4694462.576,37042.863,469446.2576,,,,,,,469446.26
MUMBAI SUBURBAN,2014-15,40427.816,4595149.196,40427.816,459514.9196,,,,,,,459514.92
MUMBAI SUBURBAN,2015-16,42981.524,4869194.683,42981.524,486919.4683,,,,,,,486919.47
MUMBAI SUBURBAN,2016-17,44662.847,5165462.378,44662.847,516546.2378,,,,,,,516546.24
MUMBAI SUBURBAN,2017-18,44826.616,5381268.27,44826.616,538126.827,,,,,,,538126.83
MUNGELI,2012-13,181.082,4695.82,,,101.729,190.2239,79.353,279.3581,,,469.58
MUNGELI,2013-14,226.652,5693.806,,,118.147,214.954,108.505,354.4266,,,569.38
MUNGELI,2014-15,416.083,6266.188,,,190.536,217.6773,225.547,408.9415,,,626.62
MUNGELI,2015-16,598.798,6862.932,,,286.579,240.278,312.219,446.0152,,,686.29
MUNGELI,2016-17,796.378,9029,,,387.703,301.3179,408.675,601.5821,,,902.9
MUNGELI,2017-18,845.291,10105.366,,,413.685,332.6762,431.606,677.8604,,,1010.54
MUNGER,2009-10,658.801,19750.857,,,283.323,453.5869,180.674,473.7052,194.804,1047.7936,1975.09
MUNGER,2010-11,732.952,21430.24,,,308.566,517.7726,216.047,559.2036,208.339,1066.0478,2143.02
MUNGER,2011-12,795.439,25137.086,,,331.774,590.5507,233.576,653.3926,230.089,1269.7653,2513.71
MUNGER,2012-13,861.799,28629.721,,,349.072,681.6309,259.474,791.9233,253.253,1389.4179,2862.97
MUNGER,2013-14,981.28,33868.67,,,400.651,835.4718,296.755,978.8409,283.874,1572.5543,3386.87
MUNGER,2014-15,1135.544,40309.21,,,471.565,966.5373,338.917,1177.0987,325.062,1887.285,4030.92
MUNGER,2015-16,1426.882,44393.773,,,631.383,1114.6025,407.649,1347.6112,387.85,1977.1636,4439.38
MUNGER,2016-17,1628.921,51143.276,,,706.267,1219.1099,285.159,601.7721,637.495,3293.4456,5114.33
MUNGER,2017-18,1724.513,55113.893,,,769.601,1396.6013,298.699,681.6052,656.213,3433.1828,5511.39
MURSHIDABAD,2009-10,2418.619,46352.531,,,1256.619,1620.8484,854.773,1517.5284,307.227,1496.8763,4635.25
MURSHIDABAD,2010-11,2797.792,55470.075,,,1474.77,1918.3774,993.899,1824.9517,329.123,1803.6784,5547.01
MURSHIDABAD,2011-12,3182.156,65498.466,,,1684.344,2181.199,1144.571,2142.4632,353.241,2226.1844,6549.85
MURSHIDABAD,2012-13,3947.644,80873.591,,,2142.104,2658.0056,1416.821,2694.8906,388.719,2734.4629,8087.36
MURSHIDABAD,2013-14,5036.336,97740.934,,,2760.321,3270.2451,1855.504,3407.069,420.511,3096.7793,9774.09
MURSHIDABAD,2014-15,6210.277,117794.691,,,3355.911,3925.648,2377.665,4139.9257,476.701,3713.8954,11779.47
MURSHIDABAD,2015-16,7626.483,135326.123,,,3828.472,4267.6165,3212.202,5173.1725,585.809,4091.8233,13532.61
MURSHIDABAD,2016-17,8984.965,163798.699,,,4080.137,4696.2616,4307.501,6922.1444,597.327,4761.4639,16379.87
MURSHIDABAD,2017-18,9540.738,176320.596,,,4371.964,5115.7854,4560.092,7342.8956,608.682,5173.3786,17632.06
MUZAFFARNAGAR,2009-10,1813.337,48981.714,,,524.333,968.769,756.73,1680.5918,532.274,2248.8106,4898.17
MUZAFFARNAGAR,2010-11,2037.828,56731.943,,,593.361,1207.6649,865.836,2002.3395,578.631,2463.1899,5673.19
MUZAFFARNAGAR,2011-12,1638.13,48937.411,,,509.614,964.8119,522.533,1139.0405,605.983,2789.8887,4893.74
MUZAFFARNAGAR,2012-13,1956.005,54935.641,,,609.218,1068.7251,656.349,1304.3745,690.438,3120.4645,5493.56
MUZAFFARNAGAR,2013-14,2216.967,62173.639,,,691.438,1154.8084,767.024,1465.0471,758.505,3597.5084,6217.36
MUZAFFARNAGAR,2014-15,2579.944,71516.858,,,826.445,1317.758,906.677,1688.5852,846.822,4145.3426,7151.69
MUZAFFARNAGAR,2015-16,2982.988,80197.451,,,994.821,1552.5825,1059.818,1951.5366,928.349,4515.626,8019.75
MUZAFFARNAGAR,2016-17,3307.154,103029.851,,,827.301,1570.1858,1465.379,3089.3796,1014.474,5643.4197,10302.99
MUZAFFARNAGAR,2017-18,3420.982,107448.425,,,871.304,1643.1467,1517.061,3254.2303,1032.617,5847.4655,10744.84
MUZAFFARPUR,2009-10,1576.506,47456.066,,,818.063,1372.2959,174.512,369.4495,583.931,3003.8612,4745.61
MUZAFFARPUR,2010-11,1936.751,61422.896,,,1001.397,1669.1711,230.558,479.2714,704.796,3993.8471,6142.29
MUZAFFARPUR,2011-12,2092.546,69144.686,,,1098.333,1984.6224,254.64,646.5605,739.573,4283.2857,6914.47
MUZAFFARPUR,2012-13,2516.3,80516.218,,,1345.366,2252.5214,330.544,743.7242,840.39,5055.3762,8051.62
MUZAFFARPUR,2013-14,2816.921,96404.981,,,1538.833,2640.2181,381.839,857.8586,896.249,6142.4214,9640.5
MUZAFFARPUR,2014-15,3562.615,116851.971,,,2021.479,2983.3916,533.592,996.8274,1007.544,7704.9781,11685.2
MUZAFFARPUR,2015-16,4575.789,114246.329,,,2656,3319.0414,765.673,1215.0144,1154.116,6890.5771,11424.63
MUZAFFARPUR,2016-17,5303.158,130777.376,,,2709.922,3367.4599,1336.621,1951.181,1256.615,7759.0967,13077.74
MUZAFFARPUR,2017-18,5786.703,140471.476,,,3026.767,3815.4447,1474.194,2284.4118,1285.742,7947.2911,14047.15
MYSORE,2009-10,2409.327,99740.155,,,587.331,811.4968,330.93,703.4906,1491.066,8459.0281,9974.02
MYSORE,2010-11,2581.598,116827.972,,,574.52,939.7251,353.409,799.783,1653.669,9943.2891,11682.8
MYSORE,2011-12,2890.423,143431.285,,,612.615,1059.7743,425.549,970.9406,1852.259,12312.4136,14343.13
MYSORE,2012-13,3622.593,165739.719,,,931.514,1198.9849,573.513,1172.4207,2117.566,14202.5663,16573.97
MYSORE,2013-14,4265.829,201001.465,,,1144.81,1453.4439,691.02,1337.7556,2429.999,17308.947,20100.15
MYSORE,2014-15,4936.566,224333.409,,,1382.058,1919.3145,803.722,1445.9738,2750.786,19068.0526,22433.34
MYSORE,2015-16,5422.173,253821.408,,,1539.743,2252.1569,914.275,1730.5597,2968.155,21399.4242,25382.14
MYSORE,2016-17,5794.821,296102.461,,,1636.546,2498.6257,1056.623,2149.004,3101.652,24962.6164,29610.25
MYSORE,2017-18,6030.445,312379.925,,,1758.461,2711.095,1097.542,2332.4593,3174.442,26194.4382,31237.99
NADIA,2009-10,2173.502,56735.134,,,921.564,1637.051,873.652,2676.5111,378.286,1359.9513,5673.51
NADIA,2010-11,2477.915,67868.773,,,1063.526,1965.3187,989.503,3226.2603,424.886,1595.2983,6786.88
NADIA,2011-12,3023.652,93726.222,,,1252.457,2497.027,1220.685,4513.017,550.51,2362.5782,9372.62
NADIA,2012-13,3316.897,102530.238,,,1470.03,2930.1912,1301.176,4848.5719,545.691,2474.2607,10253.02
NADIA,2013-14,4312.445,123358.555,,,2037.797,3656.1044,1634.423,5805.1974,640.225,2874.5537,12335.86
NADIA,2014-15,5573.805,147602.063,,,2759.632,4431.8576,2054.335,6911.6744,759.838,3416.6743,14760.21
NADIA,2015-16,6803.975,169426.041,,,3382.911,5227.0331,2417.497,7708.3154,1003.567,4007.2556,16942.6
NADIA,2016-17,7883.524,197975.195,,,3683.564,5748.4601,2626.306,6396.823,1573.654,7652.2364,19797.52
NADIA,2017-18,8221.717,213412.115,,,3876.642,6295.1656,2733.502,6810.7662,1611.573,8235.2797,21341.21
NAGAON,2009-10,893.727,20328.914,,,449.787,492.2663,217.746,602.122,226.194,938.5031,2032.89
NAGAON,2010-11,1020.589,24322.006,,,531.661,603.8924,239.231,680.6381,249.697,1147.6701,2432.2
NAGAON,2011-12,1160.767,27573.921,,,601.451,699.1828,286.062,771.6579,273.254,1286.5514,2757.39
NAGAON,2012-13,1383.957,32405.235,,,741.378,833.3038,338.652,936.1686,303.927,1471.0511,3240.52
NAGAON,2013-14,1790.61,37713.17,,,1013.463,984.5814,427.797,1089.6035,349.35,1697.1321,3771.32
NAGAON,2014-15,2380.203,47078.286,,,1392.62,1193.7181,571.499,1246.3802,416.084,2267.7303,4707.83
NAGAON,2015-16,3114.682,52769.4,,,1871.04,1504.6218,705.94,1423.4096,537.702,2348.9086,5276.94
NAGAON,2016-17,3639.331,59012.493,,,1989.442,1387.2418,1045.401,1933.6275,604.488,2580.38,5901.25
NAGAON,2017-18,3106.511,45654.129,,,1901.465,1356.6701,595.481,493.5572,609.565,2715.1856,4565.41
NAGAPATTINAM,2009-10,1059.522,27118.462,,,455.868,823.2974,603.654,1888.5488,,,2711.85
NAGAPATTINAM,2010-11,1121.413,31232.689,,,485.563,924.3962,635.85,2198.8727,,,3123.27
NAGAPATTINAM,2011-12,1258.949,34645.855,,,543.143,1015.7386,715.806,2448.8469,,,3464.59
NAGAPATTINAM,2012-13,1606.265,37859.998,,,716.204,1097.0178,890.061,2688.982,,,3786
NAGAPATTINAM,2013-14,1960.063,43505.262,,,906.259,1245.5335,1053.804,3104.9927,,,4350.53
NAGAPATTINAM,2014-15,2122.29,49755.251,,,975.994,1422.4943,1146.296,3553.0308,,,4975.53
NAGAPATTINAM,2015-16,2289.519,55850.596,,,1020.025,1576.374,1269.494,4008.6856,,,5585.06
NAGAPATTINAM,2016-17,2414.887,62966.044,,,1018.619,1789.0865,1056.647,3269.9802,339.621,1237.5377,6296.6
NAGAPATTINAM,2017-18,2523.365,66687.391,,,1071.194,1882.7157,1099.985,3467.6197,352.186,1318.4037,6668.74
NAGARKURNOOL,2017-18,1102.364,14970.511,,,606.017,651.0273,496.347,846.0238,,,1497.05
NAGAUR,2009-10,870.962,21079.465,,,337.444,607.7251,533.518,1500.2214,,,2107.95
NAGAUR,2010-11,953.813,24459.509,,,376.86,685.4326,576.953,1760.5183,,,2445.95
NAGAUR,2011-12,1056.004,27551.457,,,411.361,766.1682,644.643,1988.9775,,,2755.15
NAGAUR,2012-13,1217.904,31556.996,,,472.509,857.3775,745.395,2298.3221,,,3155.7
NAGAUR,2013-14,1454.331,37526.581,,,579.574,1034.2697,874.757,2718.3884,,,3752.66
NAGAUR,2014-15,1959.79,42900.797,,,834.567,1202.2258,1125.223,3087.8539,,,4290.08
NAGAUR,2015-16,2641.146,50945.874,,,1200.97,1675.4465,1440.176,3419.1409,,,5094.59
NAGAUR,2016-17,2976.129,66816.057,,,1236.856,1728.5219,1431.751,3744.1652,307.522,1208.9186,6681.61
NAGAUR,2017-18,3293.826,68144.474,,,1373.905,1799.7173,1585.864,3848.1794,334.057,1166.5507,6814.45
NAGPUR,2009-10,3145.66,264986.418,2290.178,24195.1768,462.935,1257.7742,392.547,1045.6908,,,26498.64
NAGPUR,2010-11,3585.748,309088.999,2583.789,28099.2451,536.695,1505.8366,465.264,1303.8182,,,30908.9
NAGPUR,2011-12,4096.517,337578.09,2882.236,30143.5283,651.816,1979.3546,562.465,1634.9261,,,33757.81
NAGPUR,2012-13,4730.357,387106.133,3255.405,34083.599,790.863,2495.3633,684.089,2131.651,,,38710.61
NAGPUR,2013-14,5505.669,459380.332,3736.054,40409.3949,972.956,3035.1046,796.659,2493.5337,,,45938.03
NAGPUR,2014-15,6360.745,556795.016,4242.001,48970.0607,1158.977,3654.6383,959.767,3054.8026,,,55679.5
NAGPUR,2015-16,7096.067,622031.358,4669.378,54604.9266,1342.957,4079.3979,1083.732,3518.8113,,,62203.14
NAGPUR,2016-17,7643.834,688106.02,4985.734,59584.2215,1259.219,4122.8515,1398.881,5103.529,,,68810.6
NAGPUR,2017-18,8087.23,668989.241,5176.959,57004.9143,1398.717,4480.7451,1511.554,5413.2647,,,66898.92
NAINITAL,2009-10,736.078,31989.331,,,231.19,622.9723,183.834,946.8902,321.054,1629.0706,3198.93
NAINITAL,2010-11,792.637,39484.726,,,247.312,734.1989,193.365,1107.4465,351.96,2106.8272,3948.47
NAINITAL,2011-12,877.983,43864.455,,,261.6,863.1934,216.753,1201.5976,399.63,2321.6545,4386.45
NAINITAL,2012-13,983.352,51013.418,,,312.255,1040.1559,240.218,1410.8448,430.879,2650.3411,5101.34
NAINITAL,2013-14,1085.004,59569.409,,,366.746,1224.5108,254.777,1656.8903,463.481,3075.5398,5956.94
NAINITAL,2014-15,1302.799,70687.194,,,469.203,1473.7387,289.846,1855.2587,543.75,3739.722,7068.72
NAINITAL,2015-16,1505.273,79376.052,,,557.069,1694.044,329.767,2051.8583,618.437,4191.7029,7937.61
NAINITAL,2016-17,1662.342,98787.365,,,623.761,2138.0499,356.143,2457.9904,682.438,5282.6962,9878.74
NAINITAL,2017-18,1758.378,109352.187,,,682.323,2472.6604,366.961,2643.7478,709.094,5818.8105,10935.22
NALANDA,2009-10,893.225,24164.364,,,461.396,788.8409,222.348,563.4091,209.481,1064.1864,2416.44
NALANDA,2010-11,1062.979,27419.328,,,560.498,920.7202,251.627,670.75,250.854,1150.4626,2741.93
NALANDA,2011-12,1153.022,31731.859,,,555.352,1089.0262,316.364,791.3651,281.306,1292.7946,3173.19
NALANDA,2012-13,1354.579,38326.171,,,655.244,1285.6151,366.667,920.392,332.668,1626.61,3832.62
NALANDA,2013-14,1611.279,45307.311,,,801.193,1546.5491,436.935,1089.1268,373.151,1895.0552,4530.73
NALANDA,2014-15,1896.847,54748.969,,,958.475,1868.5052,480.466,1320.671,457.906,2285.7207,5474.9
NALANDA,2015-16,1832.713,61545.893,,,709.384,2001.8798,548.001,1511.3716,575.328,2641.3379,6154.59
NALANDA,2016-17,2367.232,74291.505,,,909.515,2204.0803,726.699,1976.2216,731.018,3248.8486,7429.15
NALANDA,2017-18,3222.895,79805.566,,,1463.321,2422.6066,954.856,2199.6152,804.718,3358.3348,7980.56
NALBARI,2009-10,348.928,6710.967,,,244.887,271.373,104.041,399.7237,,,671.1
NALBARI,2010-11,416.092,8207.1,,,285.234,351.5413,130.858,469.1687,,,820.71
NALBARI,2011-12,453.89,9551.255,,,303.773,409.6246,150.117,545.5009,,,955.13
NALBARI,2012-13,496.032,10917.2,,,328.13,455.4887,167.902,636.2313,,,1091.72
NALBARI,2013-14,607.728,11964.617,,,406.752,541.2985,200.976,655.1632,,,1196.46
NALBARI,2014-15,766.631,13674.092,,,520.685,619.3277,245.946,748.0815,,,1367.41
NALBARI,2015-16,870.316,14756.835,,,566.668,672.2957,303.648,803.3878,,,1475.68
NALBARI,2016-17,1003.68,17111.579,,,651.637,781.3511,352.043,929.8068,,,1711.16
NALBARI,2017-18,1061.155,19684.13,,,695.7,875.0107,365.455,1093.4023,,,1968.41
NALGONDA,2009-10,1902.098,32964.318,,,734.622,724.4131,945.064,1827.8557,222.412,744.163,3296.43
NALGONDA,2010-11,2213.616,33710.236,,,837.535,801.5016,1108.233,1793.1032,267.848,776.4188,3371.02
NALGONDA,2011-12,2270.806,37993.778,,,906.826,928.1325,1090.405,2021.7301,273.575,849.5152,3799.38
NALGONDA,2012-13,2867.848,44459.45,,,1184.882,1105.9191,1357.279,2311.1063,325.687,1028.9196,4445.94
NALGONDA,2013-14,3542.25,50950.373,,,1525.278,1296.1066,1642.201,2661.1668,374.771,1137.7639,5095.04
NALGONDA,2014-15,4417.881,63079.423,,,1880.587,1566.4319,2089.848,3322.817,447.446,1418.6934,6307.94
NALGONDA,2015-16,4656.253,74066.634,,,1961.655,1882.6308,2256.328,3839.49,438.27,1684.5426,7406.66
NALGONDA,2016-17,5546.309,99938.509,,,2121.025,2390.6043,2028.357,3517.0341,1396.927,4086.2125,9993.85
NALGONDA,2017-18,2549.478,51210.264,,,981.919,1193.0268,628.29,937.5551,939.269,2990.4445,5121.03
NAMAKKAL,2009-10,1222.963,36963.987,,,417.557,1108.8287,805.406,2587.57,,,3696.4
NAMAKKAL,2010-11,1308.866,41587.153,,,423.486,1219.8355,885.38,2938.8798,,,4158.72
NAMAKKAL,2011-12,1505.108,46520.255,,,517.401,1371.635,987.707,3280.3905,,,4652.03
NAMAKKAL,2012-13,1790.747,49618.802,,,624.762,1471.696,1165.985,3490.1842,,,4961.88
NAMAKKAL,2013-14,2201.652,55102.644,,,815.027,1679.7887,1386.625,3830.4757,,,5510.26
NAMAKKAL,2014-15,2629.031,64932.446,,,994.394,1998.7957,1634.637,4494.4489,,,6493.24
NAMAKKAL,2015-16,2858.559,75365.324,,,1065.845,2340.8269,1792.714,5195.7055,,,7536.53
NAMAKKAL,2016-17,3003.724,89760.196,,,1010.25,2497.3823,1993.474,6478.6373,,,8976.02
NAMAKKAL,2017-18,3166.31,97570.721,,,1061.55,2716.0659,2104.76,7041.0062,,,9757.07
NANDED,2009-10,1047.383,34928.23,,,304.081,408.703,388.023,895.9048,355.279,2188.2152,3492.82
NANDED,2010-11,1251.731,36533.501,,,344.538,449.5275,477.65,1015.8011,429.543,2188.0215,3653.35
NANDED,2011-12,1341.328,50090.188,,,357.593,488.2416,466.916,1178.7403,516.819,3342.0369,5009.02
NANDED,2012-13,1499.175,50308.111,,,429.99,595.189,575.467,1351.235,493.718,3084.3871,5030.81
NANDED,2013-14,1852.728,54356.803,,,554.415,713.6909,715.303,1523.3412,583.01,3198.6482,5435.68
NANDED,2014-15,2463.489,63326.774,,,772.473,814.5932,992.288,1652.0628,698.728,3866.0214,6332.68
NANDED,2015-16,2797.666,66901.144,,,895.913,965.7697,1140.93,1891.3168,760.823,3833.0279,6690.11
NANDED,2016-17,3539.307,84771.155,,,1022.896,1100.6396,1501.881,2513.8545,1014.53,4862.6214,8477.12
NANDED,2017-18,3530.739,88871.224,,,1059.96,1083.9091,1487.829,2353.5132,982.95,5449.7001,8887.12
NANDURBAR,2009-10,286.688,9484.459,,,109.224,174.0761,177.464,774.3698,,,948.45
NANDURBAR,2010-11,438.064,11651.84,,,183.789,201.5585,254.275,963.6255,,,1165.18
NANDURBAR,2011-12,521.029,14198.803,,,219.367,225.8621,301.662,1194.0182,,,1419.88
NANDURBAR,2012-13,922.737,19217.214,,,450.355,307.4613,472.382,1614.2601,,,1921.72
NANDURBAR,2013-14,1140.594,23571.695,,,567.228,377.4843,573.366,1979.6852,,,2357.17
NANDURBAR,2014-15,1356.982,26791.954,,,675.331,435.941,681.651,2243.2544,,,2679.2
NANDURBAR,2015-16,1526.995,27809.069,,,767.647,473.9321,759.348,2306.9748,,,2780.91
NANDURBAR,2016-17,1708.651,35551.395,,,792.514,569.4482,598.125,1470.658,318.012,1515.0333,3555.14
NANDURBAR,2017-18,1817.364,37651.348,,,865.471,586.72,631.231,1514.6324,320.662,1663.7824,3765.13
NARAYANPUR,2009-10,36.496,778.365,,,22.804,18.1426,13.692,59.6939,,,77.84
NARAYANPUR,2010-11,39.009,1124.182,,,22.039,13.0175,16.97,99.4007,,,112.42
NARAYANPUR,2011-12,45.265,1687.483,,,23.485,26.0678,21.78,142.6805,,,168.75
NARAYANPUR,2012-13,55.352,1973.345,,,25.898,30.5405,29.454,166.794,,,197.33
NARAYANPUR,2013-14,52.972,1926.164,,,17.388,11.7926,35.584,180.8238,,,192.62
NARAYANPUR,2014-15,88.98,2600.296,,,21.054,13.9408,67.926,246.0888,,,260.03
NARAYANPUR,2015-16,108.499,2759.321,,,27.232,16.6861,81.267,259.246,,,275.93
NARAYANPUR,2016-17,131.167,3451.452,,,34.348,25.4932,96.819,319.652,,,345.15
NARAYANPUR,2017-18,144.83,3810.25,,,38.16,26.2681,106.67,354.7569,,,381.02
NARMADA,2009-10,239.065,4744.106,,,138.417,182.0062,100.648,292.4044,,,474.41
NARMADA,2010-11,267.889,5934.036,,,154.451,234.5848,113.438,358.8188,,,593.4
NARMADA,2011-12,308.743,6835.377,,,183.871,267.3755,124.872,416.1622,,,683.54
NARMADA,2012-13,377.276,8511.574,,,222.477,345.2049,154.799,505.9525,,,851.16
NARMADA,2013-14,474.836,9707.378,,,289.992,382.6108,184.844,588.127,,,970.74
NARMADA,2014-15,613.329,11156.819,,,387.636,444.5058,225.693,671.1761,,,1115.68
NARMADA,2015-16,747.111,12479.208,,,450.224,511.6084,296.887,736.3124,,,1247.92
NARMADA,2016-17,786.435,14616.709,,,541.888,677.6121,244.547,784.0588,,,1461.67
NARMADA,2017-18,811.368,15566.374,,,559.657,698.7714,251.711,857.866,,,1556.64
NARSIMHAPUR,2009-10,389.758,10077.002,,,165.105,280.0753,224.653,727.6249,,,1007.7
NARSIMHAPUR,2010-11,440.036,11875.226,,,185.499,321.6636,254.537,865.859,,,1187.52
NARSIMHAPUR,2011-12,549.455,13454.88,,,239.94,357.2259,309.515,988.2621,,,1345.49
NARSIMHAPUR,2012-13,645.894,17301.058,,,284.093,422.1853,361.801,1307.9205,,,1730.11
NARSIMHAPUR,2013-14,867.68,18897.936,,,390.225,496.2715,477.455,1393.5221,,,1889.79
NARSIMHAPUR,2014-15,1045.573,21631.071,,,457.977,574.028,587.596,1589.0791,,,2163.11
NARSIMHAPUR,2015-16,1343.043,25063.9,,,612.747,649.2361,730.296,1857.1539,,,2506.39
NARSIMHAPUR,2016-17,1460.306,29770.576,,,611.57,721.8546,848.736,2255.203,,,2977.06
NARSIMHAPUR,2017-18,1550.746,31310.034,,,644.203,734.0838,906.543,2396.9196,,,3131
NASIK,2009-10,2290.101,108141.156,1113.091,6828.0021,425.227,1078.4701,650.462,2456.4539,101.321,451.1895,10814.12
NASIK,2010-11,2687.279,133314.338,1270.033,8755.0591,528.11,1226.8876,763.883,2847.4301,125.253,502.057,13331.43
NASIK,2011-12,3136.453,155464.722,1436.752,10355.166,651.419,1447.6511,882.426,3129.8353,165.856,613.8198,15546.47
NASIK,2012-13,3913.363,186353.655,1669.947,12263.0792,903.412,1837.6762,1135.525,3799.8226,204.479,734.7875,18635.37
NASIK,2013-14,4696.674,227249.276,1911.388,14775.377,1172.421,2451.7957,1338.754,4599.2388,274.111,898.5161,22724.93
NASIK,2014-15,5676.597,263527.45,2215.227,17065.2174,1498.46,2984.972,1617.993,5278.1688,344.917,1024.3868,26352.75
NASIK,2015-16,6485.665,303751.3,2468.932,19861.7527,1780.869,3586.6257,1833.277,5828.5719,402.587,1098.1797,30375.13
NASIK,2016-17,7263.77,358812.735,2676.996,22822.4829,1868.168,3956.7939,2219.958,7676.9039,498.648,1425.0928,35881.27
NASIK,2017-18,7706.739,405344.892,2759.997,24670.2111,2087.669,4902.511,2341.991,9371.9753,517.082,1589.7918,40534.49
NAVSARI,2009-10,1438.778,70332.029,,,621.906,2440.7267,314.607,1239.6611,502.265,3352.8151,7033.2
NAVSARI,2010-11,1460.136,79721.923,,,608.337,2791.8193,305.418,1325.8295,546.381,3854.5435,7972.19
NAVSARI,2011-12,1605.364,95041.153,,,658.887,3244.1256,346.106,1592.4315,600.371,4667.5582,9504.12
NAVSARI,2012-13,1799.253,112868.325,,,745.556,3972.575,396.466,1925.0309,657.231,5389.2266,11286.83
NAVSARI,2013-14,2077.912,133694.772,,,885.959,4685.0008,473.992,2293.3981,717.961,6391.0783,13369.48
NAVSARI,2014-15,2361.239,151123.261,,,1031.912,5327.4819,554.436,2614.7813,774.891,7170.0629,15112.33
NAVSARI,2015-16,2547.247,164816.79,,,1134.917,5859.4655,603.081,2900.6139,809.249,7721.5996,16481.68
NAVSARI,2016-17,2764.381,186523.635,,,1213.096,6486.5315,705.996,3667.6046,845.289,8498.2274,18652.36
NAVSARI,2017-18,2800.728,189570.079,,,1241.179,6724.5854,718.228,3705.5712,841.321,8526.8513,18957.01
NAWADA,2009-10,457.813,11599.141,,,250.117,399.5507,207.696,760.3634,,,1159.91
NAWADA,2010-11,552.686,14041.006,,,293.064,464.4253,259.622,939.6753,,,1404.1
NAWADA,2011-12,655.752,16071.241,,,322.991,519.8861,332.761,1087.238,,,1607.12
NAWADA,2012-13,831.203,20218.4,,,417.444,661.3423,413.759,1360.4977,,,2021.84
NAWADA,2013-14,1030.319,24335.01,,,520.631,781.6117,509.688,1651.8893,,,2433.5
NAWADA,2014-15,1237.363,27737.158,,,603.826,876.7346,633.537,1896.9812,,,2773.72
NAWADA,2015-16,1841.786,31923.075,,,965.164,1006.701,876.622,2185.6065,,,3192.31
NAWADA,2016-17,2093.675,37995.386,,,955.968,1063.9463,1137.707,2735.5923,,,3799.54
NAWADA,2017-18,2430.113,41433.218,,,1153.741,1218.4456,1276.372,2924.8762,,,4143.32
NAWAPARA,2009-10,170.247,6827.865,,,116.068,422.032,54.179,260.7545,,,682.79
NAWAPARA,2010-11,185.184,8111.29,,,141.317,411.3793,43.867,399.7497,,,811.13
NAWAPARA,2011-12,224.786,8841.956,,,172.713,477.0508,52.073,407.1448,,,884.2
NAWAPARA,2012-13,302.441,8402.695,,,222.834,500.976,79.607,339.2935,,,840.27
NAWAPARA,2013-14,375.121,9835.043,,,274.493,607.5428,100.628,375.9615,,,983.5
NAWAPARA,2014-15,497.789,10751.105,,,366.13,659.035,131.659,416.0755,,,1075.11
NAWAPARA,2015-16,579.405,12649.487,,,421.053,785.1963,158.352,479.7524,,,1264.95
NAWAPARA,2016-17,687.998,14156.473,,,491.708,865.4536,196.29,550.1937,,,1415.65
NAWAPARA,2017-18,738.761,15662.312,,,525.281,919.7474,213.48,646.4838,,,1566.23
NAWRANGPUR,2009-10,176.675,4746.127,,,116.528,165.6769,60.147,308.9358,,,474.61
NAWRANGPUR,2010-11,203.658,6002.275,,,132.275,242.4083,71.383,357.8192,,,600.23
NAWRANGPUR,2011-12,442.403,7210.072,,,214.97,232.5648,227.433,488.4424,,,721.01
NAWRANGPUR,2012-13,334.045,8164.4,,,200.837,286.5496,133.208,529.8904,,,816.44
NAWRANGPUR,2013-14,418.636,9533.293,,,257.376,317.971,161.26,635.3583,,,953.33
NAWRANGPUR,2014-15,605.87,11079.079,,,393.96,405.9435,211.91,701.9644,,,1107.91
NAWRANGPUR,2015-16,755.732,12627.768,,,491.616,437.9412,264.116,824.8356,,,1262.78
NAWRANGPUR,2016-17,954.813,15615.156,,,615.497,565.192,339.316,996.3236,,,1561.52
NAWRANGPUR,2017-18,1035.152,17043.292,,,665.294,621.9931,369.858,1082.3361,,,1704.33
NAYAGARH,2009-10,343.809,7192.455,,,271.777,451.6741,72.032,267.5714,,,719.25
NAYAGARH,2010-11,402.494,8932.684,,,313.464,540.8948,89.03,352.3736,,,893.27
NAYAGARH,2011-12,516.878,11252.165,,,393.045,642.3899,123.833,482.8266,,,1125.22
NAYAGARH,2012-13,621.303,13990.073,,,473.375,810.5836,147.928,588.4237,,,1399.01
NAYAGARH,2013-14,734.385,16371.005,,,572.315,995.1416,162.07,641.9589,,,1637.1
NAYAGARH,2014-15,917.546,18850.436,,,717.813,1178.9318,199.733,706.1118,,,1885.04
NAYAGARH,2015-16,1073.84,20741.087,,,835.252,1265.6247,238.588,808.484,,,2074.11
NAYAGARH,2016-17,1248.573,25326.086,,,866.115,1401.4543,382.458,1131.1543,,,2532.61
NAYAGARH,2017-18,1342.863,29213.78,,,929.094,1578.1413,413.769,1343.2367,,,2921.38
NEEMUCH,2009-10,328.182,9741.819,,,96.127,198.261,94.771,219.8978,137.284,556.0231,974.18
NEEMUCH,2010-11,364.136,10690.931,,,109.93,220.7947,105.099,232.2707,149.107,616.0277,1069.09
NEEMUCH,2011-12,425.61,11724.53,,,129.036,238.8447,124.425,255.7584,172.149,677.8499,1172.45
NEEMUCH,2012-13,495.531,13856.059,,,149.11,273.6246,148.78,297.662,197.641,814.3193,1385.61
NEEMUCH,2013-14,681.612,16237.684,,,200.045,322.3887,246.04,362.1655,235.527,939.2142,1623.77
NEEMUCH,2014-15,858.566,18856.219,,,245.943,403.2783,324.076,415.0671,288.547,1067.2765,1885.62
NEEMUCH,2015-16,1029.683,20728.786,,,284.207,398.6617,390.084,461.5468,355.392,1212.6701,2072.88
NEEMUCH,2016-17,1158.619,26067.104,,,319.161,494.7278,440.096,599.4366,399.362,1512.546,2606.71
NEEMUCH,2017-18,1201.07,27140.504,,,326.512,513.9971,456.771,600.3422,417.787,1599.7111,2714.05
NELLORE,2009-10,2317.955,46634.131,,,744.794,697.5483,841.948,1249.7305,731.213,2716.1343,4663.41
NELLORE,2010-11,2544.637,52314.251,,,819.159,803.4918,934.057,1430.6837,791.421,2997.2496,5231.43
NELLORE,2011-12,2735.345,58042.151,,,872.717,861.3283,1029.04,1582.9968,833.588,3359.89,5804.22
NELLORE,2012-13,3181.221,67019.46,,,1037.226,994.4646,1222.155,1775.0957,921.84,3932.3857,6701.95
NELLORE,2013-14,3561.095,76559.115,,,1182.074,1174.8694,1353.736,2099.5695,1025.285,4381.4726,7655.91
NELLORE,2014-15,4101.445,87704.53,,,1380.009,1427.3763,1576.417,2433.7157,1145.019,4909.361,8770.45
NELLORE,2015-16,4443.699,98102.662,,,1494.691,1581.2207,1726.057,2709.4468,1222.951,5519.5987,9810.27
NELLORE,2016-17,4700.831,119394.512,,,1370.615,1765.2084,1992.435,3530.7399,1337.781,6643.5029,11939.45
NELLORE,2017-18,4998.344,128296.081,,,1431.054,1947.4801,2162.34,3783.8058,1404.95,7098.3222,12829.61
NICOBAR,2009-10,23.405,1084.632,,,13.124,70.547,10.281,37.9162,,,108.46
NICOBAR,2010-11,27.562,1107.663,,,15.618,69.3528,11.944,41.4135,,,110.77
NICOBAR,2011-12,28.773,1073.944,,,16.099,67.2619,12.674,40.1325,,,107.39
NICOBAR,2012-13,27.759,1068.403,,,15.749,70.7048,12.01,36.1355,,,106.84
NICOBAR,2013-14,28.693,1114.635,,,16.298,69.635,12.395,41.8285,,,111.46
NICOBAR,2014-15,32.261,1185.92,,,18.393,74.637,13.868,43.955,,,118.59
NICOBAR,2015-16,33.588,1211.095,,,19.334,78.301,14.254,42.8085,,,121.11
NICOBAR,2016-17,33.583,1312.932,,,18.295,84.0856,15.288,47.2076,,,131.29
NICOBAR,2017-18,33.533,1403.199,,,18.29,92.4636,15.243,47.8563,,,140.32
NILGIRIS,2009-10,621.832,18811.242,,,100.573,176.5817,521.259,1704.5425,,,1881.12
NILGIRIS,2010-11,616.611,21153.289,,,86.855,138.6183,529.756,1976.7106,,,2115.33
NILGIRIS,2011-12,671.924,23912.86,,,84.45,158.2557,587.474,2233.0303,,,2391.29
NILGIRIS,2012-13,779.629,27743.755,,,107.182,189.1048,672.447,2585.2707,,,2774.38
NILGIRIS,2013-14,937.377,30646.162,,,148.165,217.0736,789.212,2847.5426,,,3064.62
NILGIRIS,2014-15,1088.571,34578.449,,,154.742,213.3395,933.829,3244.5054,,,3457.84
NILGIRIS,2015-16,1121.269,37424.929,,,144.896,239.5844,976.373,3502.9085,,,3742.49
NILGIRIS,2016-17,1165.946,42806.258,,,192.997,332.0837,972.949,3948.5421,,,4280.63
NILGIRIS,2017-18,1244.819,44155.96,,,210.715,336.5037,1034.104,4079.0923,,,4415.6
NIRMAL,2017-18,1038.713,18008.241,,,548.006,755.3524,490.707,1045.4717,,,1800.82
NIZAMABAD,2009-10,1737.99,33028.053,,,757.605,1006.5236,582.642,1040.1018,397.743,1256.1799,3302.81
NIZAMABAD,2010-11,1962.265,36472.027,,,844.217,1099.5281,656.783,1163.0986,461.265,1384.576,3647.2
NIZAMABAD,2011-12,1952.359,40914.364,,,867.136,1212.2503,632.186,1304.3888,453.037,1574.7973,4091.44
NIZAMABAD,2012-13,2235.552,47200.297,,,981.325,1414.6662,735.732,1526.5883,518.495,1778.7752,4720.03
NIZAMABAD,2013-14,2658.587,54392.484,,,1183.181,1654.1301,880.71,1753.7084,594.696,2031.4099,5439.25
NIZAMABAD,2014-15,3104.634,63869.589,,,1435.439,1913.167,997.596,2019.5423,671.599,2454.2496,6386.96
NIZAMABAD,2015-16,3406.122,69514.238,,,1562.091,2087.3442,1110.658,2204.6148,733.373,2659.4648,6951.42
NIZAMABAD,2016-17,4241.871,93714.767,,,1844.167,2716.1103,1512.469,3215.2571,885.235,3440.1093,9371.48
NIZAMABAD,2017-18,2676.055,63973.242,,,1132.158,1760.5855,718.15,1415.5816,825.747,3221.1571,6397.32
NORTH 24 PARGANAS,2009-10,6566.924,313020.36,,,1587.675,2898.6421,694.997,2511.9311,4284.252,25891.4628,31302.04
NORTH 24 PARGANAS,2010-11,7259.706,370702.035,,,1800.645,3437.8264,751.735,2855.7859,4707.326,30776.5912,37070.2
NORTH 24 PARGANAS,2011-12,7573.356,432386.556,,,1740.233,3267.7108,786.712,3288.9188,5046.411,36682.026,43238.66
NORTH 24 PARGANAS,2012-13,9152.201,554165.556,,,2489.529,5294.8629,895.14,4126.2974,5767.532,45995.3953,55416.56
NORTH 24 PARGANAS,2013-14,10421.196,663230.209,,,3121.511,6602.6254,969.512,4890.3911,6330.173,54830.0044,66323.02
NORTH 24 PARGANAS,2014-15,12328.257,784346.9,,,3863.421,7953.7803,1120.81,5682.6847,7344.026,64798.225,78434.69
NORTH 24 PARGANAS,2015-16,14458.197,904914.224,,,4603.572,8480.888,1171.089,5504.3105,8683.536,76506.2239,90491.42
NORTH 24 PARGANAS,2016-17,16356.415,1022095.637,,,5073.539,9933.8343,1635.769,6646.3685,9647.107,85629.3609,102209.56
NORTH 24 PARGANAS,2017-18,16959.076,1088233.713,,,5384.485,10577.9315,1723.762,7028.3545,9850.829,91217.0853,108823.37
NORTH AND MIDDLE ANDAMAN,2009-10,39.696,1342.926,,,39.696,134.2926,,,,,134.29
NORTH AND MIDDLE ANDAMAN,2010-11,46.363,1510.985,,,46.363,151.0985,,,,,151.1
NORTH AND MIDDLE ANDAMAN,2011-12,55.882,2027.796,,,55.882,202.7796,,,,,202.78
NORTH AND MIDDLE ANDAMAN,2012-13,62.629,2292.246,,,62.629,229.2246,,,,,229.22
NORTH AND MIDDLE ANDAMAN,2013-14,69.169,2748.339,,,69.169,274.8339,,,,,274.83
NORTH AND MIDDLE ANDAMAN,2014-15,92.77,3188.365,,,92.77,318.8365,,,,,318.84
NORTH AND MIDDLE ANDAMAN,2015-16,99.016,3451.364,,,99.016,345.1364,,,,,345.14
NORTH AND MIDDLE ANDAMAN,2016-17,105.058,4237.342,,,105.058,423.7342,,,,,423.73
NORTH AND MIDDLE ANDAMAN,2017-18,107.123,5138.759,,,107.123,513.8759,,,,,513.88
NORTH CACHAR HILLS,2009-10,102.606,2868.225,,,47.54,78.2899,55.066,208.5326,,,286.82
NORTH CACHAR HILLS,2010-11,115.395,3633.76,,,55.888,116.9281,59.507,246.4479,,,363.38
NORTH CACHAR HILLS,2011-12,127.479,4474.088,,,63.016,151.6679,64.463,295.7409,,,447.41
NORTH CACHAR HILLS,2012-13,137.538,4775.306,,,68.905,163.2052,68.633,314.3254,,,477.53
NORTH CACHAR HILLS,2013-14,149.967,5191.971,,,75.369,163.0749,74.598,356.1222,,,519.2
NORTH CACHAR HILLS,2014-15,178.261,5764.021,,,93.438,208.1403,84.823,368.2618,,,576.4
NORTH CACHAR HILLS,2015-16,196.382,5953.335,,,104.757,229.1511,91.625,366.1824,,,595.33
NORTH CACHAR HILLS,2016-17,218.535,6686.623,,,105.548,245.2524,112.987,423.4099,,,668.66
NORTH CACHAR HILLS,2017-18,243.135,8158.605,,,122.06,299.6262,121.075,516.2343,,,815.86
NORTH GARO HILLS,2015-16,84.557,1869.812,,,74.057,127.9833,10.5,58.9979,,,186.98
NORTH GARO HILLS,2016-17,98.253,2172.076,,,87.48,154.0732,10.773,63.1344,,,217.21
NORTH GARO HILLS,2017-18,104.346,2494.557,,,94.09,170.517,10.256,78.9387,,,249.46
NORTH GOA,2009-10,1864.424,165295.637,,,692.979,3197.055,1171.445,13332.5087,,,16529.56
NORTH GOA,2010-11,1976.724,175208.938,,,740.951,3750.9347,1235.773,13769.9591,,,17520.89
NORTH GOA,2011-12,2149.585,196255.645,,,805.23,4429.698,1344.355,15195.8665,,,19625.56
NORTH GOA,2012-13,2466.524,221448.803,,,902.373,4971.6366,1564.151,17173.2437,,,22144.88
NORTH GOA,2013-14,2705.846,254130.081,,,969.512,5581.2283,1736.334,19831.7798,,,25413.01
NORTH GOA,2014-15,2907.043,290731.804,,,1048.68,6547.8488,1858.363,22525.3316,,,29073.18
NORTH GOA,2015-16,3045.395,315502.678,,,1075.157,7186.1553,1970.238,24364.1125,,,31550.27
NORTH GOA,2016-17,3194.299,353701.381,,,1143.341,8284.8119,2050.958,27085.3262,,,35370.14
NORTH GOA,2017-18,3174.206,377472.804,,,1130.674,8918.5646,2043.532,28828.7158,,,37747.28
NORTH SIKKIM,2009-10,23.473,677.307,,,23.473,67.7307,,,,,67.73
NORTH SIKKIM,2010-11,23.5,735.501,,,23.5,73.5501,,,,,73.55
NORTH SIKKIM,2011-12,24.314,846.886,,,24.314,84.6886,,,,,84.69
NORTH SIKKIM,2012-13,27.35,859.985,,,27.35,85.9985,,,,,86
NORTH SIKKIM,2013-14,32.13,1076.466,,,32.13,107.6466,,,,,107.65
NORTH SIKKIM,2014-15,39.818,1308.197,,,39.818,130.8197,,,,,130.82
NORTH SIKKIM,2015-16,45.35,1356.361,,,45.35,135.6361,,,,,135.64
NORTH SIKKIM,2016-17,50.34,1649.025,,,50.34,164.9025,,,,,164.9
NORTH SIKKIM,2017-18,53.812,1623.718,,,53.812,162.3718,,,,,162.37
NORTH TRIPURA,2009-10,257.59,6889.015,,,116.788,172.992,140.802,515.9095,,,688.9
NORTH TRIPURA,2010-11,297.083,8103.745,,,130.69,191.0564,166.393,619.3181,,,810.37
NORTH TRIPURA,2011-12,337.692,9391.981,,,142.231,220.3084,195.461,718.8897,,,939.2
NORTH TRIPURA,2012-13,243.935,6496.379,,,103.471,155.2816,140.464,494.3563,,,649.64
NORTH TRIPURA,2013-14,361.624,7475.714,,,167.462,180.6061,194.162,566.9653,,,747.57
NORTH TRIPURA,2014-15,454.986,8466.052,,,209.658,197.83,245.328,648.7752,,,846.61
NORTH TRIPURA,2015-16,636.172,11143.551,,,227.497,235.0625,408.675,879.2926,,,1114.36
NORTH TRIPURA,2016-17,689.766,13006.613,,,207.112,242.1364,482.654,1058.5249,,,1300.66
NORTH TRIPURA,2017-18,733.894,13920.977,,,221.552,255.1866,512.342,1136.9111,,,1392.1
OSMANABAD,2009-10,493.57,11402.641,,,166.277,250.8712,327.293,889.3929,,,1140.26
OSMANABAD,2010-11,538.082,13517.31,,,178.662,279.1791,359.42,1072.5519,,,1351.73
OSMANABAD,2011-12,610.805,16242.694,,,203.089,311.5031,407.716,1312.7663,,,1624.27
OSMANABAD,2012-13,765.978,21891.075,,,249.687,407.0994,516.291,1782.0081,,,2189.11
OSMANABAD,2013-14,934.48,27921.416,,,303.823,493.6008,630.657,2298.5408,,,2792.14
OSMANABAD,2014-15,1195.113,31873.052,,,403.754,562.8311,791.359,2624.4741,,,3187.31
OSMANABAD,2015-16,1506.582,36710.077,,,515.031,706.1072,991.551,2964.9005,,,3671.01
OSMANABAD,2016-17,1802.045,45391.119,,,544.963,782.5037,886.935,2161.946,370.147,1594.6622,4539.11
OSMANABAD,2017-18,1874.476,48442.213,,,584.247,867.8173,901.752,2239.7173,388.477,1736.6867,4844.22
PAKUR,2009-10,251.202,5677.304,,,177.461,243.4441,73.741,324.2863,,,567.73
PAKUR,2010-11,291.512,5543.74,,,208.046,277.7228,83.466,276.6512,,,554.37
PAKUR,2011-12,292.722,6177.692,,,198.945,293.9245,93.777,323.8447,,,617.77
PAKUR,2012-13,316.746,7418.519,,,213.467,331.5089,103.279,410.343,,,741.85
PAKUR,2013-14,343.084,6474.983,,,238.468,345.5125,104.616,301.9858,,,647.5
PAKUR,2014-15,438.818,8790.428,,,284.833,404.4967,153.985,474.5461,,,879.04
PAKUR,2015-16,619.567,10111.151,,,396.452,433.7191,223.115,577.396,,,1011.12
PAKUR,2016-17,832.966,12654.098,,,557.771,559.7789,275.195,705.6309,,,1265.41
PAKUR,2017-18,943.435,13283.571,,,629.053,606.1974,314.382,722.1597,,,1328.36
PALAKKAD,2009-10,2055.128,71730.901,,,229.738,453.4605,1381.686,4186.0021,443.704,2533.6275,7173.09
PALAKKAD,2010-11,2240.868,79750.26,,,248.381,501.9258,1511.354,4805.6006,481.133,2667.4996,7975.03
PALAKKAD,2011-12,2460.19,93146.034,,,237.494,564.823,1705.196,5545.4614,517.5,3204.319,9314.6
PALAKKAD,2012-13,2915.833,106128.948,,,276.69,651.7227,2044.425,6315.1938,594.718,3645.9783,10612.89
PALAKKAD,2013-14,3729.834,127084.807,,,350.115,748.8422,2685.579,7471.503,694.14,4488.1355,12708.48
PALAKKAD,2014-15,4141.349,145982.865,,,387.832,859.5319,2968.924,8332.9195,784.593,5405.8351,14598.29
PALAKKAD,2015-16,4419.327,167946.472,,,210.165,493.785,3332.262,10008.6451,876.9,6292.2171,16794.65
PALAKKAD,2016-17,4639.408,199738.948,,,223.582,551.767,3529.935,12400.5753,885.891,7021.5525,19973.89
PALAKKAD,2017-18,5072.766,215081.427,,,244.417,588.7816,3887.374,13135.4477,940.975,7783.9134,21508.14
PALAMAU,2009-10,600.712,20138.185,,,363.28,731.0005,237.432,1282.818,,,2013.82
PALAMAU,2010-11,725.237,21834.534,,,444.139,862.4386,281.098,1321.0148,,,2183.45
PALAMAU,2011-12,779.86,24458.433,,,484.443,978.4861,295.417,1467.3572,,,2445.84
PALAMAU,2012-13,878.211,29114.19,,,546.751,1143.9981,331.46,1767.4209,,,2911.42
PALAMAU,2013-14,1118.026,30860.733,,,716.375,1192.1578,401.651,1893.9155,,,3086.07
PALAMAU,2014-15,1496.828,35762.409,,,979.801,1367.7075,517.027,2208.5334,,,3576.24
PALAMAU,2015-16,1801.167,40104.985,,,1231.398,1532.1015,569.769,2478.397,,,4010.5
PALAMAU,2016-17,2153.69,46522.915,,,1219.406,1483.0716,934.284,3169.2199,,,4652.29
PALAMAU,2017-18,2304.712,50119.527,,,1328.485,1621.4316,976.227,3390.5211,,,5011.95
PALGHAR,2015-16,3163.698,142517.425,,,801.442,1549.9871,870.176,3473.5759,1492.08,9228.1795,14251.74
PALGHAR,2016-17,3517.973,169009.102,1641.981,10816.7247,870.761,1799.5982,1005.231,4284.5873,,,16900.91
PALGHAR,2017-18,3761.806,181133.35,1721.264,11402.2723,973.924,2029.1024,1066.618,4681.9603,,,18113.34
PALI,2009-10,891.228,22407.273,,,402.493,723.7876,346.231,960.8736,142.504,556.0661,2240.73
PALI,2010-11,1005.76,26499.184,,,471.723,825.672,371.505,1112.9084,162.532,711.338,2649.92
PALI,2011-12,1046.485,30909.604,,,452.703,947.7657,408.501,1269.3195,185.281,873.8752,3090.96
PALI,2012-13,1174.757,35701.272,,,497.874,1088.0911,455.913,1490.8379,220.97,991.1982,3570.13
PALI,2013-14,1397.812,39732.382,,,592.405,1237.8611,548.414,1740.5665,256.993,994.8106,3973.24
PALI,2014-15,1785.778,49457.515,,,776.23,1397.1025,689.625,1975.0995,319.923,1573.5495,4945.75
PALI,2015-16,2185.526,50250.284,,,988.402,1583.6977,799.828,1990.3619,397.296,1450.9688,5025.03
PALI,2016-17,2359.05,67399.332,,,985.29,1919.1155,966.014,3010.8985,407.746,1809.9192,6739.93
PALI,2017-18,2575.928,68188.587,,,1064.963,1921.6481,1068.292,3001.92,442.673,1895.2906,6818.86
PALWAL,2009-10,457.473,12343.336,,,167.168,284.2454,112.552,242.3318,177.753,707.7564,1234.33
PALWAL,2010-11,528.132,14787.562,,,192.267,318.4173,134.858,299.38,201.007,860.9589,1478.76
PALWAL,2011-12,574.745,16552.929,,,207.053,376.4215,147.168,339.2683,220.524,939.6031,1655.29
PALWAL,2012-13,674.417,21216.286,,,248.312,518.1335,168.038,426.5516,258.067,1176.9435,2121.63
PALWAL,2013-14,866.086,23092.555,,,301.568,548.4044,200.715,458.9071,363.803,1301.944,2309.26
PALWAL,2014-15,1001.116,25798.121,,,341.108,588.9652,234.241,540.4978,425.767,1450.3491,2579.81
PALWAL,2015-16,1201.654,29324.919,,,437.861,660.1939,296.081,603.3324,467.712,1668.9656,2932.49
PALWAL,2016-17,1276.206,38355.136,,,343.699,641.894,437.729,986.8045,494.778,2206.8151,3835.51
PALWAL,2017-18,1352.158,41644.626,,,368.321,694.5039,468.205,1049.1873,515.632,2420.7714,4164.46
PANCH MAHALS,2009-10,916.505,23794.175,,,484.498,627.2374,228.177,759.2355,203.83,992.9446,2379.42
PANCH MAHALS,2010-11,885.955,30291.697,,,455.358,785.5632,236.953,927.9106,193.644,1315.6959,3029.17
PANCH MAHALS,2011-12,1030.54,34707.933,,,545.214,1026.1754,273.737,1152.1584,211.589,1292.4595,3470.79
PANCH MAHALS,2012-13,1243.085,40572.721,,,686.926,1209.4495,320.922,1355.4565,235.237,1492.3661,4057.27
PANCH MAHALS,2013-14,1224.838,35883.386,,,632.759,903.2041,292.945,1001.8945,299.134,1683.24,3588.34
PANCH MAHALS,2014-15,1474.949,42284.283,,,777.889,1018.777,344.489,1211.4701,352.571,1998.1812,4228.43
PANCH MAHALS,2015-16,1644.838,43681.621,,,867.453,1119.479,390.551,1266.5831,386.834,1982.1,4368.16
PANCH MAHALS,2016-17,1873.599,53509.122,,,940.58,1263.6772,512.093,1639.5703,420.926,2447.6647,5350.91
PANCH MAHALS,2017-18,1977.372,55695.808,,,1004.963,1351.2237,540.957,1697.1235,431.452,2521.2336,5569.58
PANCHKULA,2009-10,869.456,144795.695,,,169.5,790.9389,130.573,589.2856,569.383,13099.345,14479.57
PANCHKULA,2010-11,904.608,162560.096,,,181.498,800.3663,132.768,676.6749,590.342,14778.9684,16256.01
PANCHKULA,2011-12,1008.411,123948.173,,,203.167,882.4862,161.555,768.0341,643.689,10744.297,12394.82
PANCHKULA,2012-13,1148.687,140517.926,,,238.071,917.2493,181.064,907.5257,729.552,12227.0176,14051.79
PANCHKULA,2013-14,1271.091,162722.341,,,260.203,1063.5154,201.352,1016.1187,809.536,14192.6,16272.23
PANCHKULA,2014-15,1466.717,162217.882,,,317.023,1211.058,235.03,1310.22,914.664,13700.5102,16221.79
PANCHKULA,2015-16,1662.863,166740.829,,,358.928,1416.2192,257.481,1392.2622,1046.454,13865.6015,16674.08
PANCHKULA,2016-17,1833.015,200644.76,,,392.708,1680.7632,282.249,1772.3917,1158.058,16611.3211,20064.48
PANCHKULA,2017-18,1883.062,229262.091,,,410.634,1776.1384,287.136,1860.1316,1185.292,19289.9391,22926.21
PANCHSHEEL NAGAR,2011-12,726.824,21054.335,,,241.805,429.9313,168.277,385.8442,316.742,1289.658,2105.43
PANCHSHEEL NAGAR,2012-13,824.702,25092.021,,,272.172,470.7954,197.49,445.7218,355.04,1592.6849,2509.2
PANCHSHEEL NAGAR,2013-14,950.615,27566.514,,,322.149,538.4887,232.524,538.072,395.942,1680.0907,2756.65
PANCHSHEEL NAGAR,2014-15,1156.765,31413.607,,,404.87,611.6317,291.58,639.2312,460.315,1890.4978,3141.36
PANCHSHEEL NAGAR,2015-16,1345.883,37818.603,,,472.509,723.1514,348.799,781.9351,524.575,2276.7738,3781.86
PANCHSHEEL NAGAR,2016-17,1447.989,47904.724,,,483.421,1054.4752,401.478,1021.8579,563.09,2714.1393,4790.47
PANCHSHEEL NAGAR,2017-18,1502.456,51203.728,,,514.642,1133.2732,414.226,1109.8197,573.588,2877.2799,5120.37
PANIPAT,2009-10,880.819,35840.705,,,177.656,476.3459,147.697,410.9411,555.466,2696.7835,3584.07
PANIPAT,2010-11,965.242,41894.945,,,204.922,545.8876,171.955,489.0578,588.365,3154.5491,4189.49
PANIPAT,2011-12,1054.249,46313.71,,,233.517,633.5805,195.616,589.8026,625.116,3407.9879,4631.37
PANIPAT,2012-13,1175.804,52576.058,,,275.843,743.2885,215.321,672.2066,684.64,3842.1107,5257.61
PANIPAT,2013-14,1341.289,61118.29,,,344.058,921.4956,251.213,757.0039,746.018,4433.3295,6111.83
PANIPAT,2014-15,1583.074,69589.398,,,427.554,1060.3228,292.114,823.4724,863.406,5075.1446,6958.94
PANIPAT,2015-16,1887.632,78983.7,,,504.875,1076.069,355.359,877.0488,1027.398,5945.2522,7898.37
PANIPAT,2016-17,2107.787,94352.05,,,495.35,1157.3485,385.108,1111.3919,1227.329,7166.4646,9435.2
PANIPAT,2017-18,2202.519,102628.018,,,531.243,1334.9178,403.23,1272.66,1268.046,7655.224,10262.8
PANNA,2009-10,283.629,6448.792,,,123.931,160.0311,159.698,484.8481,,,644.88
PANNA,2010-11,359.584,8420.686,,,165.657,192.2513,193.927,649.8173,,,842.07
PANNA,2011-12,415.339,9781.231,,,189.048,241.946,226.291,736.1771,,,978.12
PANNA,2012-13,402.004,11136.996,,,174.299,287.5225,227.705,826.1771,,,1113.7
PANNA,2013-14,693.33,12561.212,,,307.686,324.7961,385.644,931.3251,,,1256.12
PANNA,2014-15,924.615,13363.133,,,407.612,336.1817,517.003,1000.1316,,,1336.31
PANNA,2015-16,1137.521,16263.099,,,494.558,447.5055,642.963,1178.8044,,,1626.31
PANNA,2016-17,1260.399,19653.573,,,539.48,535.9983,720.919,1429.359,,,1965.36
PANNA,2017-18,1283.495,21199.484,,,550.097,533.4251,733.398,1586.5233,,,2119.95
PAPUMPARE,2009-10,144.459,21003.075,,,21.785,152.1022,122.674,1948.2053,,,2100.31
PAPUMPARE,2010-11,164.873,27366.563,,,27.766,195.5537,137.107,2541.1026,,,2736.66
PAPUMPARE,2011-12,194.978,30469.242,,,34.119,234.6693,160.859,2812.2549,,,3046.92
PAPUMPARE,2012-13,209.662,37346.488,,,32.814,296.5279,176.848,3438.1209,,,3734.65
PAPUMPARE,2013-14,239.598,37760.011,,,38.083,406.4787,201.515,3369.5224,,,3776
PAPUMPARE,2014-15,284.759,38268.881,,,46.55,402.7729,238.209,3424.1152,,,3826.89
PAPUMPARE,2015-16,325.552,42034.207,,,51.633,399.159,273.919,3804.2617,,,4203.42
PAPUMPARE,2016-17,366.517,55701.262,,,63.382,453.9037,303.135,5116.2225,,,5570.13
PAPUMPARE,2017-18,390.358,63719.939,,,66.655,546.4921,323.703,5825.5018,,,6371.99
PARBHANI,2009-10,545.093,14618.571,,,104.982,160.3921,220.114,522.4961,219.997,778.9689,1461.86
PARBHANI,2010-11,720.896,17191.88,,,123.357,171.4021,294.35,591.4019,303.189,956.384,1719.19
PARBHANI,2011-12,668.043,18721.253,,,139.067,167.3024,286.133,658.3673,242.843,1046.4556,1872.13
PARBHANI,2012-13,818.123,21731.939,,,179.754,217.2814,361.582,739.5299,276.787,1216.3826,2173.19
PARBHANI,2013-14,1009.087,25199.749,,,226.634,236.0508,461.84,821.3692,320.613,1462.5549,2519.97
PARBHANI,2014-15,1264.239,28591.041,,,287.886,268.4803,593.87,992.0489,382.483,1598.5749,2859.1
PARBHANI,2015-16,1499.692,30077.661,,,346.101,288.527,709.027,1065.6102,444.564,1653.6289,3007.77
PARBHANI,2016-17,1929.742,41953.787,,,399.13,401.364,984.31,1514.3879,546.302,2279.6268,4195.38
PARBHANI,2017-18,1904.586,41414.787,,,426.696,375.4131,950.374,1458.4771,527.516,2307.5885,4141.48
PASCHIM MEDINIPUR,2009-10,2417.63,67445.018,,,1636.17,2760.7073,214.58,678.1884,566.88,3305.6061,6744.5
PASCHIM MEDINIPUR,2010-11,2712.044,81883.376,,,1842.265,3205.2136,243.765,858.7066,626.014,4124.4174,8188.34
PASCHIM MEDINIPUR,2011-12,3073.212,98888.492,,,2072.415,3853.7817,291.479,1102.6925,709.318,4932.375,9888.85
PASCHIM MEDINIPUR,2012-13,3562.48,118630.67,,,2407.8,4637.6279,351.963,1374.8821,802.717,5850.557,11863.07
PASCHIM MEDINIPUR,2013-14,4299.148,139216.072,,,2990.7,5572.1826,439.798,1589.4146,868.65,6760.01,13921.61
PASCHIM MEDINIPUR,2014-15,5275.033,161260.061,,,3727.668,6695.0892,554.984,1975.9156,992.381,7455.0013,16126.01
PASCHIM MEDINIPUR,2015-16,6518.991,178651.126,,,4709.135,7510.2748,671.534,2138.2087,1138.322,8216.6291,17865.11
PASCHIM MEDINIPUR,2016-17,7618.577,212240.76,,,5541.341,9159.4738,827.922,2662.4955,1249.314,9402.1067,21224.08
PASCHIM MEDINIPUR,2017-18,6627.833,197123.231,,,4635.287,7854.0803,699.119,1895.2648,1293.427,9962.978,19712.32
PASCHIMI CHAMPARAN,2009-10,904.92,19567.105,,,549.831,691.4672,191.226,436.3006,163.863,828.9427,1956.71
PASCHIMI CHAMPARAN,2010-11,772.386,21403.242,,,389.546,764.4994,217.102,500.5481,165.738,875.2767,2140.32
PASCHIMI CHAMPARAN,2011-12,1075.482,23593.741,,,625.312,824.1911,267.132,573.3654,183.038,961.8176,2359.37
PASCHIMI CHAMPARAN,2012-13,1314.456,27206.53,,,765.019,912.5167,331.051,687.8674,218.386,1120.2689,2720.65
PASCHIMI CHAMPARAN,2013-14,1542.441,30781.359,,,880.07,1031.1262,407.21,786.1004,255.161,1260.9093,3078.14
PASCHIMI CHAMPARAN,2014-15,2102.417,34073.99,,,1260.143,1124.5224,544.726,824.63,297.548,1458.2466,3407.4
PASCHIMI CHAMPARAN,2015-16,2650.207,37730.823,,,1532.843,1184.9261,762.831,953.2471,354.533,1634.9091,3773.08
PASCHIMI CHAMPARAN,2016-17,3247.323,46337.617,,,1505.745,1205.4636,1039.79,1103.5012,701.788,2324.7969,4633.76
PASCHIMI CHAMPARAN,2017-18,3627.867,52780.213,,,1662.132,1399.3722,1182.059,1297.1212,783.676,2581.5279,5278.02
PASCHIMI SINGHBHUM,2009-10,543.028,41998.761,,,270.187,524.6859,272.841,3675.1902,,,4199.88
PASCHIMI SINGHBHUM,2010-11,638.456,61621.538,,,324.352,572.7641,314.104,5589.3897,,,6162.15
PASCHIMI SINGHBHUM,2011-12,696.405,83940.12,,,353.24,650.3383,343.165,7743.6737,,,8394.01
PASCHIMI SINGHBHUM,2012-13,807.067,100808.892,,,396.521,737.2894,410.546,9343.5998,,,10080.89
PASCHIMI SINGHBHUM,2013-14,966.676,122516.158,,,487.59,797.9856,479.086,11453.6302,,,12251.62
PASCHIMI SINGHBHUM,2014-15,1135.328,156297.751,,,591.327,920.8723,544.001,14708.9028,,,15629.78
PASCHIMI SINGHBHUM,2015-16,1339.223,166055.949,,,696.844,958.6488,642.379,15646.9461,,,16605.59
PASCHIMI SINGHBHUM,2016-17,1580.317,179217.009,,,825.735,1209.0214,754.582,16712.6795,,,17921.7
PASCHIMI SINGHBHUM,2017-18,1766.614,189146.915,,,941.895,1314.3858,824.719,17600.3057,,,18914.69
PATAN,2009-10,590.835,14858.114,,,173.629,279.4019,246.064,582.6045,171.142,623.805,1485.81
PATAN,2010-11,636.995,18399.361,,,184.514,336.6294,263.836,738.7247,188.645,764.582,1839.94
PATAN,2011-12,723.048,21883.994,,,206.402,378.3341,299.499,870.5492,217.147,939.5161,2188.4
PATAN,2012-13,831.652,25515.509,,,235.281,445.5187,342.837,968.5671,253.534,1137.4651,2551.55
PATAN,2013-14,1131.414,29835.317,,,351.116,530.837,470.214,1146.3923,310.084,1306.3024,2983.53
PATAN,2014-15,1352.275,34493.58,,,429.579,626.5295,557.484,1314.4951,365.212,1508.3334,3449.36
PATAN,2015-16,1482.838,39342.109,,,479.671,695.1707,611.685,1511.9252,391.482,1727.115,3934.21
PATAN,2016-17,1690.249,45870.628,,,524.343,741.7568,728.764,1827.3514,437.142,2017.9546,4587.06
PATAN,2017-18,1712.216,47569.324,,,547.833,776.7077,715.614,1897.2861,448.769,2082.9386,4756.93
PATHANAMTHITTA,2009-10,1692.325,127704.359,,,17.967,165.4745,1674.358,12604.9614,,,12770.44
PATHANAMTHITTA,2010-11,1824.058,140500.729,,,19.105,178.2705,1804.953,13871.8024,,,14050.07
PATHANAMTHITTA,2011-12,1991.858,170288.492,,,21.19,222.0885,1970.668,16806.7607,,,17028.85
PATHANAMTHITTA,2012-13,2517.497,197762.622,,,26.928,257.6333,2490.569,19518.6289,,,19776.26
PATHANAMTHITTA,2013-14,2821.518,233378.972,,,31.951,306.1161,2789.567,23031.7811,,,23337.9
PATHANAMTHITTA,2014-15,2991.858,268720.454,,,36.172,365.1827,2955.686,26506.8627,,,26872.05
PATHANAMTHITTA,2015-16,3195.455,307760.668,,,30.258,328.8165,3165.197,30447.2503,,,30776.07
PATHANAMTHITTA,2016-17,3318.906,345797.074,,,40.488,467.8729,3278.418,34111.8345,,,34579.71
PATHANAMTHITTA,2017-18,3454.629,362899.891,,,44.915,526.5343,3409.714,35763.4548,,,36289.99
PATHANKOT,2011-12,768.689,30424.263,,,281.539,780.529,91.658,294.588,395.492,1967.3093,3042.43
PATHANKOT,2012-13,861.492,35814.187,,,326.556,931.6773,103.057,352.3097,431.879,2297.4317,3581.42
PATHANKOT,2013-14,924.838,42177.655,,,356.485,1111.3427,106.608,419.1288,461.745,2687.294,4217.77
PATHANKOT,2014-15,1040.93,48545.122,,,406.178,1327.9699,127.273,567.063,507.479,2959.4793,4854.51
PATHANKOT,2015-16,1222.681,54899.548,,,525.046,1627.2156,140.371,592.7424,557.264,3269.9968,5489.95
PATHANKOT,2016-17,1346.278,65326.973,,,591.504,2024.2815,154.554,714.6003,600.22,3793.8155,6532.7
PATHANKOT,2017-18,1386.356,70157.602,,,613.196,2139.4134,161.285,836.4369,611.875,4039.9099,7015.76
PATIALA,2009-10,2259.273,102708.626,,,429.492,1231.1161,692.585,2502.4077,1137.196,6537.3388,10270.86
PATIALA,2010-11,2304.141,110552.488,,,473.933,1253.4216,742.036,2644.6221,1088.172,7157.2051,11055.25
PATIALA,2011-12,2323.441,130519.488,,,504.512,1389.9152,722.998,2802.4733,1095.931,8859.5603,13051.95
PATIALA,2012-13,2574.833,150834.722,,,580.99,1598.4143,825.52,3226.6727,1168.323,10258.3852,15083.47
PATIALA,2013-14,2881.741,168786.784,,,679.674,1886.6976,909.184,3715.9973,1292.883,11275.9835,16878.68
PATIALA,2014-15,3233.636,191993.081,,,818.71,2235.8427,1018.925,4480.0031,1396.001,12483.4623,19199.31
PATIALA,2015-16,3667.985,221845.335,,,956.808,2576.7684,1146.977,4775.7995,1564.2,14831.9656,22184.53
PATIALA,2016-17,4055.218,240971.625,,,1048.616,3032.6914,1311.153,5828.0433,1695.449,15236.4278,24097.16
PATIALA,2017-18,4309.552,255610.684,,,1170.057,3158.2153,1411.804,6280.4665,1727.691,16122.3866,25561.07
PATNA,2009-10,3821.427,301469.906,2538.697,26701.6421,738.22,1643.9283,430.095,1371.8393,114.415,429.5809,30146.99
PATNA,2010-11,4265.843,375363.63,2789.027,33579.9746,844.627,1892.5748,502.5,1542.7048,129.689,521.1088,37536.36
PATNA,2011-12,5891.272,443249.261,3080.391,39674.1843,1605.453,2194.8315,929.354,1833.0026,276.074,622.9077,44324.93
PATNA,2012-13,6419.16,522649.81,3426.673,46737.4434,1696.934,2617.2869,997.98,2207.333,297.573,702.9177,52264.98
PATNA,2013-14,7306.415,611343.102,3924.954,54141.1986,1929.785,3320.0225,1135.442,2864.1796,316.234,808.9095,61134.31
PATNA,2014-15,7035.555,684917.32,4434.083,60204.2491,1472.596,3904.0568,912.977,3430.8298,215.899,952.5963,68491.73
PATNA,2015-16,9584.575,775693.871,4994.252,67872.5722,2662.185,4708.3547,1554.038,3938.8739,374.1,1049.5863,77569.39
PATNA,2016-17,10517.151,972425.494,5413.119,85289.6361,2261.668,4068.3932,2401.93,6047.6761,440.434,1836.844,97242.55
PATNA,2017-18,10971.191,1008587.923,5519.537,87872.1208,2445.193,4498.416,2561.871,6567.4518,444.59,1920.8037,100858.79
PEDDAPALLI,2017-18,1147.011,40810.976,,,430.663,1030.4285,397.82,1541.3919,318.528,1509.2772,4081.1
PERAMBALUR,2009-10,350.442,7890.01,,,241.037,410.2252,109.405,378.7758,,,789
PERAMBALUR,2010-11,413.465,9449.045,,,278.183,473.6063,135.282,471.2982,,,944.9
PERAMBALUR,2011-12,437.803,11064.865,,,280.671,536.543,157.132,569.9435,,,1106.49
PERAMBALUR,2012-13,563.064,12523.738,,,369.996,599.4254,193.068,652.9484,,,1252.37
PERAMBALUR,2013-14,709.379,13556.114,,,471.452,667.6329,237.927,687.9785,,,1355.61
PERAMBALUR,2014-15,775.177,15593.693,,,506.428,863.2071,268.749,696.1622,,,1559.37
PERAMBALUR,2015-16,788.121,17552.068,,,495.941,921.2089,292.18,833.9979,,,1755.21
PERAMBALUR,2016-17,848.499,20150.416,,,431.893,683.1548,416.606,1331.8868,,,2015.04
PERAMBALUR,2017-18,913.953,21019.399,,,467.258,687.5956,446.695,1414.3443,,,2101.94
PEREN,2009-10,11.723,351.631,,,11.723,35.1631,,,,,35.16
PEREN,2010-11,13.798,390.386,,,13.798,39.0386,,,,,39.04
PEREN,2011-12,17.401,450.189,,,17.401,45.0189,,,,,45.02
PEREN,2012-13,19.895,566.657,,,19.895,56.6657,,,,,56.67
PEREN,2013-14,24.781,476.989,,,24.781,47.6989,,,,,47.7
PEREN,2014-15,34.579,557.824,,,34.579,55.7824,,,,,55.78
PEREN,2015-16,37.369,561.919,,,37.369,56.1919,,,,,56.19
PEREN,2016-17,41.971,737.368,,,41.971,73.7368,,,,,73.74
PEREN,2017-18,43.161,974.069,,,43.161,97.4069,,,,,97.41
PHEK,2009-10,24.72,496.892,,,9.51,14.6531,15.21,35.0361,,,49.69
PHEK,2010-11,27.312,680.291,,,10.141,17.2601,17.171,50.769,,,68.03
PHEK,2011-12,32.208,673.394,,,13.449,21.6102,18.759,45.7292,,,67.34
PHEK,2012-13,35.545,799.397,,,15.034,27.2387,20.511,52.701,,,79.94
PHEK,2013-14,36.828,715.102,,,14.773,25.1062,22.055,46.404,,,71.51
PHEK,2014-15,46.549,724.848,,,19.143,28.1201,27.406,44.3647,,,72.48
PHEK,2015-16,51.027,743.999,,,21.265,29.7322,29.762,44.6677,,,74.4
PHEK,2016-17,61.593,1105.269,,,26.942,40.3908,34.651,70.1361,,,110.53
PHEK,2017-18,65.203,1229.383,,,27.664,49.6986,37.539,73.2397,,,122.94
PILIBHIT,2009-10,790.899,13203.216,,,372.752,383.0256,212.148,343.952,205.999,593.344,1320.32
PILIBHIT,2010-11,901.979,15716.243,,,432.924,446.3766,256.721,410.6713,212.334,714.5764,1571.62
PILIBHIT,2011-12,978.807,18113.351,,,478.296,508.0096,275.299,490.9559,225.212,812.3696,1811.34
PILIBHIT,2012-13,1127.499,21099.252,,,539.456,548.8507,327.623,572.2849,260.42,988.7896,2109.93
PILIBHIT,2013-14,1317.815,24057.359,,,634.11,573.5945,391.845,698.9909,291.86,1133.1505,2405.74
PILIBHIT,2014-15,1622.273,28154.063,,,788.914,650.1318,488.09,811.3285,345.269,1353.946,2815.41
PILIBHIT,2015-16,1905.12,29963.704,,,956.738,790.3344,561.564,851.6542,386.818,1354.3818,2996.37
PILIBHIT,2016-17,2072.062,37602.567,,,928.758,917.9665,723.966,1158.3365,419.338,1683.9537,3760.26
PILIBHIT,2017-18,2161.157,40231.447,,,972.907,977.1908,759.254,1233.2978,428.996,1812.6561,4023.14
PITHORAGARH,2009-10,352.103,10221.541,,,252.711,606.548,99.392,415.6061,,,1022.15
PITHORAGARH,2010-11,401.909,11529.451,,,273.533,665.5194,128.376,487.4257,,,1152.95
PITHORAGARH,2011-12,443.605,13039.671,,,301.039,758.6157,142.566,545.3514,,,1303.97
PITHORAGARH,2012-13,488.967,14778.912,,,333.897,835.4693,155.07,642.4219,,,1477.89
PITHORAGARH,2013-14,553.672,17530.699,,,383.159,1012.5318,170.513,740.5381,,,1753.07
PITHORAGARH,2014-15,639.882,20870.695,,,445.501,1171.4744,194.381,915.5951,,,2087.07
PITHORAGARH,2015-16,698.854,22182.099,,,487.149,1263.4387,211.705,954.7712,,,2218.21
PITHORAGARH,2016-17,773.601,28640.757,,,542.746,1660.4657,230.855,1203.61,,,2864.08
PITHORAGARH,2017-18,795.845,30898.99,,,566.513,1760.8165,229.332,1329.0825,,,3089.9
POONCH,2009-10,219.799,6634.544,,,145.613,393.0916,74.186,270.3628,,,663.45
POONCH,2010-11,252.969,7852.273,,,174.45,459.0943,78.519,326.133,,,785.23
POONCH,2011-12,280.454,9699.97,,,192.887,574.8655,87.567,395.1315,,,970
POONCH,2012-13,329.331,11512.637,,,232.283,685.2766,97.048,465.9871,,,1151.26
POONCH,2013-14,374.053,13295.305,,,267.053,789.3524,107,540.1781,,,1329.53
POONCH,2014-15,450.793,14882.499,,,328.35,896.9791,122.443,591.2708,,,1488.25
POONCH,2015-16,536.063,16660.94,,,396.095,1006.5535,139.968,659.5405,,,1666.09
POONCH,2016-17,614.677,19274.344,,,333.242,715.3177,281.435,1212.1167,,,1927.43
POONCH,2017-18,666.964,20716.181,,,366.224,777.4103,300.74,1294.2078,,,2071.62
PORBANDAR,2009-10,519.844,27936.6,,,67.171,204.8082,92.508,287.8892,360.165,2300.9626,2793.66
PORBANDAR,2010-11,531.348,30001.081,,,70.666,216.0764,95.826,305.0931,364.856,2478.9386,3000.11
PORBANDAR,2011-12,570.271,34853.797,,,73.511,244.4338,102.803,367.9343,393.957,2873.0116,3485.38
PORBANDAR,2012-13,636.956,40671.024,,,88.929,309.0347,123.958,435.7483,424.069,3322.3194,4067.1
PORBANDAR,2013-14,751.386,48756.392,,,120.609,343.2596,161.432,522.345,469.345,4010.0346,4875.64
PORBANDAR,2014-15,846.882,56530.623,,,144.053,472.2975,188.463,619.1917,514.366,4561.5731,5653.06
PORBANDAR,2015-16,909.235,62525.967,,,159.17,564.4979,206.85,694.2886,543.215,4993.8102,6252.6
PORBANDAR,2016-17,981.038,71620.995,,,170.618,714.5563,236.221,925.447,574.199,5522.0962,7162.1
PORBANDAR,2017-18,987.592,74386.573,,,172.245,725.4272,238.776,951.5157,576.571,5761.7144,7438.66
PRABUDH NAGAR,2011-12,576.954,13655.337,,,141.936,282.842,435.018,1082.6917,,,1365.53
PRABUDH NAGAR,2012-13,680.848,15688.033,,,164.94,283.7421,515.908,1285.0612,,,1568.8
PRABUDH NAGAR,2013-14,794.09,18190.608,,,199.945,331.2283,594.145,1487.8325,,,1819.06
PRABUDH NAGAR,2014-15,942.979,19870.14,,,248.405,383.7819,694.574,1603.2321,,,1987.01
PRABUDH NAGAR,2015-16,1178.516,23285.562,,,319.669,441.5914,858.847,1886.9648,,,2328.56
PRABUDH NAGAR,2016-17,1309.523,31067.808,,,294.453,478.604,679.604,1199.8535,335.466,1428.3233,3106.78
PRABUDH NAGAR,2017-18,1372.694,31693.695,,,312.068,527.0057,711.227,1220.7964,349.399,1421.5674,3169.37
PRAKASAM,2009-10,2532.951,42737.578,,,980.905,1016.4343,983.654,1479.3123,568.392,1778.0112,4273.76
PRAKASAM,2010-11,2750.085,47628.741,,,1054.952,1152.4303,1079.029,1691.9378,616.104,1918.506,4762.87
PRAKASAM,2011-12,2973.592,51428.049,,,1157.458,1250.3504,1164.677,1792.4795,651.457,2099.975,5142.8
PRAKASAM,2012-13,3334.79,59486.231,,,1251.092,1376.8081,1351.509,2112.7314,732.189,2459.0836,5948.62
PRAKASAM,2013-14,4323.161,68408.429,,,1784.819,1609.9332,1699.498,2507.7538,838.844,2723.1559,6840.84
PRAKASAM,2014-15,4796.756,82149.956,,,1908.139,2049.1336,1969.835,2965.6575,918.782,3200.2045,8215
PRAKASAM,2015-16,5153.073,92025.306,,,1981.709,2102.9489,2159.276,3454.9039,1012.088,3644.6778,9202.53
PRAKASAM,2016-17,5517.898,111235.531,,,1878.517,2343.7751,2873.975,5507.9033,765.406,3271.8747,11123.55
PRAKASAM,2017-18,5697.742,118279.845,,,1977.812,2571.0528,2935.45,5717.5491,784.48,3539.3826,11827.98
PRATAPGARH,2009-10,1977.38,33610.235,,,1549.367,1941.5548,428.013,1419.4687,,,3361.02
PRATAPGARH,2010-11,2254.947,39906.396,,,1746.986,2275.1641,507.961,1715.4755,,,3990.64
PRATAPGARH,2011-12,2349.802,45568.55,,,1795.815,2669.4161,553.987,1887.4389,,,4556.86
PRATAPGARH,2012-13,2611.319,54834.049,,,1987.498,3160.3565,623.821,2323.0484,,,5483.4
PRATAPGARH,2013-14,3027.146,65181.574,,,2310.07,3800.6789,717.076,2717.4785,,,6518.16
PRATAPGARH,2014-15,3574.679,74403.62,,,2727.574,4364.1298,847.105,3076.2322,,,7440.36
PRATAPGARH,2015-16,4227.714,81817.273,,,3214.582,4788.3634,1013.132,3393.3639,,,8181.73
PRATAPGARH,2016-17,4682.329,97076.283,,,3422.685,5503.0276,1259.644,4204.6007,,,9707.63
PRATAPGARH,2017-18,4885.807,105794.416,,,3554.518,6020.9946,1331.289,4558.447,,,10579.44
PUDUCHERRY,2009-10,989.104,49626.395,,,199.524,372.9664,61.612,206.7771,727.968,4382.896,4962.64
PUDUCHERRY,2010-11,1033.574,56206.51,,,207.29,453.7036,61.893,229.5015,764.391,4937.4459,5620.65
PUDUCHERRY,2011-12,1151.546,63254.577,,,226.112,474.2078,72.093,201.6257,853.341,5649.6242,6325.46
PUDUCHERRY,2012-13,1305.485,66464.795,,,217.853,361.1205,84.455,231.2473,1003.177,6054.1117,6646.48
PUDUCHERRY,2013-14,1544.556,75994.455,,,302.314,412.6332,100.408,277.2088,1141.834,6909.6035,7599.45
PUDUCHERRY,2014-15,1709.34,89655.788,,,342.461,481.6478,113.335,307.5553,1253.544,8176.3757,8965.58
PUDUCHERRY,2015-16,1852.047,103159.023,,,365.332,542.1476,97.451,216.0003,1389.264,9557.7544,10315.9
PUDUCHERRY,2016-17,1987.706,118097.257,,,296.388,501.0347,199.666,437.6046,1491.652,10871.0864,11809.73
PUDUCHERRY,2017-18,2040.367,131479.439,,,307.965,559.9162,210.497,445.2888,1521.905,12142.7389,13147.94
PUDUKKOTTAI,2009-10,852.669,18711.702,,,447.211,774.9061,178.87,337.6434,226.588,758.6207,1871.17
PUDUKKOTTAI,2010-11,943.869,22150.041,,,504.176,882.8133,203.292,405.8915,236.401,926.2993,2215
PUDUKKOTTAI,2011-12,1115.947,24851.405,,,600.047,1048.1965,250.781,474.1969,265.119,962.7471,2485.14
PUDUKKOTTAI,2012-13,1332.772,27318.73,,,704.761,1163.6207,318.903,502.8849,309.108,1065.3674,2731.87
PUDUKKOTTAI,2013-14,1745.322,31260.524,,,953.398,1282.1302,404.976,586.4127,386.948,1257.5095,3126.05
PUDUKKOTTAI,2014-15,1927.613,35976.92,,,1040.324,1494.8887,449.972,671.3608,437.317,1431.4425,3597.69
PUDUKKOTTAI,2015-16,2141.619,40638.815,,,1156.125,1689.3244,501.743,796.3458,483.751,1578.2113,4063.88
PUDUKKOTTAI,2016-17,2231.641,48414.54,,,1160.932,1953.1135,573.422,1028.7189,497.287,1859.6216,4841.45
PUDUKKOTTAI,2017-18,2337.915,50415.103,,,1225.555,1963.6671,598.813,1061.5072,513.547,2016.336,5041.51
PULWAMA,2009-10,253.884,7921.566,,,111.662,322.192,142.222,469.9646,,,792.16
PULWAMA,2010-11,275.759,8753.384,,,133.157,359.3716,142.602,515.9668,,,875.34
PULWAMA,2011-12,327.416,10990.872,,,152.572,428.8463,174.844,670.2409,,,1099.09
PULWAMA,2012-13,381.372,13078.397,,,171.482,512.777,209.89,795.0627,,,1307.84
PULWAMA,2013-14,423.926,15090.216,,,189.494,599.4484,234.432,909.5732,,,1509.02
PULWAMA,2014-15,522.481,15987.12,,,248.811,668.5227,273.67,930.1893,,,1598.71
PULWAMA,2015-16,601.329,18561.019,,,300.259,796.9131,301.07,1059.1888,,,1856.1
PULWAMA,2016-17,682.2,21320.406,,,297.697,696.0981,384.503,1435.9425,,,2132.04
PULWAMA,2017-18,750.335,24128.038,,,345.202,800.272,405.133,1612.5318,,,2412.8
PUNE,2009-10,8287.586,751497.878,6222.084,67075.5794,751.181,2698.7003,1314.321,5375.5081,,,75149.79
PUNE,2010-11,9357.727,884046.061,6977.679,78355.6037,881.92,3597.9506,1498.128,6451.0518,,,88404.61
PUNE,2011-12,10654.805,1090638.849,7787.94,96662.6835,1103.349,4671.57,1763.516,7729.6314,,,109063.88
PUNE,2012-13,12162.721,1289356.821,8637.247,114756.1245,1411.467,5510.6705,2114.007,8668.8871,,,128935.68
PUNE,2013-14,13737.132,1491428.047,9677.459,132262.3754,1699.469,6736.2447,2360.204,10144.1846,,,149142.8
PUNE,2014-15,15585.863,1730286.655,10819.392,153618.7545,2063.962,7935.824,2702.509,11474.087,,,173028.67
PUNE,2015-16,17405.554,1901952.16,12256.975,169767.776,2259.891,8291.2893,2888.688,12136.1507,,,190195.22
PUNE,2016-17,19049.748,2109788.991,13318.428,186469.9202,1902.051,6833.3793,3829.269,17675.5996,,,210978.9
PUNE,2017-18,19732.845,2263490.145,13558.951,199038.1431,2049.146,7863.0158,4124.748,19447.8556,,,226349.01
PURBA MEDINIPUR,2009-10,1782.468,53196.265,,,1335.068,2624.1046,275.765,1055.9438,171.635,1639.5781,5319.63
PURBA MEDINIPUR,2010-11,2049.834,62775.798,,,1528.983,3122.2997,321.543,1289.7563,199.308,1865.5238,6277.58
PURBA MEDINIPUR,2011-12,2383.947,77811.393,,,1784.247,3796.6547,377.574,1589.0012,222.126,2395.4834,7781.14
PURBA MEDINIPUR,2012-13,2868.054,89096.408,,,2165.164,4677.8825,454.837,1878.6868,248.053,2353.0715,8909.64
PURBA MEDINIPUR,2013-14,3655.921,104563.726,,,2829.988,5493.6094,543.9,2420.423,282.033,2542.3402,10456.37
PURBA MEDINIPUR,2014-15,4559.981,120742.686,,,3568.885,6623.6007,668.028,2868.3201,323.068,2582.3478,12074.27
PURBA MEDINIPUR,2015-16,5541.876,131848.616,,,4340.883,7531.9858,844.374,3164.5897,356.619,2488.2861,13184.86
PURBA MEDINIPUR,2016-17,6614.323,159257.98,,,5165.483,9156.7653,1051.276,3899.3793,397.564,2869.6534,15925.8
PURBA MEDINIPUR,2017-18,7044.862,172988.169,,,5490.292,9976.9647,1115.277,4349.5611,439.293,2972.2911,17298.82
PURBI CHAMPARAN,2009-10,1164.498,27345.346,,,627.394,1011.5101,386.647,810.351,150.457,912.6735,2734.53
PURBI CHAMPARAN,2010-11,1046.032,30602.733,,,507.751,1142.3736,362.702,969.0146,175.579,948.8851,3060.27
PURBI CHAMPARAN,2011-12,1486.923,34588.146,,,782.664,1316.6214,519.187,1066.7705,185.072,1075.4227,3458.81
PURBI CHAMPARAN,2012-13,1804.99,40022.029,,,937.472,1438.4122,641.208,1226.3395,226.31,1337.4512,4002.2
PURBI CHAMPARAN,2013-14,2098.281,44640.05,,,1082.05,1629.4207,754.489,1356.2306,261.742,1478.3537,4464
PURBI CHAMPARAN,2014-15,2696.668,50122.406,,,1388.408,1727.3054,995.503,1588.3899,312.757,1696.5453,5012.24
PURBI CHAMPARAN,2015-16,3532.815,56307.064,,,1762.429,1874.5399,1377.706,1846.5813,392.68,1909.5852,5630.71
PURBI CHAMPARAN,2016-17,4216.133,72110.092,,,1624.522,1927.8714,2152.892,2811.153,438.719,2471.9848,7211.01
PURBI CHAMPARAN,2017-18,4718.893,83591.928,,,1836.362,2204.5887,2410.523,3202.6767,472.008,2951.9274,8359.19
PURBI SINGHBHUM,2009-10,1778.91,94790.221,,,372.629,868.811,200.143,753.3474,1206.138,7856.8637,9479.02
PURBI SINGHBHUM,2010-11,1978.84,103740.695,,,457.151,969.901,226.385,854.4991,1295.304,8549.6694,10374.07
PURBI SINGHBHUM,2011-12,2156.618,122580.016,,,470.227,1052.1454,254.404,1006.4103,1431.987,10199.4459,12258
PURBI SINGHBHUM,2012-13,2493.116,146400.52,,,564.389,1209.4031,297.939,1194.4976,1630.788,12236.1513,14640.05
PURBI SINGHBHUM,2013-14,2821.764,167108.378,,,688.558,1376.2834,340.757,1381.2835,1792.449,13953.2709,16710.84
PURBI SINGHBHUM,2014-15,3181.194,193295.996,,,811.483,1589.232,402.375,1629.163,1967.336,16111.2046,19329.6
PURBI SINGHBHUM,2015-16,3632.879,208728.711,,,877.671,1461.0267,558.704,2200.1561,2196.504,17211.6883,20872.87
PURBI SINGHBHUM,2016-17,3909.89,239033.185,,,981.927,1778.9084,652.98,2608.4372,2274.983,19515.9729,23903.32
PURBI SINGHBHUM,2017-18,4112.628,249396.878,,,1081.49,1897.2572,704.678,2732.6397,2326.46,20309.7909,24939.69
PURI,2009-10,805.745,22142.442,,,473.839,745.3212,100.533,251.0272,231.373,1217.8958,2214.24
PURI,2010-11,911.726,26490.932,,,544.173,894.0258,116.011,308.2679,251.542,1446.7995,2649.09
PURI,2011-12,1067.168,31411.426,,,648.973,1048.2008,142.855,401.7529,275.34,1691.1889,3141.14
PURI,2012-13,1251.319,36315.372,,,775.529,1270.2834,165.617,457.4563,310.173,1903.7975,3631.54
PURI,2013-14,1516.476,43345.401,,,956.409,1528.1372,199.275,535.6857,360.792,2270.7172,4334.54
PURI,2014-15,1788.96,49884.655,,,1127.485,1769.4392,243.449,573.0936,418.026,2645.9327,4988.47
PURI,2015-16,2031.69,55789.459,,,1281.434,1908.6631,288.691,637.1406,461.565,3033.1422,5578.95
PURI,2016-17,2256.815,65769.24,,,1444.963,2252.534,293.742,721.277,518.11,3603.113,6576.92
PURI,2017-18,2378.654,72120.126,,,1531.072,2541.8473,311.428,791.4363,536.154,3878.729,7212.01
PURNIA,2009-10,643.924,17616.524,,,314.141,446.4608,121.01,248.0202,208.773,1067.1714,1761.65
PURNIA,2010-11,753.208,19740.246,,,350.323,553.9628,140.582,286.7894,262.303,1133.2724,1974.02
PURNIA,2011-12,887.125,23509.096,,,416.905,582.5407,188.722,275.2116,281.498,1493.1573,2350.91
PURNIA,2012-13,1155.91,25922.757,,,599.192,635.4551,225.123,345.4687,331.595,1611.3519,2592.28
PURNIA,2013-14,1404.134,31707.067,,,739.746,731.0422,285.309,418.8973,379.079,2020.7672,3170.71
PURNIA,2014-15,1872.805,36285.165,,,981.168,879.78,417.825,471.8174,473.812,2276.9191,3628.52
PURNIA,2015-16,2478.981,40485.829,,,1256.859,917.8057,624.94,592.9603,597.182,2537.8169,4048.58
PURNIA,2016-17,3069.653,49115.636,,,1549.476,1113.767,810.825,727.6397,709.352,3070.1569,4911.56
PURNIA,2017-18,3318.733,52296.806,,,1690.656,1312.3573,859.896,845.6543,768.181,3071.669,5229.68
PURULIYA,2009-10,938.715,25260.159,,,654.366,1285.7887,117.422,406.0247,166.927,834.2025,2526.02
PURULIYA,2010-11,1016.101,30177.276,,,706.896,1554.5851,126.067,480.6581,183.138,982.4844,3017.73
PURULIYA,2011-12,1234.136,41709.442,,,825.965,2038.1799,184.552,697.1559,223.619,1435.6084,4170.94
PURULIYA,2012-13,1296.524,44665.757,,,882.184,2253.9848,172.764,701.0974,241.576,1511.4935,4466.58
PURULIYA,2013-14,1571.874,52103.223,,,1086.21,2618.8494,206.229,848.1551,279.435,1743.3178,5210.32
PURULIYA,2014-15,2056.732,61846.766,,,1442.896,3113.0716,269.177,1024.8395,344.659,2046.7655,6184.68
PURULIYA,2015-16,2607.901,69290.734,,,1868.024,3506.7997,327.193,1143.6706,412.684,2278.6031,6929.07
PURULIYA,2016-17,3350.091,83176.884,,,2399.573,4101.8697,475.661,1465.7723,474.857,2750.0464,8317.69
PURULIYA,2017-18,3577.166,91991.642,,,2583.71,4637.9428,503.789,1614.3391,489.667,2946.8823,9199.16
RAI BARELI,2009-10,1725.869,29262.186,,,1195.135,1324.7474,288.647,525.0836,242.087,1076.3876,2926.22
RAI BARELI,2010-11,1912.468,34394.381,,,1307.534,1491.2962,336.496,655.1004,268.438,1293.0415,3439.44
RAI BARELI,2011-12,1492.16,32675.504,,,997.379,1323.6101,201.766,504.5771,293.015,1439.3632,3267.55
RAI BARELI,2012-13,1659.435,40458.103,,,1095.815,1640.6,228.025,690.3819,335.595,1714.8284,4045.81
RAI BARELI,2013-14,1996.267,49922.516,,,1349.953,2078.2936,275.39,824.7096,370.924,2089.2484,4992.25
RAI BARELI,2014-15,2363.13,56939.753,,,1624.819,2539.6732,317.209,802.3749,421.102,2351.9272,5693.98
RAI BARELI,2015-16,2733.574,62913.38,,,1848.853,2696.0513,373.233,866.3649,511.488,2728.9218,6291.34
RAI BARELI,2016-17,3278.458,79623.261,,,1899.761,2958.4678,833.427,1902.7252,545.27,3101.1331,7962.33
RAI BARELI,2017-18,3396.02,87253.298,,,1975.413,3312.5917,863.54,2088.9585,557.067,3323.7796,8725.33
RAICHUR,2009-10,930.988,23824.472,,,272.008,249.5059,404.918,782.9103,254.062,1350.031,2382.45
RAICHUR,2010-11,991.165,25569.214,,,295.164,282.6546,412.141,873.6442,283.86,1400.6226,2556.92
RAICHUR,2011-12,1049.063,29394.304,,,291.208,270.0784,467.312,1041.5993,290.543,1627.7527,2939.43
RAICHUR,2012-13,1233.652,33321.618,,,318.834,329.7845,578.636,1230.7449,336.182,1771.6324,3332.16
RAICHUR,2013-14,1445.413,39851.016,,,362.345,375.8952,688.037,1405.1733,395.031,2204.0331,3985.1
RAICHUR,2014-15,1744.541,44014.574,,,439.524,429.7629,834.98,1617.7036,470.037,2353.9909,4401.46
RAICHUR,2015-16,2003.743,49147.62,,,521.307,475.8519,957.369,1867.5142,525.067,2571.3959,4914.76
RAICHUR,2016-17,2405.75,61800.616,,,603.909,604.8278,1188.973,2445.3826,612.868,3129.8512,6180.06
RAICHUR,2017-18,2489.083,59670.511,,,672.387,604.6918,1222.199,2289.591,594.497,3072.7683,5967.05
RAIGAD,2009-10,1585.286,111256.322,,,716.089,4285.0329,587.28,2460.1304,281.917,4380.4689,11125.63
RAIGAD,2010-11,1804.592,129572.307,,,813.337,5317.6382,663.455,3046.2804,327.8,4593.3121,12957.23
RAIGAD,2011-12,2114.55,152022.463,,,948.157,6639.8731,793.924,3765.0739,372.469,4797.2993,15202.25
RAIGAD,2012-13,2497.9,183107.855,,,1152.517,7282.4523,914.8,4724.1528,430.583,6304.1804,18310.79
RAIGAD,2013-14,2823.345,190084.405,,,1321.69,7671.1057,1023.257,5597.0467,478.398,5740.2881,19008.44
RAIGAD,2014-15,3213.771,221609.631,,,1502.624,9682.4349,1181.351,6914.6621,529.796,5563.8661,22160.96
RAIGAD,2015-16,3640.856,232275.706,,,1668.545,10048.9041,1384.087,7442.7199,588.224,5735.9466,23227.57
RAIGAD,2016-17,3915.476,306972.835,,,1532.244,7397.3429,1616.134,12374.4516,767.098,10925.489,30697.28
RAIGAD,2017-18,4206.888,282324.981,,,1690.909,7208.6776,1710.355,11889.8033,805.624,9134.0172,28232.5
RAIGARH,2009-10,506.62,19543.244,,,241.051,555.666,97.42,312.8871,168.149,1085.7713,1954.32
RAIGARH,2010-11,603.268,23248.814,,,283.911,647.1297,119.463,380.4629,199.894,1297.2888,2324.88
RAIGARH,2011-12,680.635,27907.832,,,301.794,831.3475,139.464,462.7817,239.377,1496.654,2790.78
RAIGARH,2012-13,805.63,33565.472,,,347.953,992.7186,173.38,569.2231,284.297,1794.6055,3356.55
RAIGARH,2013-14,977.958,37312.043,,,433.657,1142.7745,221.151,651.496,323.15,1936.9338,3731.2
RAIGARH,2014-15,1428.72,39610.414,,,675.749,1195.6979,332.036,706.7051,420.935,2058.6384,3961.04
RAIGARH,2015-16,1782.008,43215.287,,,854.555,1338.1304,417.338,848.3947,510.115,2135.0036,4321.53
RAIGARH,2016-17,2092.011,55593.721,,,1031.306,1777.1633,496.298,1180.6043,564.407,2601.6045,5559.37
RAIGARH,2017-18,2188.286,59876.149,,,1087.195,1827.9559,525.48,1243.5566,575.611,2916.1024,5987.61
RAIPUR,2009-10,1679.246,145136.206,,,474.883,1075.1368,242.283,711.4056,962.08,12727.0782,14513.62
RAIPUR,2010-11,1877.305,180982.834,,,528.496,1267.7158,280.515,923.4831,1068.294,15907.0845,18098.28
RAIPUR,2011-12,2113.064,211709.634,,,576.689,1381.6381,334.182,1120.4876,1202.193,18668.8377,21170.96
RAIPUR,2012-13,1861.903,254437.453,,,300.507,1052.2987,161.498,709.2029,1399.898,23682.2437,25443.75
RAIPUR,2013-14,2194.29,243848.42,,,402.451,1354.327,199.673,808.0017,1592.166,22222.5133,24384.84
RAIPUR,2014-15,2937.254,281907.555,,,672.481,1525.4707,315.425,904.6706,1949.348,25760.6142,28190.76
RAIPUR,2015-16,3426.078,310233.333,,,801.817,1816.5176,387.655,1208.4788,2236.606,27998.3369,31023.33
RAIPUR,2016-17,3830.562,345078.16,2500.16,30544.9937,686.804,1851.4156,643.598,2111.4067,,,34507.82
RAIPUR,2017-18,3968.901,397099.626,2596.824,35752.8062,708.547,2014.8985,663.53,1942.2579,,,39709.96
RAISEN,2009-10,365.726,8647.986,,,154.639,251.4503,211.087,613.3483,,,864.8
RAISEN,2010-11,411.914,10749.35,,,168.397,299.6324,243.517,775.3026,,,1074.94
RAISEN,2011-12,552.545,13203.711,,,226.777,360.8584,325.768,959.5127,,,1320.37
RAISEN,2012-13,667.694,14955.945,,,270.339,424.206,397.355,1071.3885,,,1495.59
RAISEN,2013-14,894.174,18852.204,,,360.091,486.8717,534.083,1398.3487,,,1885.22
RAISEN,2014-15,1225.19,18718.952,,,494.085,548.4472,731.105,1323.448,,,1871.9
RAISEN,2015-16,1450.788,21776.487,,,560.897,581.7169,889.891,1595.9318,,,2177.65
RAISEN,2016-17,1675.215,26285.218,,,511.894,519.3129,1163.321,2109.2089,,,2628.52
RAISEN,2017-18,1794.16,28995.169,,,546.595,510.1504,1247.565,2389.3665,,,2899.52
RAJANNA (SIRICILLA),2017-18,759.734,17748.656,,,340.086,578.3898,419.648,1196.4758,,,1774.87
RAJGARH,2009-10,467.605,9142.309,,,213.444,281.8299,254.161,632.401,,,914.23
RAJGARH,2010-11,538.019,10364.114,,,220.831,294.6115,317.188,741.7999,,,1036.41
RAJGARH,2011-12,635.144,11208.832,,,252.39,310.3423,382.754,810.5409,,,1120.88
RAJGARH,2012-13,755.728,13497.382,,,309.435,367.6675,446.293,982.0707,,,1349.74
RAJGARH,2013-14,926.776,15002.359,,,382.403,387.7519,544.373,1112.484,,,1500.24
RAJGARH,2014-15,1260.936,15916.051,,,527.59,409.5539,733.346,1182.0512,,,1591.61
RAJGARH,2015-16,1683.023,18898.179,,,720.249,503.9498,962.774,1385.8681,,,1889.82
RAJGARH,2016-17,1898.62,24600.515,,,658.207,550.3454,1240.413,1909.7061,,,2460.05
RAJGARH,2017-18,2032.123,25546.603,,,702.213,549.0048,1329.91,2005.6555,,,2554.66
RAJKOT,2009-10,2388.834,126087.423,1321.423,9178.6777,340.437,824.173,420.623,1403.5123,306.351,1202.3793,12608.74
RAJKOT,2010-11,2555.99,147240.881,1413.14,10611.5386,369.574,1006.1254,452.187,1617.1123,321.089,1489.3118,14724.09
RAJKOT,2011-12,2843.577,173048.97,1563.449,12545.8646,403.468,1067.5941,521.355,1926.3455,355.305,1765.0928,17304.9
RAJKOT,2012-13,3213.642,208083.95,1752.879,15045.9607,469.122,1255.3135,604.6,2286.1516,387.041,2220.9692,20808.4
RAJKOT,2013-14,3852.782,253970.265,2026.38,18259.8919,628.206,1602.1827,735.576,2808.9451,462.62,2726.0068,25397.03
RAJKOT,2014-15,4437.035,295636.438,2292.47,21158.9782,765.739,1824.8529,843.546,3252.1488,535.28,3327.6639,29563.64
RAJKOT,2015-16,4116.591,291515.504,2473.153,23199.0902,661.904,1666.6177,803.965,3305.2412,177.569,980.6013,29151.55
RAJKOT,2016-17,4565.022,355363.045,2701.824,27812.1587,690.256,2132.725,706.694,2788.7586,466.248,2802.6622,35536.3
RAJKOT,2017-18,4698.241,367747.999,2734.506,28693.1388,748.243,2308.7079,742.928,2941.9299,472.564,2831.0233,36774.8
RAJNANDGAON,2009-10,659.63,14992.06,,,364.704,325.0085,121.697,255.9952,173.229,918.2023,1499.21
RAJNANDGAON,2010-11,798.382,18194.713,,,455.386,395.9882,145.579,319.8216,197.417,1103.6615,1819.47
RAJNANDGAON,2011-12,906.14,22690.615,,,500.389,464.2033,157.791,371.9793,247.96,1432.8789,2269.06
RAJNANDGAON,2012-13,999.813,25312.008,,,568.644,550.9541,181.589,461.138,249.58,1519.1087,2531.2
RAJNANDGAON,2013-14,1086.486,25967.217,,,567.271,629.5855,226.077,530.7959,293.138,1436.3403,2596.72
RAJNANDGAON,2014-15,1449.829,29780.713,,,721.502,681.6591,340.604,601.7969,387.723,1694.6153,2978.07
RAJNANDGAON,2015-16,1856.892,32245.409,,,913.059,785.39,451.157,695.8469,492.676,1743.304,3224.54
RAJNANDGAON,2016-17,2147.695,38788.136,,,1042.493,929.8649,535.022,839.0271,570.18,2109.9216,3878.81
RAJNANDGAON,2017-18,2223.566,42852.054,,,1091.667,1068.2279,555.196,928.2933,576.703,2288.6842,4285.21
RAJOURI,2009-10,331.761,9517.467,,,251.057,640.0146,80.704,311.7321,,,951.75
RAJOURI,2010-11,370.201,11493.123,,,288.626,778.2836,81.575,371.0287,,,1149.31
RAJOURI,2011-12,428.513,14145.724,,,345.972,953.0586,82.541,461.5138,,,1414.57
RAJOURI,2012-13,516.916,16581.523,,,423.779,1159.8005,93.137,498.3518,,,1658.15
RAJOURI,2013-14,625.124,18914.07,,,524.281,1326.5351,100.843,564.8719,,,1891.41
RAJOURI,2014-15,757.332,21127.415,,,636.094,1501.2416,121.238,611.4999,,,2112.74
RAJOURI,2015-16,826.922,24388.013,,,607.223,1416.2034,219.699,1022.5979,,,2438.8
RAJOURI,2016-17,936.904,29563.795,,,606.087,1455.2142,330.817,1501.1653,,,2956.38
RAJOURI,2017-18,1005.455,33191,,,661.813,1649.1131,343.642,1669.9869,,,3319.1
RAJSAMAND,2009-10,567.046,14276.893,,,321.271,529.6765,245.775,898.0128,,,1427.69
RAJSAMAND,2010-11,597.465,15840.651,,,333.686,575.0014,263.779,1009.0637,,,1584.07
RAJSAMAND,2011-12,630.842,18236.69,,,346.857,648.3968,283.985,1175.2722,,,1823.67
RAJSAMAND,2012-13,695.286,22315.169,,,373.774,766.1952,321.512,1465.3217,,,2231.52
RAJSAMAND,2013-14,801.181,26343.954,,,433.591,903.2775,367.59,1731.1179,,,2634.4
RAJSAMAND,2014-15,999.018,31530.257,,,547.905,1073.7856,451.113,2079.2401,,,3153.03
RAJSAMAND,2015-16,1088.703,33891.595,,,591.108,1161.4772,497.595,2227.6823,,,3389.16
RAJSAMAND,2016-17,1353.641,41247.498,,,633.492,1240.4463,720.149,2884.3035,,,4124.75
RAJSAMAND,2017-18,1495.049,41199.576,,,701.684,1261.8958,793.365,2858.0618,,,4119.96
RAMANAGARA,2009-10,563.297,22836.714,,,260.462,1456.59,302.835,827.0814,,,2283.67
RAMANAGARA,2010-11,651.587,22270.518,,,300.369,1360.8329,351.218,866.2189,,,2227.05
RAMANAGARA,2011-12,760.149,25158.412,,,338.073,1454.6291,422.076,1061.2121,,,2515.84
RAMANAGARA,2012-13,937.236,33518.382,,,416.211,2065.5253,521.025,1286.3129,,,3351.84
RAMANAGARA,2013-14,1156.925,38412.179,,,521.307,2239.7854,635.618,1601.4325,,,3841.22
RAMANAGARA,2014-15,1484.292,51143.517,,,679.094,3260.8363,805.198,1853.5154,,,5114.35
RAMANAGARA,2015-16,1653.106,48775.469,,,752.022,2767.6194,901.084,2109.9275,,,4877.55
RAMANAGARA,2016-17,1841.665,62671.901,,,845.715,3736.5201,995.95,2530.67,,,6267.19
RAMANAGARA,2017-18,2013.819,62200.683,,,915.304,3513.551,1098.515,2706.5173,,,6220.07
RAMANATHAPURAM,2009-10,713.75,16216.756,,,245.358,404.3675,468.392,1217.3081,,,1621.68
RAMANATHAPURAM,2010-11,847.685,18804.032,,,300.133,465.3379,547.552,1415.0653,,,1880.4
RAMANATHAPURAM,2011-12,966.847,21585.785,,,344.631,542.6257,622.216,1615.9528,,,2158.58
RAMANATHAPURAM,2012-13,1202.956,23642.073,,,432.211,596.2033,770.745,1768.004,,,2364.21
RAMANATHAPURAM,2013-14,1457.842,26269.448,,,537.767,669.8905,920.075,1957.0543,,,2626.94
RAMANATHAPURAM,2014-15,1623.9,29292.762,,,601.798,780.1058,1022.102,2149.1704,,,2929.28
RAMANATHAPURAM,2015-16,1788.246,32980.24,,,688.37,884.026,1099.876,2413.998,,,3298.02
RAMANATHAPURAM,2016-17,1920.582,38615.359,,,731.82,1023.6927,1188.762,2837.8432,,,3861.54
RAMANATHAPURAM,2017-18,1999.308,39651.955,,,746.074,991.6738,1253.234,2973.5217,,,3965.2
RAMBAN,2009-10,122.209,3867.962,,,122.209,386.7962,,,,,386.8
RAMBAN,2010-11,142.192,4735.495,,,142.192,473.5495,,,,,473.55
RAMBAN,2011-12,175.449,5947.825,,,175.449,594.7825,,,,,594.78
RAMBAN,2012-13,209.109,6452.938,,,209.109,645.2938,,,,,645.29
RAMBAN,2013-14,224.431,7090.599,,,224.431,709.0599,,,,,709.06
RAMBAN,2014-15,270.144,7915.82,,,270.144,791.582,,,,,791.58
RAMBAN,2015-16,316.946,9067.988,,,316.946,906.7988,,,,,906.8
RAMBAN,2016-17,361.198,10406.505,,,349.41,1017.4757,11.788,23.1748,,,1040.65
RAMBAN,2017-18,385.095,11248.252,,,372.417,1098.6711,12.678,26.1541,,,1124.83
RAMGARH,2009-10,497.808,16907.242,,,174.338,494.2094,323.47,1196.5148,,,1690.72
RAMGARH,2010-11,560.869,21097.581,,,199.868,618.8312,361.001,1490.9269,,,2109.76
RAMGARH,2011-12,639.997,24434.25,,,237.351,761.2655,402.646,1682.1595,,,2443.43
RAMGARH,2012-13,789.12,29314.634,,,299.082,918.0163,490.038,2013.4471,,,2931.46
RAMGARH,2013-14,893.08,33122.584,,,349.695,1073.7517,543.385,2238.5067,,,3312.26
RAMGARH,2014-15,1046.853,40123.722,,,409.829,1320.9104,637.024,2691.4618,,,4012.37
RAMGARH,2015-16,1192.096,44101.171,,,398.263,1062.1478,793.833,3347.9693,,,4410.12
RAMGARH,2016-17,1326.058,52113.828,,,430.652,1227.3835,895.406,3983.9993,,,5211.38
RAMGARH,2017-18,1428.773,56277.233,,,480.298,1344.1865,948.475,4283.5368,,,5627.72
RAMPUR,2009-10,841.694,14102.083,,,426.832,355.6048,198.638,295.3095,216.224,759.294,1410.21
RAMPUR,2010-11,1001.122,17687.106,,,519.577,501.4671,243.148,330.6025,238.397,936.641,1768.71
RAMPUR,2011-12,1085.91,20164.411,,,546.249,491.4031,280.67,425.3228,258.991,1099.7152,2016.44
RAMPUR,2012-13,1249.229,24327.643,,,609.703,533.9533,339.056,530.8505,300.47,1367.9605,2432.76
RAMPUR,2013-14,1565.211,28362.236,,,882.067,598.8276,349.367,600.9671,333.777,1636.4289,2836.22
RAMPUR,2014-15,1939.324,33977.664,,,941.118,743.9016,566.693,781.5729,431.513,1872.2919,3397.77
RAMPUR,2015-16,2190.631,39422.283,,,1078.173,901.9043,619.011,935.8954,493.447,2104.4286,3942.23
RAMPUR,2016-17,2415.419,48078.392,,,1105.084,1057.027,750.315,1169.1273,560.02,2581.6849,4807.84
RAMPUR,2017-18,2489.371,49270.606,,,1147.453,1103.5816,779.121,1244.3259,562.797,2579.1531,4927.06
RANCHI,2009-10,2124.682,139134.206,,,497.953,912.674,187.65,536.5694,1439.079,12464.1772,13913.42
RANCHI,2010-11,2368.262,172513.052,,,556.406,1077.1613,206.098,657.9905,1605.758,15516.1534,17251.31
RANCHI,2011-12,2577.754,199295.952,,,606.176,1250.5625,228.043,767.7282,1743.535,17911.3045,19929.6
RANCHI,2012-13,3059.097,236512.335,,,762.867,1708.5392,278.414,920.5529,2017.816,21022.1414,23651.23
RANCHI,2013-14,3486.146,288328.315,,,893.62,2074.6777,328.877,1105.6794,2263.649,25652.4744,28832.83
RANCHI,2014-15,3930.513,341818.501,,,1056.337,2453.5752,376.701,1297.4641,2497.475,30430.8108,34181.85
RANCHI,2015-16,4579.846,402584.81,,,1287.946,2849.5304,464.434,1453.8703,2827.466,35955.0803,40258.48
RANCHI,2016-17,5050.129,464536.624,3066.041,41258.0508,1435.019,3315.8702,549.069,1879.7414,,,46453.66
RANCHI,2017-18,5394.817,494235.813,3185.754,43708.1107,1594.668,3677.742,614.395,2037.7286,,,49423.58
RANGAREDDY,2009-10,3829.241,192101.883,200.966,2230.1406,925.811,2956.5778,649.839,2196.5009,2052.625,11826.969,19210.19
RANGAREDDY,2010-11,4527.091,244996.411,259.212,2399.4393,1094.27,3900.736,768.721,2618.3418,2404.888,15581.124,24499.64
RANGAREDDY,2011-12,4933.027,300978.983,3357.142,24543.092,999,3374.0037,576.885,2180.8026,,,30097.9
RANGAREDDY,2012-13,5983.882,371185.183,3999.981,30406.2093,1298.081,4245.3402,685.82,2466.9688,,,37118.52
RANGAREDDY,2013-14,7174.234,431743.504,4716.939,35088.9797,1602.529,5194.6319,853.442,2889.3499,1.324,1.3889,43174.35
RANGAREDDY,2014-15,8117.192,526584.775,5260.24,41308.5565,1864.642,7885.5153,990.707,3461.7366,1.603,2.6691,52658.48
RANGAREDDY,2015-16,9227.533,601950.638,5918.434,47733.4565,2038.099,7475.2542,1050.461,3076.8876,220.539,1909.4655,60195.06
RANGAREDDY,2016-17,11073.342,728542.472,7561.202,62925.3905,1721.458,3881.8228,1790.682,6047.0339,,,72854.25
RANGAREDDY,2017-18,2093.346,67375.725,188.712,1699.061,1038.147,2673.8783,866.487,2364.6332,,,6737.57
RATLAM,2009-10,657.205,19970.169,,,141.482,210.8356,155.012,365.3903,360.711,1420.791,1997.02
RATLAM,2010-11,730.387,21191.615,,,170.911,219.6267,178.38,396.8395,381.096,1502.6953,2119.16
RATLAM,2011-12,819.401,24026.666,,,195.948,236.0872,210.517,445.5955,412.936,1720.9839,2402.67
RATLAM,2012-13,928.6,27637.856,,,225.02,274.0255,244.606,518.0862,458.974,1971.6739,2763.79
RATLAM,2013-14,1163.393,32507.534,,,317.681,334.9158,326.323,619.4651,519.389,2296.3725,3250.75
RATLAM,2014-15,1445.489,35127.235,,,418.312,372.8008,423.735,666.5847,603.442,2473.338,3512.72
RATLAM,2015-16,1741.317,40015.494,,,545.723,423.0609,519.914,794.9742,675.68,2783.5143,4001.55
RATLAM,2016-17,1938.783,49533.711,,,603.521,547.1145,597.84,1008.0727,737.422,3398.1839,4953.37
RATLAM,2017-18,2048.109,50522.496,,,646.726,530.1576,631.643,1008.7093,769.74,3513.3827,5052.25
RATNAGIRI,2009-10,1056.775,28988.403,,,520.162,1082.4176,536.613,1816.4227,,,2898.84
RATNAGIRI,2010-11,1150.553,33683.562,,,570.31,1242.9981,580.243,2125.3581,,,3368.36
RATNAGIRI,2011-12,1283.727,38356.055,,,642.722,1441.4787,641.005,2394.1268,,,3835.61
RATNAGIRI,2012-13,1561.509,44646.592,,,816.145,1690.4523,745.364,2774.2069,,,4464.66
RATNAGIRI,2013-14,1763.611,53592.712,,,934.713,1979.8025,828.898,3379.4687,,,5359.27
RATNAGIRI,2014-15,1940.299,60605.615,,,1024.828,2246.4394,915.471,3814.1221,,,6060.56
RATNAGIRI,2015-16,2140.396,65337.919,,,1121.145,2457.9493,1019.251,4075.8426,,,6533.79
RATNAGIRI,2016-17,2281.491,76462.767,,,1260.447,3066.4134,1021.044,4579.8633,,,7646.28
RATNAGIRI,2017-18,2488.369,85204.337,,,1401.673,3465.6121,1086.696,5054.8216,,,8520.43
RAYAGADA,2009-10,413.892,10112.535,,,265.316,386.6367,148.576,624.6168,,,1011.25
RAYAGADA,2010-11,454.352,11646.765,,,290.875,444.36,163.477,720.3165,,,1164.68
RAYAGADA,2011-12,522.339,14043.762,,,329.485,514.0924,192.854,890.2838,,,1404.38
RAYAGADA,2012-13,555.469,18066.167,,,341.166,631.7925,214.303,1174.8242,,,1806.62
RAYAGADA,2013-14,631.617,20932.074,,,387.692,732.8514,243.925,1360.356,,,2093.21
RAYAGADA,2014-15,779.496,22792.424,,,484.094,826.419,295.402,1452.8234,,,2279.24
RAYAGADA,2015-16,892.914,24801.469,,,554.589,910.0465,338.325,1570.1004,,,2480.15
RAYAGADA,2016-17,1024.126,29015.322,,,647.19,1101.504,376.936,1800.0282,,,2901.53
RAYAGADA,2017-18,1084.442,29880.494,,,689.503,1146.0009,394.939,1842.0485,,,2988.05
REASI,2009-10,142.231,6241.989,,,142.231,624.1989,,,,,624.2
REASI,2010-11,159.964,7060.165,,,159.964,706.0165,,,,,706.02
REASI,2011-12,194.377,9056.144,,,194.377,905.6144,,,,,905.61
REASI,2012-13,232.562,11267.402,,,232.562,1126.7402,,,,,1126.74
REASI,2013-14,272.413,12657.228,,,272.413,1265.7228,,,,,1265.72
REASI,2014-15,327.925,14909.861,,,327.925,1490.9861,,,,,1490.99
REASI,2015-16,413.471,15855.014,,,413.471,1585.5014,,,,,1585.5
REASI,2016-17,501.551,19690.853,,,501.551,1969.0853,,,,,1969.09
REASI,2017-18,533.487,19523.391,,,533.487,1952.3391,,,,,1952.34
REWA,2009-10,990.195,28429.961,,,503.798,839.0032,132.47,310.324,353.927,1693.6689,2843
REWA,2010-11,1169.779,36822.015,,,604.301,1014.01,158.78,381.8646,406.698,2286.3269,3682.2
REWA,2011-12,1260.876,41147.55,,,638.4,1147.97,174.819,463.0672,447.657,2503.7178,4114.76
REWA,2012-13,1388.677,51401.723,,,675.576,1469.2158,205.023,687.184,508.078,2983.7725,5140.17
REWA,2013-14,1628.015,56623.039,,,793.011,1686.2735,280.028,775.7254,554.976,3200.305,5662.3
REWA,2014-15,1997.833,60863.81,,,957.741,1808.114,380.641,854.0994,659.451,3424.1676,6086.38
REWA,2015-16,2511.524,70438.547,,,1177.087,1982.3703,541.458,1024.5329,792.979,4036.9515,7043.85
REWA,2016-17,2849.444,83715.699,,,1101.962,1955.2937,854.182,1686.8394,893.3,4729.4368,8371.57
REWA,2017-18,2985.604,89118.598,,,1150.296,2039.6888,897.415,1785.4178,937.893,5086.7532,8911.86
REWARI,2009-10,776.929,29248.175,,,343.038,798.7191,96.015,386.7187,337.876,1739.3797,2924.82
REWARI,2010-11,873.079,37043.862,,,383.276,951.2108,108.781,450.0265,381.022,2303.1489,3704.39
REWARI,2011-12,941.792,42185.928,,,417.053,1126.05,132.987,541.8862,391.752,2550.6566,4218.59
REWARI,2012-13,1085.981,46238.843,,,482.958,1338.3336,163.519,675.0103,439.504,2610.5404,4623.88
REWARI,2013-14,1241.308,52723.304,,,554.349,1507.7341,198.749,764.0938,488.21,3000.5025,5272.33
REWARI,2014-15,1379.143,58942.377,,,597.806,1704.1396,240.77,867.7209,540.567,3322.3772,5894.24
REWARI,2015-16,1598.883,66868.094,,,708.377,1910.6693,280.607,1101.5599,609.899,3674.5802,6686.81
REWARI,2016-17,1762.469,85219.241,,,769.843,2462.2806,322.418,1371.337,670.208,4688.3065,8521.92
REWARI,2017-18,1847.434,99332.36,,,804.434,2809.0739,342.157,1546.5973,700.843,5577.5648,9933.24
RI BHOI,2009-10,76.345,5118.259,,,60.618,265.173,15.727,246.6529,,,511.83
RI BHOI,2010-11,86.667,5044.799,,,68.203,345.3678,18.464,159.1121,,,504.48
RI BHOI,2011-12,98.882,5492.595,,,78.118,397.2316,20.764,152.0279,,,549.26
RI BHOI,2012-13,109.62,5975.356,,,87.288,398.2782,22.332,199.2574,,,597.54
RI BHOI,2013-14,129.115,6705.096,,,103.776,461.4674,25.339,209.0422,,,670.51
RI BHOI,2014-15,155.247,7344.798,,,123.068,528.7128,32.179,205.767,,,734.48
RI BHOI,2015-16,181.149,7932.266,,,136.47,600.4038,44.679,192.8228,,,793.23
RI BHOI,2016-17,230.438,12089.903,,,177.139,982.903,53.299,226.0873,,,1208.99
RI BHOI,2017-18,236.334,13793.948,,,180.913,917.3677,55.421,462.0271,,,1379.39
ROHTAK,2009-10,1044.968,49853.209,,,251.487,716.8775,109.643,291.0167,683.838,3977.4267,4985.32
ROHTAK,2010-11,1108.26,59742.951,,,266.209,805.4595,115.345,332.0066,726.706,4836.829,5974.3
ROHTAK,2011-12,1195.542,67737.33,,,294.988,988.1347,124.505,372.5981,776.049,5413.0002,6773.73
ROHTAK,2012-13,1309.436,78576.102,,,321.461,1096.1151,150.473,552.8539,837.502,6208.6412,7857.61
ROHTAK,2013-14,1459.002,87546.338,,,368.951,1183.3636,169.675,598.2753,920.376,6972.9949,8754.63
ROHTAK,2014-15,1672.485,99520.853,,,435.481,1302.4642,201.978,658.6814,1035.026,7990.9397,9952.09
ROHTAK,2015-16,1934.963,114865.2,,,557.562,1469.8528,230.517,765.032,1146.884,9251.6352,11486.52
ROHTAK,2016-17,2083.06,138022.27,,,494.603,1484.6932,351.556,1401.5133,1236.901,10916.0205,13802.23
ROHTAK,2017-18,2150.936,152146.323,,,527.22,1651.6625,365.803,1510.3389,1257.913,12052.6309,15214.63
ROHTAS,2009-10,988.914,23570.631,,,486.234,775.6766,226.785,450.4804,275.895,1130.9061,2357.06
ROHTAS,2010-11,1033.884,27847.018,,,501.84,916.2283,215.656,515.5559,316.388,1352.9176,2784.7
ROHTAS,2011-12,1180.345,32412.511,,,576.459,1082.2822,249.961,618.9381,353.925,1540.0308,3241.25
ROHTAS,2012-13,1372.5,39933.868,,,687.246,1299.0242,302.189,734.0933,383.065,1960.2693,3993.39
ROHTAS,2013-14,1622.191,46291.199,,,825.96,1560.2264,362.949,836.3448,433.282,2232.5487,4629.12
ROHTAS,2014-15,1958.34,52540.39,,,969.491,1709.8423,442.055,936.8195,546.794,2607.3772,5254.04
ROHTAS,2015-16,2521.325,58140.249,,,1298.277,2030.0625,566.676,1063.5615,656.372,2720.4009,5814.02
ROHTAS,2016-17,3302.282,75723.647,,,1650.806,2651.903,890.718,1596.0084,760.758,3324.4533,7572.36
ROHTAS,2017-18,3194.995,74086.597,,,1493.339,2430.3509,904.514,1684.532,797.142,3293.7768,7408.66
RUDRAPRAYAG,2009-10,133.664,3780.59,,,133.664,378.059,,,,,378.06
RUDRAPRAYAG,2010-11,156.512,4477.144,,,156.512,447.7144,,,,,447.71
RUDRAPRAYAG,2011-12,185.444,5314.241,,,185.444,531.4241,,,,,531.42
RUDRAPRAYAG,2012-13,208.69,6072.581,,,208.69,607.2581,,,,,607.26
RUDRAPRAYAG,2013-14,242.184,8204.645,,,242.184,820.4645,,,,,820.46
RUDRAPRAYAG,2014-15,283.126,8983.725,,,283.126,898.3725,,,,,898.37
RUDRAPRAYAG,2015-16,323.423,9881.187,,,323.423,988.1187,,,,,988.12
RUDRAPRAYAG,2016-17,353.487,11919.054,,,353.487,1191.9054,,,,,1191.91
RUDRAPRAYAG,2017-18,368.756,14593.001,,,368.756,1459.3001,,,,,1459.3
RUPNAGAR,2009-10,700.377,25465.78,,,286.915,810.4831,413.462,1736.0949,,,2546.58
RUPNAGAR,2010-11,739.281,30073.216,,,299.177,936.2951,440.104,2071.0265,,,3007.32
RUPNAGAR,2011-12,804.744,35078.558,,,318.709,1114.5901,486.035,2393.2657,,,3507.86
RUPNAGAR,2012-13,887.59,40345.27,,,357.115,1285.7831,530.475,2748.7439,,,4034.53
RUPNAGAR,2013-14,977.528,47399.483,,,398.213,1591.4223,579.315,3148.526,,,4739.95
RUPNAGAR,2014-15,1102.566,53520.13,,,459.383,1765.7643,642.905,3583.9099,0.278,2.3388,5352.01
RUPNAGAR,2015-16,1243.857,58838.906,,,523.169,1922.9816,719.428,3952.2186,1.26,8.6904,5883.89
RUPNAGAR,2016-17,1338.917,70730.503,,,509.254,2107.3161,829.663,4965.7342,,,7073.05
RUPNAGAR,2017-18,1388.164,75065.512,,,529.471,2127.9936,858.693,5378.5576,,,7506.55
SABAR KANTHA,2009-10,1027.429,26129.07,,,418.855,633.2217,608.574,1979.6853,,,2612.91
SABAR KANTHA,2010-11,1117.904,33950.793,,,448.545,801.3619,669.359,2593.7174,,,3395.08
SABAR KANTHA,2011-12,1285.583,39308.703,,,506.623,907.3329,778.96,3023.5374,,,3930.87
SABAR KANTHA,2012-13,1468.85,41644.244,,,584.94,1083.9451,883.91,3080.4793,,,4164.42
SABAR KANTHA,2013-14,1285.834,33761.225,,,523.948,787.3762,761.886,2588.7463,,,3376.12
SABAR KANTHA,2014-15,1549.265,39651.9,,,658.845,945.9138,890.42,3019.2762,,,3965.19
SABAR KANTHA,2015-16,1746.381,43003.756,,,741.255,1079.5187,1005.126,3220.8569,,,4300.38
SABAR KANTHA,2016-17,1936.064,52242.924,,,814.072,1278.7451,1121.992,3945.5473,,,5224.29
SABAR KANTHA,2017-18,1867.63,55711.825,,,778.728,1366.5728,1088.902,4204.6097,,,5571.18
SAGAR,2009-10,967.596,30544.812,,,233.065,309.6838,327.152,747.6483,407.379,1997.1491,3054.48
SAGAR,2010-11,1149.549,37100.112,,,270.441,388.5126,413.34,923.5403,465.768,2397.9583,3710.01
SAGAR,2011-12,1316.348,44847.472,,,307.165,428.4089,512.727,1005.9327,496.456,3050.4056,4484.75
SAGAR,2012-13,1291.226,51812.763,,,255.611,512.4194,516.584,1165.7343,519.031,3503.1226,5181.28
SAGAR,2013-14,1780.496,65219.947,,,451.077,594.768,694.942,1321.0366,634.477,4606.1901,6521.99
SAGAR,2014-15,2405.448,73455.246,,,636.73,646.9196,998.283,1517.1164,770.435,5181.4886,7345.52
SAGAR,2015-16,2976.843,80988.662,,,822.054,764.9601,1276.381,1849.9194,878.408,5483.9867,8098.87
SAGAR,2016-17,3360.623,77961.132,,,856.546,873.6704,1537.377,2361.4852,966.7,4560.9576,7796.11
SAGAR,2017-18,3500.861,84389.29,,,888.703,1011.9841,1621.919,2509.1632,990.239,4917.7817,8438.93
SAHARANPUR,2009-10,1628.048,41516.684,,,589.711,883.3384,394.458,713.0136,643.879,2555.3164,4151.67
SAHARANPUR,2010-11,1931.656,47628.317,,,706.194,1025.8682,505.275,850.7898,720.187,2886.1737,4762.83
SAHARANPUR,2011-12,2129.635,54011.701,,,796.363,1131.4007,562.496,963.3066,770.776,3306.4628,5401.17
SAHARANPUR,2012-13,2447.454,61749.201,,,899.747,1249.2106,682.826,1117.9338,864.881,3807.7757,6174.92
SAHARANPUR,2013-14,2757.928,70356.573,,,1034.912,1469.7697,787.649,1295.6815,935.367,4270.2061,7035.66
SAHARANPUR,2014-15,3342.843,78055.3,,,1260.254,1595.49,989.527,1484.3735,1093.062,4725.6665,7805.53
SAHARANPUR,2015-16,3914.326,88944.256,,,1565.83,1820.8891,1145.164,1659.4548,1203.332,5414.0817,8894.43
SAHARANPUR,2016-17,4276.914,109630.738,,,1459.4,1946.4299,1399.078,2293.9124,1418.436,6722.7315,10963.07
SAHARANPUR,2017-18,4364.076,117096.335,,,1516.027,2081.7452,1422.723,2503.1279,1425.326,7124.7604,11709.63
SAHARSA,2009-10,374.662,12290.642,,,220.859,419.6907,53.872,107.8713,99.931,701.5022,1229.06
SAHARSA,2010-11,460.149,13598.315,,,263.966,483.0658,74.432,130.2921,121.751,746.4736,1359.83
SAHARSA,2011-12,537.874,15666.985,,,313.92,547.9359,85.337,139.7453,138.617,879.0173,1566.7
SAHARSA,2012-13,675.413,18098.806,,,403.456,583.9951,111.746,153.2152,160.211,1072.6703,1809.88
SAHARSA,2013-14,832.278,20533.344,,,512.094,659.6051,141.119,181.7932,179.065,1211.9361,2053.33
SAHARSA,2014-15,1147.616,24659.518,,,722.287,770.5133,192.386,220.8189,232.943,1474.6196,2465.95
SAHARSA,2015-16,1467.169,27194.421,,,917.766,855.8519,262.229,257.0529,287.174,1606.5373,2719.44
SAHARSA,2016-17,1706.436,30105.71,,,910.703,784.6949,462.81,515.0924,332.923,1710.7837,3010.57
SAHARSA,2017-18,1866.927,31709.441,,,983.171,875.3314,517.26,601.1477,366.496,1694.465,3170.94
SAHEBGANJ,2009-10,297.087,7004.223,,,169.58,243.0409,127.507,457.3814,,,700.42
SAHEBGANJ,2010-11,356.801,8852.283,,,204.372,287.3705,152.429,597.8578,,,885.23
SAHEBGANJ,2011-12,410.605,9335.768,,,219.587,309.6141,191.018,623.9627,,,933.58
SAHEBGANJ,2012-13,482.906,10966.569,,,249.067,354.5345,233.839,742.1224,,,1096.66
SAHEBGANJ,2013-14,590.421,11726.563,,,289.201,391.058,301.22,781.5983,,,1172.66
SAHEBGANJ,2014-15,724.812,14036.477,,,350.918,462.6659,373.894,940.9818,,,1403.65
SAHEBGANJ,2015-16,1009.303,16735.04,,,492.129,547.986,517.174,1125.518,,,1673.5
SAHEBGANJ,2016-17,1256.184,20981.52,,,608.79,672.9205,647.394,1425.2315,,,2098.15
SAHEBGANJ,2017-18,1381.866,22749.558,,,670.193,718.0396,711.673,1556.9162,,,2274.96
SAHIBZADA AJIT SINGH NAGA,2009-10,970.461,76605.93,,,183.15,803.2584,325.026,1595.2125,462.285,5262.1221,7660.59
SAHIBZADA AJIT SINGH NAGA,2010-11,1101.738,95804.64,,,213.795,1147.81,386.09,2239.4352,501.853,6193.2188,9580.46
SAHIBZADA AJIT SINGH NAGA,2011-12,1317.169,110264.199,,,248.213,1861.2177,507.005,2739.3888,561.951,6425.8134,11026.42
SAHIBZADA AJIT SINGH NAGA,2012-13,1516.885,119167.591,,,312.055,1752.7905,581.569,3027.0182,623.261,7136.9504,11916.76
SAHIBZADA AJIT SINGH NAGA,2013-14,1727.042,145461.914,,,385.311,2204.302,673.419,3468.4542,668.312,8873.4352,14546.19
SAHIBZADA AJIT SINGH NAGA,2014-15,2018.643,162896.527,,,475.861,2353.5904,790.692,4109.6962,752.09,9826.3661,16289.65
SAHIBZADA AJIT SINGH NAGA,2015-16,2381.801,190111.942,,,572.233,2885.0692,929.183,4775.1558,880.385,11350.9692,19011.19
SAHIBZADA AJIT SINGH NAGA,2016-17,2686.757,209230.154,,,630.366,3164.6954,1072.061,5766.5377,984.33,11991.7823,20923.02
SAHIBZADA AJIT SINGH NAGA,2017-18,2861.063,238594.742,,,709.878,3466.5871,1136.197,6554.7482,1014.988,13838.1389,23859.47
SAIHA,2009-10,17.929,617.165,,,9.817,13.031,8.112,48.6855,,,61.72
SAIHA,2010-11,18.478,561.192,,,9.341,8.3519,9.137,47.7673,,,56.12
SAIHA,2011-12,22.61,659.993,,,11.781,9.0309,10.829,56.9684,,,66
SAIHA,2012-13,18.815,643.006,,,7.142,4.1324,11.673,60.1682,,,64.3
SAIHA,2013-14,34.618,1718.395,,,22.098,110.1482,12.52,61.6913,,,171.84
SAIHA,2014-15,41.136,806.245,,,27.084,28.0396,14.052,52.5849,,,80.62
SAIHA,2015-16,52.65,1094.022,,,8.25,4.7191,44.4,104.6831,,,109.4
SAIHA,2016-17,63.552,1230.639,,,9.925,5.8099,53.627,117.254,,,123.06
SAIHA,2017-18,66.737,1489.617,,,12.139,6.1733,54.598,142.7884,,,148.96
SALEM,2009-10,2076.802,64568.949,,,497.187,870.0622,632.224,1419.9159,947.391,4166.9168,6456.89
SALEM,2010-11,2181.804,75932.659,,,517.662,1000.0186,657.613,1617.7282,1006.529,4975.5191,7593.27
SALEM,2011-12,2519.124,84972.201,,,623.356,1128.257,802.049,1858.6499,1093.719,5510.3132,8497.22
SALEM,2012-13,2995.359,92137.251,,,725.89,1199.2493,1019.312,2009.8703,1250.157,6004.6055,9213.73
SALEM,2013-14,3804.613,101236.097,,,1049.934,1314.4408,1317.099,2239.1478,1437.58,6570.0211,10123.61
SALEM,2014-15,4495.198,117208.462,,,1248.837,1558.8306,1576.364,2572.7417,1669.997,7589.2739,11720.85
SALEM,2015-16,4903.853,135087.934,,,1245.996,1546.0857,1767.665,3060.2857,1890.192,8902.422,13508.79
SALEM,2016-17,5371.678,163082.743,,,998.945,1328.4645,2336.034,4363.4259,2036.699,10616.3839,16308.27
SALEM,2017-18,5748.311,183101.892,,,1090.618,1430.5123,2466.153,4684.1024,2191.54,12195.5745,18310.19
SAMASTIPUR,2009-10,916.822,26736.381,,,518.073,1105.1043,398.749,1568.5338,,,2673.64
SAMASTIPUR,2010-11,1340.866,32641.397,,,755.439,1235.1934,585.427,2028.9463,,,3264.14
SAMASTIPUR,2011-12,1479.88,38353.193,,,800.611,1470.9254,679.269,2364.3939,,,3835.32
SAMASTIPUR,2012-13,1747.43,43742.042,,,933.18,1751.7229,814.25,2622.4813,,,4374.2
SAMASTIPUR,2013-14,1965.209,50486.227,,,1018.763,2046.3492,946.446,3002.2735,,,5048.62
SAMASTIPUR,2014-15,2428.258,55159.544,,,1250.405,2260.6067,1177.853,3255.3477,,,5515.95
SAMASTIPUR,2015-16,3292.569,63347.629,,,1658.909,2536.0087,1633.66,3798.7542,,,6334.76
SAMASTIPUR,2016-17,4057.803,75247.761,,,1744.07,2635.5061,2313.733,4889.27,,,7524.78
SAMASTIPUR,2017-18,4419.854,83308.514,,,1911.704,2845.7496,2508.15,5485.1018,,,8330.85
SAMBA,2009-10,265.637,8502.387,,,162.825,449.2836,102.812,400.9551,,,850.24
SAMBA,2010-11,303.406,10026.971,,,180.287,528.3469,123.119,474.3502,,,1002.7
SAMBA,2011-12,324.31,11940.37,,,191.227,639.8452,133.083,554.1918,,,1194.04
SAMBA,2012-13,412.659,16149.183,,,254.225,861.4441,158.434,753.4742,,,1614.92
SAMBA,2013-14,452.932,19199.322,,,275.308,1023.5441,177.624,896.3881,,,1919.93
SAMBA,2014-15,534.452,21701.281,,,329.603,1195.6103,204.849,974.5178,,,2170.13
SAMBA,2015-16,574.856,23977.654,,,345.441,1299.3623,229.415,1098.4031,,,2397.77
SAMBA,2016-17,674.785,29918.054,,,401.817,1635.5513,272.968,1356.2541,,,2991.81
SAMBA,2017-18,729.462,34688.241,,,436.923,1901.4712,292.539,1567.3529,,,3468.82
SAMBALPUR,2009-10,603.489,60681.689,,,235.487,468.4747,112.424,1225.4952,255.578,4374.199,6068.17
SAMBALPUR,2010-11,644.099,85601.924,,,244.671,590.9814,116.976,2292.9785,282.452,5676.2325,8560.19
SAMBALPUR,2011-12,749.763,111458.698,,,298.808,660.1655,143.293,2798.2133,307.662,7687.491,11145.87
SAMBALPUR,2012-13,867.07,153442.597,,,343.672,801.544,170.679,2687.2897,352.719,11855.426,15344.26
SAMBALPUR,2013-14,1021.885,148834.493,,,424.05,973.7497,207.455,2535.7717,390.38,11373.9279,14883.45
SAMBALPUR,2014-15,1281.452,167953.168,,,561.687,1125.4993,261.865,1982.5695,457.9,13687.248,16795.32
SAMBALPUR,2015-16,1467.688,191571.235,,,660.632,1262.5959,302.142,5600.2485,504.914,12294.2791,19157.12
SAMBALPUR,2016-17,1665.228,240964.558,,,692.157,1291.3329,411.092,5262.8564,561.979,17542.2665,24096.46
SAMBALPUR,2017-18,1737.099,230110.527,,,685.041,1174.0999,259.002,730.3671,793.056,21106.5857,23011.05
SANGAREDDY,2017-18,2067.304,88865.385,366.708,3855.2549,661.695,1535.8975,1038.901,3495.3861,,,8886.54
SANGLI,2009-10,1341.875,43984.946,,,281.545,545.2307,453.36,1334.0863,606.97,2519.1776,4398.49
SANGLI,2010-11,1472.959,51772.566,,,301.364,628.9081,511.52,1585.1164,660.075,2963.2321,5177.26
SANGLI,2011-12,1651.862,60578.143,,,339.173,731.8242,593.131,1805.8233,719.558,3520.1668,6057.81
SANGLI,2012-13,1988.415,70262.486,,,444.171,871.6977,745.758,2087.1504,798.486,4067.4005,7026.25
SANGLI,2013-14,2303.412,80384.149,,,523.726,1075.5055,914.963,2438.511,864.723,4524.3984,8038.41
SANGLI,2014-15,2566.274,89472.458,,,607.303,1243.9543,1057.62,2729.1486,901.351,4974.1429,8947.25
SANGLI,2015-16,3035.635,96616.439,,,743.978,1371.184,1214.617,2939.4385,1077.04,5351.0214,9661.64
SANGLI,2016-17,3234.206,114909.158,,,762.6,1529.7761,1363.409,3736.3867,1108.197,6224.753,11490.92
SANGLI,2017-18,3510.426,119870.124,,,872.037,1622.707,1486.595,3918.6888,1151.794,6445.6166,11987.01
SANGRUR,2009-10,1214.126,42448.571,,,377.333,1048.8411,679.276,2610.5087,157.517,585.5073,4244.86
SANGRUR,2010-11,1297.919,45668.671,,,411.237,1112.0508,714.746,2793.4635,171.936,661.3528,4566.87
SANGRUR,2011-12,1400.064,51730.596,,,449.747,1261.5418,768.109,3167.9629,182.208,743.5549,5173.06
SANGRUR,2012-13,1617.393,61102.616,,,521.253,1505.3208,880.525,3759.0399,215.615,845.9009,6110.26
SANGRUR,2013-14,1833.722,69868.499,,,591.449,1735.5446,1005.331,4300.9481,236.942,950.3572,6986.85
SANGRUR,2014-15,2099.009,85942.628,,,691.061,2051.1804,1145.687,5484.5524,262.261,1058.53,8594.26
SANGRUR,2015-16,2448.796,93965.809,,,808.855,2279.4613,1341.51,5950.7354,298.431,1166.3842,9396.58
SANGRUR,2016-17,2738.457,115449.407,,,880.469,2731.3103,1525.579,7342.6449,332.409,1470.9855,11544.94
SANGRUR,2017-18,2923.86,118300.695,,,966.352,2848.4963,1602.939,7450.5794,354.569,1530.9938,11830.07
SANT KABIR NAGAR,2009-10,656.38,10768.513,,,503.438,628.5455,152.942,448.3058,,,1076.85
SANT KABIR NAGAR,2010-11,747.186,12376.24,,,569.245,701.1369,177.941,536.4871,,,1237.62
SANT KABIR NAGAR,2011-12,818.247,13792.416,,,613.102,786.119,205.145,593.1226,,,1379.24
SANT KABIR NAGAR,2012-13,1107.76,18016.506,,,858.008,1008.0103,249.752,793.6403,,,1801.65
SANT KABIR NAGAR,2013-14,1362.112,21167.028,,,1050.623,1195.9607,311.489,920.7421,,,2116.7
SANT KABIR NAGAR,2014-15,1641.344,24886.908,,,1258.397,1361.4738,382.947,1127.217,,,2488.69
SANT KABIR NAGAR,2015-16,1885.021,27839.137,,,1436.752,1567.2581,448.269,1216.6556,,,2783.91
SANT KABIR NAGAR,2016-17,2055.378,32764.678,,,1489.708,1811.2296,565.67,1465.2382,,,3276.47
SANT KABIR NAGAR,2017-18,2150.726,36836.165,,,1568.527,1951.4802,582.199,1732.1363,,,3683.62
SANT RAVIDAS NAGAR,2009-10,728.012,17564.449,,,394.667,686.3081,333.345,1070.1368,,,1756.44
SANT RAVIDAS NAGAR,2010-11,798.699,19941.939,,,447.541,814.2984,351.158,1179.8955,,,1994.19
SANT RAVIDAS NAGAR,2011-12,918.981,21249.783,,,522.841,834.0009,396.14,1290.9774,,,2124.98
SANT RAVIDAS NAGAR,2012-13,1075.083,24710.197,,,617.079,1004.3922,458.004,1466.6275,,,2471.02
SANT RAVIDAS NAGAR,2013-14,1228.041,28871.225,,,715.812,1194.2328,512.229,1692.8897,,,2887.12
SANT RAVIDAS NAGAR,2014-15,1465.124,31814.952,,,867.091,1313.4621,598.033,1868.0331,,,3181.5
SANT RAVIDAS NAGAR,2015-16,1680.726,37577.988,,,986.389,1510.1657,694.337,2247.6331,,,3757.8
SANT RAVIDAS NAGAR,2016-17,1945.213,45713.824,,,1102.773,1817.9897,842.44,2753.3927,,,4571.38
SANT RAVIDAS NAGAR,2017-18,2008.539,47411.325,,,1139.423,1950.1863,869.116,2790.9462,,,4741.13
SARAN,2009-10,1312.686,34817.882,,,857.805,1543.8954,205.612,646.6321,249.269,1291.2607,3481.79
SARAN,2010-11,1307.499,40992.903,,,724.553,1764.7767,299.627,752.676,283.319,1581.8376,4099.29
SARAN,2011-12,1681.797,47154.666,,,1005.479,2081.3718,369.243,878.3364,307.075,1755.7584,4715.47
SARAN,2012-13,1972.662,55326.941,,,1194.838,2391.181,433.914,1044.6703,343.91,2096.8428,5532.69
SARAN,2013-14,2274.071,65637.145,,,1382.171,2805.3653,505.519,1214.1477,386.381,2544.2015,6563.71
SARAN,2014-15,2893.493,75390.732,,,1813.496,3219.6763,620.734,1397.5656,459.263,2921.8313,7539.07
SARAN,2015-16,3773.443,84263.088,,,2357.582,3574.0136,808.512,1549.7583,607.349,3302.5369,8426.31
SARAN,2016-17,4357.291,102088.752,,,2710.835,4294.3844,1017.433,2019.9402,629.023,3894.5506,10208.88
SARAN,2017-18,4863.653,109242.463,,,3039.57,4837.0631,1155.382,2225.6198,668.701,3861.5634,10924.25
SATARA,2009-10,1189.311,35420.832,,,433.866,834.6867,513.865,1553.9323,241.58,1153.4642,3542.08
SATARA,2010-11,1350.271,40175.031,,,481.666,941.0861,590.395,1782.231,278.21,1294.186,4017.5
SATARA,2011-12,1611.853,48959.493,,,579.396,1099.7483,713.398,2146.245,319.059,1649.956,4895.95
SATARA,2012-13,1927.152,58944.144,,,706.513,1335.0914,855.513,2681.8112,365.126,1877.5118,5894.41
SATARA,2013-14,2336.395,69376.961,,,886.201,1659.7728,1036.463,3243.9639,413.731,2033.9594,6937.7
SATARA,2014-15,2717.092,84569.25,,,1037.46,1831.1874,1215.865,3619.2158,463.767,3006.5218,8456.92
SATARA,2015-16,3132.562,92529.607,,,1181.905,2217.8456,1403.336,3997.434,547.321,3037.6811,9252.96
SATARA,2016-17,3341.579,106209.525,,,1263.315,2449.99,1541.725,4886.3688,536.539,3284.5937,10620.95
SATARA,2017-18,3611.222,111224.389,,,1398.737,2639.8478,1656.918,5251.3852,555.567,3231.2059,11122.44
SATNA,2009-10,1097.581,24928.582,,,595.185,780.5634,208.496,479.2951,293.9,1232.9997,2492.86
SATNA,2010-11,1294.583,29736.358,,,681.738,855.9127,282.28,642.6146,330.565,1475.1085,2973.64
SATNA,2011-12,1339.172,35984.321,,,667.125,985.6138,310.768,723.4271,361.279,1889.3912,3598.43
SATNA,2012-13,1554.007,42133.803,,,781.867,1162.057,367.99,928.5116,404.15,2122.8117,4213.38
SATNA,2013-14,1561.637,49138.338,,,675.944,1325.2673,436.52,1170.1089,449.173,2418.4576,4913.83
SATNA,2014-15,1962.122,54004.885,,,865.277,1404.8051,577.845,1257.4201,519,2738.2633,5400.49
SATNA,2015-16,2389.599,61238.428,,,998.521,1370.6102,739.173,1605.3606,651.905,3147.872,6123.84
SATNA,2016-17,2731.063,75218.107,,,1154.881,1679.7687,858.923,1957.7463,717.259,3884.2957,7521.81
SATNA,2017-18,2851.874,82103.779,,,1194.299,1812.8904,903.442,2181.3053,754.133,4216.1822,8210.38
SAWAI MADHOPUR,2009-10,495.496,11592.869,,,180.885,260.3244,220.078,579.2405,94.533,319.722,1159.29
SAWAI MADHOPUR,2010-11,547.993,13421.893,,,206.047,312.7031,241.8,651.968,100.146,377.5182,1342.19
SAWAI MADHOPUR,2011-12,600.322,15123.273,,,229.32,364.244,253.299,690.1766,117.703,457.9067,1512.33
SAWAI MADHOPUR,2012-13,687.224,17448.618,,,266.373,421.2187,260.523,716.5388,160.328,607.1043,1744.86
SAWAI MADHOPUR,2013-14,837.972,20775.948,,,348.908,505.532,303.765,861.3332,185.299,710.7296,2077.59
SAWAI MADHOPUR,2014-15,1087.202,25149.023,,,491.575,610.8266,372.161,1048.766,223.466,855.3097,2514.9
SAWAI MADHOPUR,2015-16,1361.656,28446.428,,,630.611,641.6639,439.899,1096.93,291.146,1106.0489,2844.64
SAWAI MADHOPUR,2016-17,1486.838,34497.469,,,616.688,668.933,282.738,504.7927,587.412,2276.0212,3449.75
SAWAI MADHOPUR,2017-18,1606.408,37757.828,,,664.046,753.942,310.716,559.7612,631.646,2462.0796,3775.78
SEHORE,2009-10,429.722,9671.391,,,179.989,280.7338,249.733,686.4053,,,967.14
SEHORE,2010-11,496.254,11387.631,,,203.489,323.4234,292.765,815.3397,,,1138.76
SEHORE,2011-12,616.248,13522.531,,,271.532,380.5319,344.716,971.7212,,,1352.25
SEHORE,2012-13,733.928,15725.38,,,337.138,469.616,396.79,1102.922,,,1572.54
SEHORE,2013-14,968.034,18709.626,,,449.8,542.2805,518.234,1328.6821,,,1870.96
SEHORE,2014-15,1296.264,20025.002,,,604.415,570.4339,691.849,1432.0663,,,2002.5
SEHORE,2015-16,1553.363,22265.674,,,729.7,634.2028,823.663,1592.3646,,,2226.57
SEHORE,2016-17,1732.34,29117.429,,,694.898,676.8369,658.333,984.4201,379.109,1250.4859,2911.74
SEHORE,2017-18,1841.616,29996.665,,,746.909,672.3134,700.735,1030.0493,393.972,1297.3038,2999.67
SENAPATI,2009-10,56.162,1338.305,,,52.428,128.1658,3.734,5.6647,,,133.83
SENAPATI,2010-11,60.39,2007.536,,,56.288,195.7805,4.102,4.9731,,,200.75
SENAPATI,2011-12,64.19,2151.894,,,59.813,210.6198,4.377,4.5696,,,215.19
SENAPATI,2012-13,86.917,2504.174,,,82.163,245.7124,4.754,4.705,,,250.42
SENAPATI,2013-14,114.589,2756.123,,,109.447,271.3467,5.142,4.2656,,,275.61
SENAPATI,2014-15,162.496,3074.444,,,155.773,301.4142,6.723,6.0302,,,307.44
SENAPATI,2015-16,182.32,3699.298,,,182.32,369.9298,,,,,369.93
SENAPATI,2016-17,200.376,3314.472,,,200.376,331.4472,,,,,331.45
SENAPATI,2017-18,218.066,4060.69,,,218.066,406.069,,,,,406.07
SEONI,2009-10,372.326,8613.589,,,202.249,277.5574,170.077,583.8015,,,861.36
SEONI,2010-11,449.812,10704.79,,,242.811,334.9527,207.001,735.5263,,,1070.48
SEONI,2011-12,591.937,12074.782,,,314.532,408.3546,277.405,799.1236,,,1207.48
SEONI,2012-13,701.031,14804.113,,,367.426,486.2196,333.605,994.1917,,,1480.41
SEONI,2013-14,925.201,16890.864,,,488.931,555.5023,436.27,1133.5841,,,1689.09
SEONI,2014-15,1181.247,18571.477,,,615.752,585.3935,565.495,1271.7542,,,1857.15
SEONI,2015-16,1413.726,21220.242,,,765.214,672.5368,648.512,1449.4874,,,2122.02
SEONI,2016-17,1543.099,26547.213,,,829.908,848.0513,327.318,382.4384,385.873,1424.2316,2654.72
SEONI,2017-18,1725.092,28370.856,,,949.318,899.4423,364.565,412.233,411.209,1525.4103,2837.09
SEPAHIJALA,2012-13,281.471,6799.577,,,130.044,201.6811,151.427,478.2766,,,679.96
SEPAHIJALA,2013-14,407.837,8382.117,,,197.324,253.3611,210.513,584.8506,,,838.21
SEPAHIJALA,2014-15,497.61,10256.908,,,237.153,313.4786,260.457,712.2122,,,1025.69
SEPAHIJALA,2015-16,404.349,5565.951,,,306.714,426.2874,97.635,130.3077,,,556.6
SEPAHIJALA,2016-17,458.316,7197.722,,,352.907,563.2687,105.409,156.5035,,,719.77
SEPAHIJALA,2017-18,500.59,7918.209,,,379.566,605.7175,121.024,186.1034,,,791.82
SERAIKELA-KHARSAWAN,2009-10,371.156,12038.749,,,265.985,568.5009,31.216,196.2049,73.955,439.1691,1203.87
SERAIKELA-KHARSAWAN,2010-11,445.833,14497.953,,,320.563,663.1587,40.095,282.8218,85.175,503.8148,1449.8
SERAIKELA-KHARSAWAN,2011-12,480.954,17229.234,,,336.572,749.3544,49.165,376.8894,95.217,596.6796,1722.92
SERAIKELA-KHARSAWAN,2012-13,575.666,20160.272,,,406.129,854.3945,60.418,403.1429,109.119,758.4898,2016.03
SERAIKELA-KHARSAWAN,2013-14,698.258,22740.869,,,501.841,978.346,71.217,424.1266,125.2,871.6143,2274.09
SERAIKELA-KHARSAWAN,2014-15,822.503,26083.008,,,586.05,1130.7826,84.324,474.3803,152.129,1003.1379,2608.3
SERAIKELA-KHARSAWAN,2015-16,1099.116,29446.839,,,797.92,1339.0889,120.911,495.1657,180.285,1110.4293,2944.68
SERAIKELA-KHARSAWAN,2016-17,1253.323,35494.595,,,899.771,1618.4686,147.22,573.5121,206.332,1357.4788,3549.46
SERAIKELA-KHARSAWAN,2017-18,1355.005,38684.065,,,983.197,1753.7772,154.141,575.7377,217.667,1538.8916,3868.41
SERCHHIP,2009-10,23.751,622.556,,,13.019,20.868,10.732,41.3876,,,62.26
SERCHHIP,2010-11,26.127,574.001,,,14.662,18.2241,11.465,39.176,,,57.4
SERCHHIP,2011-12,30.114,841.868,,,15.797,33.9689,14.317,50.2179,,,84.19
SERCHHIP,2012-13,35.813,998.403,,,20.842,40.489,14.971,59.3513,,,99.84
SERCHHIP,2013-14,38.927,1143.791,,,22.438,58.5694,16.489,55.8097,,,114.38
SERCHHIP,2014-15,46.974,1205.235,,,29.112,60.0067,17.862,60.5168,,,120.52
SERCHHIP,2015-16,56.694,1314.491,,,29.97,60.1992,26.724,71.2499,,,131.45
SERCHHIP,2016-17,72.691,1716.262,,,40.06,73.7163,32.631,97.9099,,,171.63
SERCHHIP,2017-18,77.806,2240.904,,,43.403,93.7407,34.403,130.3497,,,224.09
SHAHDOL,2009-10,421.958,10974.686,,,185.943,198.1,236.015,899.3686,,,1097.47
SHAHDOL,2010-11,517.228,12916.199,,,233.632,215.8887,283.596,1075.7312,,,1291.62
SHAHDOL,2011-12,657.232,14896.13,,,316.347,240.2644,340.885,1249.3486,,,1489.61
SHAHDOL,2012-13,721.217,17934.259,,,340.132,296.2764,381.085,1497.1495,,,1793.43
SHAHDOL,2013-14,953.173,21629.427,,,412.887,353.8805,540.286,1809.0622,,,2162.94
SHAHDOL,2014-15,1146.24,25479.779,,,478.945,447.5523,667.295,2100.4256,,,2547.98
SHAHDOL,2015-16,1337.572,27558.426,,,519.779,390.8498,817.793,2364.9928,,,2755.84
SHAHDOL,2016-17,1467.903,34422.286,,,554.165,604.5226,913.738,2837.706,,,3442.23
SHAHDOL,2017-18,1551.957,36335.457,,,596.882,615.7167,955.075,3017.829,,,3633.55
SHAHID BHAGAT SINGH NAGAR,2009-10,760.808,41999.101,,,253.331,1040.5662,507.477,3159.3439,,,4199.91
SHAHID BHAGAT SINGH NAGAR,2010-11,824.675,46318.237,,,289.284,1224.1642,535.391,3407.6595,,,4631.82
SHAHID BHAGAT SINGH NAGAR,2011-12,889.167,53562.79,,,327.381,1460.1169,561.786,3896.1621,,,5356.28
SHAHID BHAGAT SINGH NAGAR,2012-13,990.788,61856.164,,,364.386,1733.9759,626.402,4451.6405,,,6185.62
SHAHID BHAGAT SINGH NAGAR,2013-14,1099.005,71333.087,,,413.77,2031.135,685.235,5102.1737,,,7133.31
SHAHID BHAGAT SINGH NAGAR,2014-15,1200.821,78896.134,,,472.763,2284.6527,728.058,5604.9607,,,7889.61
SHAHID BHAGAT SINGH NAGAR,2015-16,1348.527,86137.221,,,551.028,2531.2367,797.499,6082.4854,,,8613.72
SHAHID BHAGAT SINGH NAGAR,2016-17,1451.689,94925.57,,,600.598,2853.7844,851.091,6638.7726,,,9492.56
SHAHID BHAGAT SINGH NAGAR,2017-18,1474.037,100407.051,,,609.079,3012.4464,864.958,7028.2587,,,10040.71
SHAHJAHANPUR,2009-10,1350.666,22720.45,,,710.624,676.1212,315.69,454.4688,324.352,1141.455,2272.04
SHAHJAHANPUR,2010-11,1517.775,26835.26,,,798.54,797.3698,364.423,547.4439,354.812,1338.7123,2683.53
SHAHJAHANPUR,2011-12,1647.659,30915.243,,,870.309,904.0298,403.028,642.5419,374.322,1544.9526,3091.52
SHAHJAHANPUR,2012-13,1820.297,37367.658,,,933.178,1009.027,463.057,768.0478,424.062,1959.691,3736.77
SHAHJAHANPUR,2013-14,2069.703,42191.648,,,1070.9,1092.8331,529.496,907.4883,469.307,2218.8434,4219.16
SHAHJAHANPUR,2014-15,2544.838,47835.539,,,1349.173,1243.1488,661.177,1047.56,534.488,2492.8451,4783.55
SHAHJAHANPUR,2015-16,2868.846,49989.687,,,1506.447,1242.8867,760.061,1078.8881,602.338,2677.1939,4998.97
SHAHJAHANPUR,2016-17,3210.066,62753.696,,,1674.392,1622.4471,879.103,1440.5687,656.571,3212.3538,6275.37
SHAHJAHANPUR,2017-18,3311.803,68728.904,,,1728.82,1757.397,908.818,1574.9485,674.165,3540.5449,6872.89
SHAJAPUR,2009-10,470.345,8043.695,,,197.107,231.6002,273.238,572.7693,,,804.37
SHAJAPUR,2010-11,521.265,9466.193,,,209.011,254.1895,312.254,692.4298,,,946.62
SHAJAPUR,2011-12,624.568,11225.603,,,252.349,285.5913,372.219,836.969,,,1122.56
SHAJAPUR,2012-13,745.379,12679.016,,,293.174,308.6841,452.205,959.2175,,,1267.9
SHAJAPUR,2013-14,607.922,11635.713,,,260.504,296.9747,347.418,866.5966,,,1163.57
SHAJAPUR,2014-15,843.305,12555.132,,,342.184,312.3133,501.121,943.1999,,,1255.51
SHAJAPUR,2015-16,1096.476,13589.414,,,457.887,343.4669,638.589,1015.4745,,,1358.94
SHAJAPUR,2016-17,1224.932,17059.129,,,507.369,452.9067,717.563,1253.0062,,,1705.91
SHAJAPUR,2017-18,1279.093,18044.136,,,536.531,444.5218,742.562,1359.8918,,,1804.41
SHEIKHPURA,2009-10,170.473,4884.958,,,59.638,96.4872,110.835,392.0086,,,488.5
SHEIKHPURA,2010-11,199.397,5364.604,,,64.447,102.5847,134.95,433.8757,,,536.46
SHEIKHPURA,2011-12,219.471,6447.824,,,65.311,114.5411,154.16,530.2413,,,644.78
SHEIKHPURA,2012-13,248.153,7661.021,,,69.356,132.0691,178.797,634.033,,,766.1
SHEIKHPURA,2013-14,329.665,8787.564,,,96.038,158.1113,233.627,720.6451,,,878.76
SHEIKHPURA,2014-15,426.783,9591.862,,,133.309,181.63,293.474,777.5562,,,959.19
SHEIKHPURA,2015-16,545.184,11221.523,,,178.248,227.6697,366.936,894.4826,,,1122.15
SHEIKHPURA,2016-17,644.759,13562.137,,,207.614,287.7993,437.145,1068.4144,,,1356.21
SHEIKHPURA,2017-18,715.734,14513.296,,,240.18,320.6312,475.554,1130.6984,,,1451.33
SHEOHAR,2009-10,105.707,2690.137,,,50.153,60.8,55.554,208.2137,,,269.01
SHEOHAR,2010-11,139.962,3199.388,,,58.637,73.6745,81.325,246.2643,,,319.94
SHEOHAR,2011-12,162.92,3600.127,,,61.735,75.2225,101.185,284.7902,,,360.01
SHEOHAR,2012-13,192.335,3977.539,,,76.859,84.3251,115.476,313.4288,,,397.75
SHEOHAR,2013-14,267.763,4496.148,,,117.691,101.2153,150.072,348.3995,,,449.61
SHEOHAR,2014-15,352.56,4850.189,,,159.068,129.7982,193.492,355.2207,,,485.02
SHEOHAR,2015-16,417.927,5199.193,,,185.327,154.3484,232.6,365.5709,,,519.92
SHEOHAR,2016-17,508.145,6306.47,,,203.755,169.7665,304.39,460.8805,,,630.65
SHEOHAR,2017-18,575.567,7702.407,,,239.355,222.3781,336.212,547.8626,,,770.24
SHEOPUR,2009-10,148.309,3504.764,,,48.578,61.161,99.731,289.3154,,,350.48
SHEOPUR,2010-11,170.424,3463.064,,,58.099,63.2076,112.325,283.0988,,,346.31
SHEOPUR,2011-12,216.015,4276.699,,,72.641,75.0034,143.374,352.6665,,,427.67
SHEOPUR,2012-13,249.403,5276.254,,,82.465,89.9005,166.938,437.7249,,,527.63
SHEOPUR,2013-14,358.698,6069.953,,,111.108,110.22,247.59,496.7753,,,607
SHEOPUR,2014-15,504.078,6057.704,,,133.279,105.9315,370.799,499.8389,,,605.77
SHEOPUR,2015-16,578.778,6417.703,,,171.752,123.8446,407.026,517.9257,,,641.77
SHEOPUR,2016-17,656.963,8206.306,,,130.037,110.3873,526.926,710.2433,,,820.63
SHEOPUR,2017-18,703.567,8876.729,,,155.366,118.3411,548.201,769.3318,,,887.67
SHIMOGA,2009-10,1439.172,39381.659,,,516.757,838.9811,299.109,749.022,623.306,2350.1628,3938.17
SHIMOGA,2010-11,1581.152,47555.473,,,566.76,979.881,317.584,868.129,696.808,2907.5373,4755.55
SHIMOGA,2011-12,1719.379,55770.574,,,610.98,1118.2066,348.973,1005.9529,759.426,3452.8979,5577.06
SHIMOGA,2012-13,2089.939,66124.522,,,730.023,1365.5435,402.498,1155.4922,957.418,4091.4165,6612.45
SHIMOGA,2013-14,2496.045,79282.595,,,907.624,1609.4015,473.764,1394.4938,1114.657,4924.3642,7928.26
SHIMOGA,2014-15,2970.841,90857.755,,,1115.715,1849.5392,565.727,1637.7082,1289.399,5598.5281,9085.78
SHIMOGA,2015-16,3008.503,102058.064,,,1158.361,2112.372,597.349,1839.5774,1252.793,6253.857,10205.81
SHIMOGA,2016-17,3172.744,118409.36,,,1132.346,2359.6532,733.116,2424.5831,1307.282,7056.6997,11840.94
SHIMOGA,2017-18,3314.068,128864.201,,,1206.589,2514.1485,769.049,2597.0601,1338.43,7775.2115,12886.42
SHIVPURI,2009-10,545.037,13147.258,,,183.12,220.8974,197.572,321.1174,164.345,772.711,1314.73
SHIVPURI,2010-11,609.856,14596.396,,,201.193,243.8755,231.94,364.5923,176.723,851.1718,1459.64
SHIVPURI,2011-12,676.475,16617.908,,,218.488,292.3401,262.422,442.7969,195.565,926.6538,1661.79
SHIVPURI,2012-13,564.89,17744.394,,,141.19,337.6754,247.441,512.6525,176.259,924.1115,1774.44
SHIVPURI,2013-14,894.385,20600.46,,,323.092,381.6827,357.437,589.0721,213.856,1089.2912,2060.05
SHIVPURI,2014-15,1288.447,23932.114,,,468.19,397.5966,502.783,621.5029,317.474,1374.1119,2393.21
SHIVPURI,2015-16,1599.512,26399.898,,,587.958,434.137,619.553,707.0083,392.001,1498.8445,2639.99
SHIVPURI,2016-17,1873.294,31259.825,,,669.085,517.5395,744.27,913.6826,459.939,1694.7604,3125.98
SHIVPURI,2017-18,1939.686,33440.301,,,689.391,530.8221,760.328,969.0913,489.967,1844.1167,3344.03
SHOPIAN,2009-10,93.658,3615.374,,,39.25,121.0997,54.408,240.4377,,,361.54
SHOPIAN,2010-11,108.264,4494.783,,,46.784,144.7408,61.48,304.7375,,,449.48
SHOPIAN,2011-12,129.833,4909.771,,,59.543,182.2366,70.29,308.7405,,,490.98
SHOPIAN,2012-13,151.855,5854.668,,,71.789,233.6432,80.066,351.8236,,,585.47
SHOPIAN,2013-14,178.216,6445.452,,,89.275,275.2424,88.941,369.3028,,,644.55
SHOPIAN,2014-15,257.243,6339.478,,,146.935,284.0423,110.308,349.9055,,,633.95
SHOPIAN,2015-16,308.408,7642.598,,,187.176,360.2671,121.232,403.9927,,,764.26
SHOPIAN,2016-17,344.723,8898.966,,,193.538,377.8324,151.185,512.0642,,,889.9
SHOPIAN,2017-18,372.128,10054.075,,,215.61,446.1033,156.518,559.3042,,,1005.41
SHRAVASTI,2009-10,560.832,6695.96,,,495.126,486.1544,65.706,183.4416,,,669.6
SHRAVASTI,2010-11,577.078,7496.307,,,511.56,539.4748,65.518,210.1559,,,749.63
SHRAVASTI,2011-12,720.996,8398.721,,,622.906,605.3007,98.09,234.5714,,,839.87
SHRAVASTI,2012-13,828.149,10128.772,,,712.788,726.1687,115.361,286.7085,,,1012.88
SHRAVASTI,2013-14,1050.416,11633.395,,,911.288,823.0908,139.128,340.2487,,,1163.34
SHRAVASTI,2014-15,1029.862,13336.97,,,901.802,942.3337,128.06,391.3633,,,1333.7
SHRAVASTI,2015-16,1135.887,12066.533,,,945.627,784.2499,190.26,422.4034,,,1206.65
SHRAVASTI,2016-17,1209.496,14528.03,,,941.912,909.8638,267.584,542.9392,,,1452.8
SHRAVASTI,2017-18,1268.368,15569.218,,,983.456,973.7621,284.912,583.1597,,,1556.92
SIBSAGAR,2009-10,565.269,14211.572,,,316.192,399.8873,249.077,1021.2699,,,1421.16
SIBSAGAR,2010-11,630.944,17273.297,,,359.959,507.3308,270.985,1219.9989,,,1727.33
SIBSAGAR,2011-12,700.848,20011.346,,,401.281,614.3344,299.567,1386.8002,,,2001.13
SIBSAGAR,2012-13,767.199,23113.065,,,440.086,708.8552,327.113,1602.4513,,,2311.31
SIBSAGAR,2013-14,899.59,26063.842,,,519.129,830.3712,380.461,1776.013,,,2606.38
SIBSAGAR,2014-15,1082.78,30940.175,,,632.79,951.7747,449.99,2142.2428,,,3094.02
SIBSAGAR,2015-16,1237.797,37400.674,,,706.431,1172.1762,531.366,2567.8912,,,3740.07
SIBSAGAR,2016-17,1551.66,43444.622,,,923.783,1422.9352,627.877,2921.527,,,4344.46
SIBSAGAR,2017-18,1325.549,42781.396,,,778.811,1390.6021,546.738,2887.5375,,,4278.14
SIDDHARTHANAGAR,2009-10,916.782,14224.57,,,842.352,1214.275,74.43,208.182,,,1422.46
SIDDHARTHANAGAR,2010-11,972.409,15925.893,,,887.441,1363.3146,84.968,229.2747,,,1592.59
SIDDHARTHANAGAR,2011-12,1045.588,17672.009,,,950.037,1509.3315,95.551,257.8694,,,1767.2
SIDDHARTHANAGAR,2012-13,1385.808,21695.623,,,1267.366,1838.8613,118.442,330.701,,,2169.56
SIDDHARTHANAGAR,2013-14,1580.618,25165.236,,,1447.643,2101.7873,132.975,414.7363,,,2516.52
SIDDHARTHANAGAR,2014-15,1901.659,28861.842,,,1738.804,2402.9471,162.855,483.2371,,,2886.18
SIDDHARTHANAGAR,2015-16,2172.945,32515.641,,,1883.267,2295.0273,289.678,956.5368,,,3251.56
SIDDHARTHANAGAR,2016-17,2361.369,39905.166,,,1904.353,2422.5777,457.016,1567.9389,,,3990.52
SIDDHARTHANAGAR,2017-18,2466.581,42595.866,,,1987.162,2588.0487,479.419,1671.5379,,,4259.59
SIDDIPET,2017-18,1589.863,31599.492,,,663.854,1046.1582,926.009,2113.791,,,3159.95
SIDHI,2009-10,324.012,8377.15,,,205.26,314.339,118.752,523.376,,,837.71
SIDHI,2010-11,415.213,9793.513,,,277.463,377.1258,137.75,602.2255,,,979.35
SIDHI,2011-12,461.426,11285.545,,,309.57,436.2629,151.856,692.2916,,,1128.55
SIDHI,2012-13,527.661,14364.79,,,339.66,539.4983,188.001,896.9807,,,1436.48
SIDHI,2013-14,623.051,16713.93,,,387.34,652.585,235.711,1018.808,,,1671.39
SIDHI,2014-15,814.238,18298.543,,,501.92,689.4028,312.318,1140.4515,,,1829.85
SIDHI,2015-16,1024.203,21023.831,,,615.52,781.3129,408.683,1321.0702,,,2102.38
SIDHI,2016-17,1159.679,25095.272,,,541.745,754.5137,617.934,1755.0135,,,2509.53
SIDHI,2017-18,1232.892,26442.011,,,579.231,799.6159,653.661,1844.5852,,,2644.2
SIKAR,2009-10,1021.271,26739.586,,,303.126,556.217,455.644,1234.7953,262.501,882.9463,2673.96
SIKAR,2010-11,1180.89,30706.158,,,374.478,686.1745,524.403,1354.5655,282.009,1029.8758,3070.62
SIKAR,2011-12,1355.732,36804.627,,,433.775,855.4659,599.057,1637.5638,322.9,1187.433,3680.46
SIKAR,2012-13,1579.325,42023.508,,,498.023,939.5697,714.727,1898.9775,366.575,1363.8036,4202.35
SIKAR,2013-14,1854.558,48683.827,,,597.696,1084.1787,846.133,2246.4645,410.729,1537.7395,4868.38
SIKAR,2014-15,2281.669,55513.571,,,729.225,1239.2078,1065.642,2549.8498,486.802,1762.2995,5551.36
SIKAR,2015-16,2805.781,63146.356,,,992.33,1422.4153,1273.479,2865.9356,539.972,2026.2847,6314.64
SIKAR,2016-17,3095.101,80071.91,,,1021.292,1642.1869,1467.272,3760.4595,606.537,2604.5446,8007.19
SIKAR,2017-18,3288.518,84988.685,,,1081.309,1733.523,1560.208,3874.3646,647.001,2890.9809,8498.87
SIMDEGA,2009-10,171.287,4121.439,,,109.556,163.0907,61.731,249.0532,,,412.14
SIMDEGA,2010-11,205.751,5459.134,,,136.932,207.578,68.819,338.3354,,,545.91
SIMDEGA,2011-12,244.295,6256.834,,,154.64,235.344,89.655,390.3394,,,625.68
SIMDEGA,2012-13,267.589,7327.576,,,167.134,251.333,100.455,481.4246,,,732.76
SIMDEGA,2013-14,340.308,7653.881,,,214,270.7455,126.308,494.6426,,,765.39
SIMDEGA,2014-15,392.668,9007.563,,,252.438,321.9192,140.23,578.8371,,,900.76
SIMDEGA,2015-16,551.991,10046.658,,,370.457,397.4634,181.534,607.2024,,,1004.67
SIMDEGA,2016-17,642.247,12372.03,,,439.48,496.4012,202.767,740.8018,,,1237.2
SIMDEGA,2017-18,704.657,13309.731,,,487.344,545.6551,217.313,785.318,,,1330.97
SIMLA,2009-10,791.129,84123.266,,,401.715,1485.5144,,,389.414,6926.8122,8412.33
SIMLA,2010-11,857.583,101066.379,,,441.156,1776.508,,,416.427,8330.1299,10106.64
SIMLA,2011-12,969.93,114412.843,,,506.37,2064.1775,,,463.56,9377.1068,11441.28
SIMLA,2012-13,1014.6,129912.346,,,525.279,2495.8916,,,489.321,10495.343,12991.23
SIMLA,2013-14,1122.192,143592.195,,,598.585,3039.9304,,,523.607,11319.2891,14359.22
SIMLA,2014-15,1247.787,149718.843,,,681.349,3704.7231,,,566.438,11267.1612,14971.88
SIMLA,2015-16,1370.616,159655.449,,,761.267,4123.1673,,,609.349,11842.3776,15965.54
SIMLA,2016-17,1496.152,176812.555,,,846.814,4995.3981,,,649.338,12685.8574,17681.26
SIMLA,2017-18,1538.259,183320.375,,,881.987,5360.6213,,,656.272,12971.4162,18332.04
SINDHUDURG,2009-10,664.649,17616.827,,,371.54,886.379,293.109,875.3037,,,1761.68
SINDHUDURG,2010-11,714.986,20901.613,,,403.828,1050.5677,311.158,1039.5936,,,2090.16
SINDHUDURG,2011-12,795.068,24186.093,,,448.321,1207.4062,346.747,1211.2031,,,2418.61
SINDHUDURG,2012-13,922.954,28167.819,,,533.823,1452.5767,389.131,1364.2052,,,2816.78
SINDHUDURG,2013-14,1008.914,33002.59,,,586.278,1733.0142,422.636,1567.2448,,,3300.26
SINDHUDURG,2014-15,1138.944,37140.205,,,663.02,1926.2541,475.924,1787.7664,,,3714.02
SINDHUDURG,2015-16,1241.222,40641.173,,,718.062,2092.3143,523.16,1971.803,,,4064.12
SINDHUDURG,2016-17,1320.262,48252.388,,,747.682,2461.5864,572.58,2363.6524,,,4825.24
SINDHUDURG,2017-18,1405.829,54206.925,,,815.932,2785.3422,589.897,2635.3503,,,5420.69
SINGRAULI,2009-10,392.605,43340.781,,,218.954,644.8892,14.946,100.6742,158.705,3588.5147,4334.08
SINGRAULI,2010-11,503.14,41948.438,,,309.72,828.0963,15.02,115.386,178.4,3251.3615,4194.84
SINGRAULI,2011-12,545.828,39167.034,,,334.188,888.1097,13.958,122.8404,197.682,2905.7533,3916.7
SINGRAULI,2012-13,713.171,45003.733,,,471.879,1059.926,14.501,148.6045,226.791,3291.8428,4500.37
SINGRAULI,2013-14,738.766,55565.369,,,474.124,1405.1177,15.134,191.0228,249.508,3960.3964,5556.54
SINGRAULI,2014-15,880.486,63310.365,,,580.263,1335.6184,14.892,162.2683,285.331,4833.1498,6331.04
SINGRAULI,2015-16,1133.791,69428.538,,,700.408,925.6483,,,433.383,6017.2055,6942.85
SINGRAULI,2016-17,1290.398,65977.663,,,819.958,1158.6875,,,470.44,5439.0788,6597.77
SINGRAULI,2017-18,1348.516,68253.045,,,858.958,1205.2405,,,489.558,5620.064,6825.3
SIRMAUR,2009-10,276.994,9352.693,,,164.971,445.3612,112.023,489.9081,,,935.27
SIRMAUR,2010-11,318.645,10934.757,,,186.54,498.48,132.105,594.9957,,,1093.48
SIRMAUR,2011-12,365.595,13107.763,,,216.395,566.53,149.2,744.2463,,,1310.78
SIRMAUR,2012-13,405.434,16078.538,,,238.179,725.2314,167.255,882.6224,,,1607.85
SIRMAUR,2013-14,467.513,18522.92,,,281.507,819.5819,186.006,1032.7101,,,1852.29
SIRMAUR,2014-15,544.583,21253.799,,,327.122,961.4005,217.461,1163.9794,,,2125.38
SIRMAUR,2015-16,620.122,24224.314,,,366.168,1097.5129,253.954,1324.9185,,,2422.43
SIRMAUR,2016-17,707.749,30350.95,,,422.54,1385.0878,285.209,1650.0072,,,3035.1
SIRMAUR,2017-18,748.57,33289.826,,,466.119,1604.8106,282.451,1724.172,,,3328.98
SIROHI,2009-10,431.167,14014.546,,,173.898,381.3963,257.269,1020.0583,,,1401.45
SIROHI,2010-11,472.086,16187.076,,,187.413,438.9319,284.673,1179.7757,,,1618.71
SIROHI,2011-12,503.686,18500.686,,,201.519,506.0027,302.167,1344.0659,,,1850.07
SIROHI,2012-13,568.849,21688.612,,,223.993,598.1708,344.856,1570.6904,,,2168.86
SIROHI,2013-14,665.364,24701.894,,,269.723,666.6839,395.641,1803.5055,,,2470.19
SIROHI,2014-15,863.503,28222.949,,,367.64,747.2566,495.863,2075.0383,,,2822.29
SIROHI,2015-16,1077.841,30603.385,,,471.515,746.5739,606.326,2313.7646,,,3060.34
SIROHI,2016-17,1162.109,38676.462,,,418.015,776.9844,744.094,3090.6618,,,3867.65
SIROHI,2017-18,1250.887,40280.033,,,459.744,826.9247,791.143,3201.0786,,,4028
SIRSA,2009-10,716.219,20443.252,,,234.494,416.1068,200.526,564.5018,281.199,1063.7166,2044.33
SIRSA,2010-11,819.236,23916.66,,,276.628,500.4037,227.074,639.0138,315.534,1252.2485,2391.67
SIRSA,2011-12,899.593,24958.196,,,301.405,504.6498,261.404,678.8655,336.784,1312.3043,2495.82
SIRSA,2012-13,1032.128,29291.511,,,348.317,567.2496,299.006,813.1702,384.805,1548.7313,2929.15
SIRSA,2013-14,1357.507,34971.887,,,441.891,681.5443,352.1,1023.499,563.516,1792.1454,3497.19
SIRSA,2014-15,1550.041,42383.042,,,509.438,790.6188,416.615,1138.1937,623.988,2309.4917,4238.3
SIRSA,2015-16,1851.552,46167.83,,,633.665,882.3144,517.7,1303.4492,700.187,2431.0194,4616.78
SIRSA,2016-17,2098.064,56919.901,,,694.38,1178.043,638.794,1660.9867,764.89,2852.9604,5691.99
SIRSA,2017-18,2171.314,63958.676,,,722.556,1239.4171,657.934,1810.2414,790.824,3346.2091,6395.87
SITAMARHI,2009-10,609.149,17709.759,,,266.032,453.1331,343.117,1317.8428,,,1770.98
SITAMARHI,2010-11,777.949,20006.409,,,330.431,529.9073,447.518,1470.7336,,,2000.64
SITAMARHI,2011-12,937.098,24916.185,,,407.843,759.8257,529.255,1731.7928,,,2491.62
SITAMARHI,2012-13,1122.185,27148.225,,,455.912,683.7601,666.273,2031.0624,,,2714.82
SITAMARHI,2013-14,1348.677,30175.858,,,560.12,778.4505,788.557,2239.1353,,,3017.59
SITAMARHI,2014-15,1646.847,32963.784,,,682.142,831.9978,964.705,2464.3806,,,3296.38
SITAMARHI,2015-16,2264.8,35803.637,,,923.345,870.9184,1341.455,2709.4453,,,3580.36
SITAMARHI,2016-17,2676.045,44495.912,,,790.271,756.9985,1885.774,3692.5927,,,4449.59
SITAMARHI,2017-18,2970.699,49279.366,,,902.857,910.9743,2067.842,4016.9623,,,4927.94
SITAPUR,2009-10,1884.798,25083.794,,,1164.638,874.6837,421.815,590.3063,298.345,1043.3894,2508.38
SITAPUR,2010-11,2104.769,30457.263,,,1320.539,1055.861,479.344,728.1202,304.886,1261.7451,3045.73
SITAPUR,2011-12,2089.776,33955.274,,,1243.648,1132.6622,489.948,841.3183,356.18,1421.5469,3395.53
SITAPUR,2012-13,2441.011,40685.273,,,1429.436,1309.5578,602.257,1054.7064,409.318,1704.2631,4068.53
SITAPUR,2013-14,2784.974,45665.882,,,1610.22,1335.6362,723.605,1227.0015,451.149,2003.9505,4566.59
SITAPUR,2014-15,3190.616,51757.059,,,1815.721,1610.8716,851.74,1401.6434,523.155,2163.1909,5175.71
SITAPUR,2015-16,3844.319,56916.396,,,2159.161,1711.1386,1074.767,1673.186,610.391,2307.315,5691.64
SITAPUR,2016-17,4332.018,70234.177,,,2382.173,2129.7932,1263.405,2119.0953,686.44,2774.5292,7023.42
SITAPUR,2017-18,4526.843,78269.463,,,2507.499,2338.9192,1337.115,2421.4948,682.229,3066.5323,7826.95
SIVAGANGA,2009-10,1098.94,27820.452,,,395.904,695.1972,703.036,2086.848,,,2782.05
SIVAGANGA,2010-11,1231.455,32163.361,,,478.51,807.9722,752.945,2408.3639,,,3216.34
SIVAGANGA,2011-12,1286.143,37157.736,,,474.494,951.6104,811.649,2764.1632,,,3715.77
SIVAGANGA,2012-13,1445.577,41523.289,,,524.201,1101.737,921.376,3050.5919,,,4152.33
SIVAGANGA,2013-14,1835.13,46666.559,,,719.695,1249.5329,1115.435,3417.123,,,4666.66
SIVAGANGA,2014-15,2052.614,53801.31,,,805.522,1440.9588,1247.092,3939.1722,,,5380.13
SIVAGANGA,2015-16,2250.091,61833.499,,,867.166,1612.3417,1382.925,4571.0082,,,6183.35
SIVAGANGA,2016-17,2514.283,71601.839,,,821.661,1642.4885,1242.448,3089.2347,450.174,2428.4607,7160.18
SIVAGANGA,2017-18,2614.98,75363.232,,,862.742,1684.0666,1298.063,3253.8235,454.175,2598.4331,7536.32
SIWAN,2009-10,1241.782,32027.702,,,832.157,1593.755,182.382,409.839,227.243,1199.1762,3202.77
SIWAN,2010-11,1369.549,35298.236,,,885.018,1716.4438,189.022,464.5911,295.509,1348.7887,3529.82
SIWAN,2011-12,1527.624,42220.507,,,987.446,2003.8296,233.038,555.9009,307.14,1662.3202,4222.05
SIWAN,2012-13,1830.656,49591.827,,,1177.228,2368.6058,300.101,667.8327,353.327,1922.7442,4959.18
SIWAN,2013-14,2128.615,58781.505,,,1355.769,2842.5936,361.83,798.4299,411.016,2237.127,5878.15
SIWAN,2014-15,2570.261,67699.041,,,1611.541,3231.5818,480.12,929.6229,478.6,2608.6994,6769.9
SIWAN,2015-16,3256.596,76947.728,,,1967.904,3552.0165,686.978,1170.9507,601.714,2971.8056,7694.77
SIWAN,2016-17,3686.6,90343.849,,,1822.285,3351.2492,1204.942,2340.3403,659.373,3342.7954,9034.38
SIWAN,2017-18,4073.977,96045.452,,,2013.797,3625.0704,1332.245,2534.421,727.935,3445.0538,9604.55
SOLAN,2009-10,648.359,28214.355,,,420.614,1727.2877,227.745,1094.1478,,,2821.44
SOLAN,2010-11,725.594,33410.324,,,459.753,1984.7315,265.841,1356.3009,,,3341.03
SOLAN,2011-12,818.173,38918.328,,,517.528,2270.4528,300.645,1621.38,,,3891.83
SOLAN,2012-13,904.954,46624.23,,,565.913,2692.2526,339.041,1970.1704,,,4662.42
SOLAN,2013-14,1021.553,51309.854,,,643.718,3034.5183,377.835,2096.4671,,,5130.99
SOLAN,2014-15,1166.737,59806.594,,,732.08,3584.7562,434.657,2395.9032,,,5980.66
SOLAN,2015-16,1317.083,68935.149,,,807.974,3927.2501,509.109,2966.2648,,,6893.51
SOLAN,2016-17,1463.464,82821.967,,,728.081,4008.4068,735.383,4273.7899,,,8282.2
SOLAN,2017-18,1598.939,92819.353,,,798.849,4471.3543,800.09,4810.581,,,9281.94
SOLAPUR,2009-10,1579.964,48676.702,,,425.596,764.4751,503.903,1383.4463,650.465,2719.7488,4867.67
SOLAPUR,2010-11,1824.727,56965.813,,,488.362,883.0369,584.244,1582.3196,752.121,3231.2248,5696.58
SOLAPUR,2011-12,2178.786,65567.646,,,589.424,1037.1546,700.086,1796.7507,889.276,3722.8593,6556.76
SOLAPUR,2012-13,2652.73,77413.381,,,740.137,1273.8231,887.847,2193.2161,1024.746,4274.2989,7741.34
SOLAPUR,2013-14,3074.676,97993.783,,,882.518,1472.9589,1013.063,2887.5099,1179.095,5438.9095,9799.38
SOLAPUR,2014-15,3689.705,112075.368,,,1046.534,1772.5355,1198.324,3072.0616,1444.847,6362.9397,11207.54
SOLAPUR,2015-16,4287.919,121506.653,,,1224.721,2054.6888,1411.072,3606.7568,1652.126,6489.2197,12150.67
SOLAPUR,2016-17,4732.625,142686.903,,,1337.127,2270.7787,1610.407,4266.9098,1785.091,7731.0018,14268.69
SOLAPUR,2017-18,5234.457,154478.23,,,1537.975,2545.943,1799.931,4638.5292,1896.551,8263.3508,15447.82
SONBHADRA,2009-10,858.497,28614.814,,,547.469,1052.3594,311.028,1809.122,,,2861.48
SONBHADRA,2010-11,914.045,29306.266,,,555.144,1277.4626,358.901,1653.164,,,2930.63
SONBHADRA,2011-12,1123.304,33699.517,,,714.824,1421.9287,408.48,1948.023,,,3369.95
SONBHADRA,2012-13,1335.364,38276.692,,,849.684,1610.7308,485.68,2216.9384,,,3827.67
SONBHADRA,2013-14,1556.291,45617.284,,,973.751,1898.2239,582.54,2663.5045,,,4561.73
SONBHADRA,2014-15,1686.304,51971.369,,,1029.055,2151.6404,657.249,3045.4965,,,5197.14
SONBHADRA,2015-16,2124.57,56178.89,,,1324.888,2518.9057,799.682,3098.9833,,,5617.89
SONBHADRA,2016-17,2314.45,64435.734,,,1243.997,2283.7401,1070.453,4159.8333,,,6443.57
SONBHADRA,2017-18,2398.348,72676.725,,,1296.403,2529.028,1101.945,4738.6445,,,7267.67
SONEPUR,2009-10,200.034,4362.924,,,151.381,201.9694,48.653,234.323,,,436.29
SONEPUR,2010-11,223.733,5294.65,,,151.271,233.4893,72.462,295.9757,,,529.46
SONEPUR,2011-12,291.529,6322.57,,,200.499,280.2424,91.03,352.0146,,,632.26
SONEPUR,2012-13,315.032,7798.269,,,214.84,365.9784,100.192,413.8485,,,779.83
SONEPUR,2013-14,395.375,8992.531,,,261.675,418.001,133.7,481.2521,,,899.25
SONEPUR,2014-15,521.628,10349.268,,,346.348,474.9225,175.28,560.0043,,,1034.93
SONEPUR,2015-16,611.683,11276.88,,,399.551,519.9508,212.132,607.7372,,,1127.69
SONEPUR,2016-17,729.046,12675.729,,,473.94,621.1541,255.106,646.4188,,,1267.57
SONEPUR,2017-18,783.156,13839.619,,,504.85,664.1813,278.306,719.7806,,,1383.96
SONIPAT,2009-10,998.261,47557.607,,,311.497,1068.0716,241.884,945.6475,444.88,2742.0416,4755.76
SONIPAT,2010-11,1110.618,53551.598,,,351.843,1269.1672,273.212,1004.3108,485.563,3081.6818,5355.16
SONIPAT,2011-12,1195.288,63072.642,,,398.558,1520.3368,295.847,1216.0982,500.883,3570.8292,6307.26
SONIPAT,2012-13,1379.545,81729.566,,,474.813,1863.4699,348.371,1615.3346,556.361,4694.1521,8172.96
SONIPAT,2013-14,1682.364,88908.332,,,634.458,2368.775,425.371,1860.1396,622.535,4661.9186,8890.83
SONIPAT,2014-15,1827.588,97511.338,,,672.515,2541.175,462.819,1983.5043,692.254,5226.4545,9751.13
SONIPAT,2015-16,2152.152,108166.485,,,821.735,2776.2798,552.953,2213.5228,777.464,5826.8459,10816.65
SONIPAT,2016-17,2398.179,133099.434,,,794.319,2671.1653,755.047,3581.0029,848.813,7057.7752,13309.94
SONIPAT,2017-18,2498.139,152453.054,,,836.509,3018.6756,794.247,4302.4331,867.383,7924.1967,15245.31
SONITPUR,2009-10,871.433,16904.283,,,464.382,434.7826,407.051,1255.6457,,,1690.43
SONITPUR,2010-11,914.421,20025.66,,,477.303,532.2624,437.118,1470.3036,,,2002.57
SONITPUR,2011-12,1043.382,23196.51,,,550.611,609.7539,492.771,1709.8971,,,2319.65
SONITPUR,2012-13,1119.339,26414.256,,,583.018,699.5402,536.321,1941.8854,,,2641.43
SONITPUR,2013-14,1267.827,29860.282,,,661.721,800.4507,606.106,2185.5775,,,2986.03
SONITPUR,2014-15,1548.646,35666.83,,,810.816,996.8426,737.83,2569.8404,,,3566.68
SONITPUR,2015-16,1881.402,41552.948,,,973.827,1252.7155,907.575,2902.5793,,,4155.29
SONITPUR,2016-17,2288.924,47498.611,,,1213.426,1439.977,1075.498,3309.8841,,,4749.86
SONITPUR,2017-18,1873.911,41883.273,,,933.785,1130.9668,940.126,3057.3605,,,4188.33
SOUTH 24 PARGANAS,2009-10,2971.68,71715.846,,,1821.284,3580.5797,852.228,2412.7498,298.168,1178.2551,7171.58
SOUTH 24 PARGANAS,2010-11,3442.515,88257.835,,,2137.758,4476.8684,947.129,2877.8172,357.628,1471.0979,8825.78
SOUTH 24 PARGANAS,2011-12,3376.359,95114.162,,,2027.744,4641.5112,1012.728,3225.9638,335.887,1643.9412,9511.42
SOUTH 24 PARGANAS,2012-13,4740.989,135134.287,,,2990.454,6908.5642,1301.419,4268.4453,449.116,2336.4192,13513.43
SOUTH 24 PARGANAS,2013-14,5676.125,167770.141,,,3659.608,8505.9578,1490.048,5232.574,526.469,3038.4823,16777.01
SOUTH 24 PARGANAS,2014-15,7038.105,199154.896,,,4588.927,10064.5453,1827.104,6165.0916,622.074,3685.8527,19915.49
SOUTH 24 PARGANAS,2015-16,8797.182,229569.408,,,5788.629,11683.8615,2132.578,6381.7286,875.975,4891.3507,22956.94
SOUTH 24 PARGANAS,2016-17,10518.544,271279.649,,,6559.543,13602.1678,2979.019,7641.4618,979.982,5884.3353,27127.96
SOUTH 24 PARGANAS,2017-18,11075.555,286541.702,,,6913.328,14162.0506,3131.117,8177.0949,1031.11,6315.0247,28654.17
SOUTH ANDAMAN,2009-10,213.585,13704.443,,,57.239,168.6145,156.346,1201.8298,,,1370.44
SOUTH ANDAMAN,2010-11,244.276,15248.31,0,0,65.622,196.0092,178.654,1328.8218,,,1524.83
SOUTH ANDAMAN,2011-12,281.366,17015.277,,,79.968,246.5079,201.398,1455.0198,,,1701.53
SOUTH ANDAMAN,2012-13,314.318,19924.673,,,88.203,301.8767,226.115,1690.5906,,,1992.47
SOUTH ANDAMAN,2013-14,340.519,22042.461,,,97.581,356.7805,242.938,1847.4656,,,2204.25
SOUTH ANDAMAN,2014-15,397.617,25111.892,,,122.202,444.4548,275.415,2066.7344,,,2511.19
SOUTH ANDAMAN,2015-16,423.137,27659.053,,,136.531,507.7477,286.606,2258.1576,,,2765.91
SOUTH ANDAMAN,2016-17,447.882,35467.07,,,98.241,412.7324,52.016,220.3854,297.625,2913.5892,3546.71
SOUTH ANDAMAN,2017-18,460.748,40291.551,,,100.987,491.8169,55.73,248.2077,304.031,3289.1305,4029.16
SOUTH GARO HILLS,2009-10,11.871,532.382,,,11.871,53.2382,,,,,53.24
SOUTH GARO HILLS,2010-11,15.397,848.818,,,15.397,84.8818,,,,,84.88
SOUTH GARO HILLS,2011-12,19.142,919.151,,,19.142,91.9151,,,,,91.92
SOUTH GARO HILLS,2012-13,21.87,1074.468,,,21.87,107.4468,,,,,107.45
SOUTH GARO HILLS,2013-14,25.866,1162.317,,,25.866,116.2317,,,,,116.23
SOUTH GARO HILLS,2014-15,28.671,1167.205,,,28.671,116.7205,,,,,116.72
SOUTH GARO HILLS,2015-16,34.352,1144.937,,,34.352,114.4937,,,,,114.49
SOUTH GARO HILLS,2016-17,40.495,1386.254,,,18.473,22.1822,22.022,116.4432,,,138.63
SOUTH GARO HILLS,2017-18,43.905,1407.832,,,19.871,22.897,24.034,117.8862,,,140.78
SOUTH GOA,2009-10,1502.663,126698.669,,,454.182,2229.6784,1048.481,10440.1885,,,12669.87
SOUTH GOA,2010-11,1643.011,140574.266,,,486.269,2516.653,1156.742,11540.7736,,,14057.43
SOUTH GOA,2011-12,1718.759,168502.174,,,520.431,2979.2763,1198.328,13870.9411,,,16850.22
SOUTH GOA,2012-13,1932.38,176357.317,,,607.184,3545.4407,1325.196,14090.291,,,17635.73
SOUTH GOA,2013-14,2127.989,197124.854,,,684.624,4209.3874,1443.365,15503.098,,,19712.49
SOUTH GOA,2014-15,2289.027,224710.467,,,748.16,4867.8886,1540.867,17603.1581,,,22471.05
SOUTH GOA,2015-16,2441.883,243979.204,,,771.728,5381.9959,1670.155,19015.9245,,,24397.92
SOUTH GOA,2016-17,2575.333,263230.795,,,794.647,6099.7103,1780.686,20223.3692,,,26323.08
SOUTH GOA,2017-18,2583.252,275281.527,,,789.794,6581.5183,1793.458,20946.6344,,,27528.15
SOUTH SALMARA-MANKACHAR,2017-18,238.621,1917.67,,,182.455,99.3805,56.166,92.3865,,,191.77
SOUTH SIKKIM,2009-10,46.919,2009.767,,,46.919,200.9767,,,,,200.98
SOUTH SIKKIM,2010-11,57.409,2427.601,,,57.409,242.7601,,,,,242.76
SOUTH SIKKIM,2011-12,64.092,3141.071,,,64.092,314.1071,,,,,314.11
SOUTH SIKKIM,2012-13,77.94,3935.052,,,77.94,393.5052,,,,,393.51
SOUTH SIKKIM,2013-14,101.772,4718.462,,,101.772,471.8462,,,,,471.85
SOUTH SIKKIM,2014-15,133.15,5486.604,,,133.15,548.6604,,,,,548.66
SOUTH SIKKIM,2015-16,155.418,6319.145,,,155.418,631.9145,,,,,631.91
SOUTH SIKKIM,2016-17,177.446,7757.37,,,106.768,449.5899,70.678,326.1471,,,775.74
SOUTH SIKKIM,2017-18,183.355,9313.919,,,112.684,487.1385,70.671,444.2534,,,931.39
SOUTH TRIPURA,2009-10,379.224,8810.338,,,245.044,392.6298,134.18,488.404,,,881.03
SOUTH TRIPURA,2010-11,434.536,9965.942,,,284.282,432.1858,150.254,564.4084,,,996.59
SOUTH TRIPURA,2011-12,483.447,11745.609,,,310.184,496.8573,173.263,677.7036,,,1174.56
SOUTH TRIPURA,2012-13,291.183,6458.603,,,190.637,302.2048,100.546,343.6555,,,645.86
SOUTH TRIPURA,2013-14,416.92,7265.526,,,294.954,379.0748,121.966,347.4778,,,726.55
SOUTH TRIPURA,2014-15,503.791,8500.34,,,361.574,447.4189,142.217,402.6151,,,850.03
SOUTH TRIPURA,2015-16,804.06,17878.868,,,397.818,499.1748,406.242,1288.712,,,1787.89
SOUTH TRIPURA,2016-17,938.844,20955.991,,,493.801,689.5372,445.043,1406.0619,,,2095.6
SOUTH TRIPURA,2017-18,995.467,22442.102,,,527.938,771.3475,467.529,1472.8627,,,2244.21
SOUTH WEST GARO HILLS,2015-16,90.311,1516.306,,,90.311,151.6306,,,,,151.63
SOUTH WEST GARO HILLS,2016-17,110.84,2196.835,,,110.84,219.6835,,,,,219.68
SOUTH WEST GARO HILLS,2017-18,116.931,2438.474,,,116.931,243.8474,,,,,243.85
SOUTH WEST KHASI HILLS,2015-16,60.966,1180.82,,,60.966,118.082,,,,,118.08
SOUTH WEST KHASI HILLS,2016-17,70.905,1634.031,,,70.905,163.4031,,,,,163.4
SOUTH WEST KHASI HILLS,2017-18,77.116,1638.351,,,77.116,163.8351,,,,,163.84
SRIKAKULAM,2009-10,1658.609,26847.222,,,726.633,643.1611,661.679,1017.3802,270.297,1024.1809,2684.72
SRIKAKULAM,2010-11,1777.715,27445.3,,,746.144,693.4459,732.884,1092.9683,298.687,958.1158,2744.53
SRIKAKULAM,2011-12,2134.913,32958.645,,,924.511,862.2265,869.264,1285.8374,341.138,1147.8006,3295.86
SRIKAKULAM,2012-13,3461.004,38853.788,,,1540.468,1023.9119,1510.89,1531.0797,409.646,1330.3872,3885.38
SRIKAKULAM,2013-14,3893.574,44586.741,,,1807.387,1225.7521,1627.634,1767.4695,458.553,1465.4525,4458.67
SRIKAKULAM,2014-15,4547.323,54344.046,,,2174.293,1549.4313,1848.291,2107.5887,524.739,1777.3846,5434.4
SRIKAKULAM,2015-16,4858.904,67589.302,,,2310.764,1869.6008,1986.586,2463.6356,561.554,2425.6938,6758.93
SRIKAKULAM,2016-17,5169.358,87570.141,,,2409.888,2561.7967,2153.115,3126.4379,606.355,3068.7795,8757.01
SRIKAKULAM,2017-18,5256.104,91416.202,,,2454.756,2810.2707,2181.222,3238.7496,620.126,3092.5999,9141.62
SRINAGAR,2009-10,1519.304,91566.474,,,263.324,1293.5849,,,1255.98,7863.0625,9156.65
SRINAGAR,2010-11,1615.472,114627.577,,,272.964,1561.942,,,1342.508,9900.8157,11462.76
SRINAGAR,2011-12,1547.937,142641.203,,,304.973,1882.1237,,,1242.964,12381.9966,14264.12
SRINAGAR,2012-13,1580.447,161042.492,,,305.174,2125.6684,,,1275.273,13978.5808,16104.25
SRINAGAR,2013-14,1725.282,174489.511,,,341.205,2369.9283,,,1384.077,15079.0228,17448.95
SRINAGAR,2014-15,1924.1,196097.402,,,389.804,2591.5919,,,1534.296,17018.1483,19609.74
SRINAGAR,2015-16,2014.222,186060.26,,,203.288,1300.1503,,,1810.934,17305.8757,18606.03
SRINAGAR,2016-17,2160.13,210275.728,1945.95,19689.2238,214.18,1338.349,,,,,21027.57
SRINAGAR,2017-18,2236.914,232714.295,2013.297,21713.2659,223.617,1558.1636,,,,,23271.43
SUKMA,2012-13,73.316,2449.469,,,73.316,244.9469,,,,,244.95
SUKMA,2013-14,85.985,2915.288,,,85.985,291.5288,,,,,291.53
SUKMA,2014-15,111.933,3688.198,,,111.933,368.8198,,,,,368.82
SUKMA,2015-16,147.892,4101.184,,,147.892,410.1184,,,,,410.12
SUKMA,2016-17,176.931,4592.895,,,96.853,162.7091,80.078,296.5804,,,459.29
SUKMA,2017-18,213.685,5221.21,,,132.3,199.1854,81.385,322.9356,,,522.12
SULTANPUR,2009-10,2132.329,31775.916,,,1753.379,1921.6076,118.781,223.5425,260.169,1032.4415,3177.59
SULTANPUR,2010-11,2360.185,37369.189,,,1919.824,2278.4876,135.127,269.7636,305.234,1188.6677,3736.92
SULTANPUR,2011-12,1565.772,28681.408,,,1233.552,1461.5974,45.546,62.7411,286.674,1343.8023,2868.14
SULTANPUR,2012-13,1675.748,34275.202,,,1310.554,1759.9298,48.621,77.9932,316.573,1589.5972,3427.52
SULTANPUR,2013-14,1978.098,40704.343,,,1562.089,2122.5254,57.271,91.9346,358.738,1855.9743,4070.43
SULTANPUR,2014-15,2349.061,47262.387,,,1868.941,2480.646,71.487,109.3659,408.633,2136.2268,4726.24
SULTANPUR,2015-16,2530.911,53261.836,,,1994.943,2836.9733,86.292,125.5993,449.676,2363.611,5326.18
SULTANPUR,2016-17,2831.887,68271.393,,,2184.155,3876.8534,154.706,340.2742,493.026,2610.0117,6827.14
SULTANPUR,2017-18,2977.803,75737.52,,,2304.525,4265.2592,162.958,384.9733,510.32,2923.5195,7573.75
SUNDARGARH,2009-10,1091.86,48434.995,,,394.099,957.4519,171.674,748.4105,526.087,3137.6371,4843.5
SUNDARGARH,2010-11,1171.561,56222.513,,,415.169,1144.0847,197.579,973.1057,558.813,3505.0609,5622.25
SUNDARGARH,2011-12,1358.918,68362.678,,,496.889,1307.9106,240.51,1157.3668,621.519,4370.9904,6836.27
SUNDARGARH,2012-13,1625.68,81448.843,,,630.652,1656.7344,294.521,1513.8796,700.507,4974.2703,8144.88
SUNDARGARH,2013-14,1884.284,105050.251,,,763.241,2296.7978,348.789,2269.7312,772.254,5938.4961,10505.03
SUNDARGARH,2014-15,2263.618,117775.105,,,970.337,2663.6594,415.086,2013.7902,878.195,7100.0609,11777.51
SUNDARGARH,2015-16,2581.46,129287.658,,,1138.27,3110.6269,469.527,2175.3332,973.663,7642.8057,12928.77
SUNDARGARH,2016-17,2971.849,152102.493,,,1366.536,3794.0217,546.307,2847.5058,1059.006,8568.7218,15210.25
SUNDARGARH,2017-18,3105.846,165573.18,,,1453.87,4003.6138,570.587,3189.616,1081.389,9364.0882,16557.32
SUPAUL,2009-10,481.833,12461.411,,,299.747,609.8608,182.086,636.2803,,,1246.14
SUPAUL,2010-11,583.581,13950.199,,,352.543,677.6316,231.038,717.3883,,,1395.02
SUPAUL,2011-12,636.865,15213.634,,,389.151,753.2965,247.714,768.0669,,,1521.36
SUPAUL,2012-13,802.31,15590.88,,,498.673,724.094,303.637,834.994,,,1559.09
SUPAUL,2013-14,933.159,18368.067,,,578.582,916.1596,354.577,920.6471,,,1836.81
SUPAUL,2014-15,1251.639,19402.482,,,775.011,926.8986,476.628,1013.3496,,,1940.25
SUPAUL,2015-16,1583.912,22665.228,,,940.209,1074.2187,643.703,1192.3041,,,2266.52
SUPAUL,2016-17,1889.324,25617.187,,,756.836,832.8805,1132.488,1728.8382,,,2561.72
SUPAUL,2017-18,2142.724,28365.352,,,858.14,867.8445,1284.584,1968.6907,,,2836.54
SURAJPUR,2012-13,484.026,12262.928,,,418.553,821.6826,65.473,404.6102,,,1226.29
SURAJPUR,2013-14,549.409,15494.922,,,470.406,961.7821,79.003,587.7101,,,1549.49
SURAJPUR,2014-15,736.207,17991.758,,,631.95,1118.2331,104.257,680.9427,,,1799.18
SURAJPUR,2015-16,852.202,20129.506,,,723.772,1221.7564,128.43,791.1942,,,2012.95
SURAJPUR,2016-17,961.52,24281.926,,,763.667,1217.9656,197.853,1210.227,,,2428.19
SURAJPUR,2017-18,1015.203,26600.803,,,804.799,1340.6609,210.404,1319.4194,,,2660.08
SURAT,2009-10,3685.936,190739.496,2665.344,14899.5833,576.068,2265.2524,444.524,1909.1139,,,19073.95
SURAT,2010-11,4093.294,236185.074,2984.165,18320.4304,623.776,2810.7327,485.353,2487.3443,,,23618.51
SURAT,2011-12,4584.839,291340.002,3318.959,22399.6453,710.719,3577.4523,555.161,3156.9026,,,29134
SURAT,2012-13,5066.662,319332.543,3672.916,24591.8901,783.117,3726.84,610.629,3614.5242,,,31933.25
SURAT,2013-14,5883.82,382090.786,4188.027,29209.4964,972.848,4639.9648,722.945,4359.6174,,,38209.08
SURAT,2014-15,6970.235,449814.267,4996.857,34968.675,1108.089,5044.048,865.289,4968.7037,,,44981.43
SURAT,2015-16,7589.2,483559.728,5381.307,37347.7003,1234.922,5580.2399,972.971,5428.0326,,,48355.97
SURAT,2016-17,8756.515,608444.529,6290.432,48064.3056,1070.715,4799.2841,1395.368,7980.8632,,,60844.45
SURAT,2017-18,9121.297,619882.662,6517.138,48849.9214,1125.883,4956.946,1478.276,8181.3988,,,61988.27
SURENDRANAGAR,2009-10,785.528,22937.527,,,204.804,321.1857,352.196,963.8165,228.528,1008.7505,2293.75
SURENDRANAGAR,2010-11,847.409,28403.422,,,225.252,390.2449,378.151,1159.1459,244.006,1290.9514,2840.34
SURENDRANAGAR,2011-12,962.687,33589.909,,,246.068,442.1755,426.903,1407.267,289.716,1509.5484,3358.99
SURENDRANAGAR,2012-13,1077.153,39591.999,,,272.276,527.3638,477.791,1617.461,327.086,1814.3751,3959.2
SURENDRANAGAR,2013-14,1374.018,46448.137,,,394.604,612.0792,601.433,1933.3471,377.981,2099.3874,4644.81
SURENDRANAGAR,2014-15,1647.507,53718.659,,,488.52,710.4496,727.717,2239.4203,431.27,2421.996,5371.87
SURENDRANAGAR,2015-16,1682.528,55500.576,,,502.376,696.9939,714.857,2231.0881,465.295,2621.9756,5550.06
SURENDRANAGAR,2016-17,1936.376,69378.22,,,605.935,941.1839,821.305,2828.942,509.136,3167.6961,6937.82
SURENDRANAGAR,2017-18,1985.386,70888.424,,,635.918,951.8728,857.57,3012.5654,491.898,3124.4042,7088.84
SURGUJA,2009-10,910.981,22972.216,,,713.044,1101.3396,197.937,1195.882,,,2297.22
SURGUJA,2010-11,1148.651,26713.781,,,924.26,1278.0764,224.391,1393.3017,,,2671.38
SURGUJA,2011-12,1301.082,32095.544,,,1049.306,1636.2132,251.776,1573.3412,,,3209.55
SURGUJA,2012-13,642.421,21197.779,,,411.329,674.8856,231.092,1444.8923,,,2119.78
SURGUJA,2013-14,750.179,24578.16,,,485.598,805.972,264.581,1651.844,,,2457.82
SURGUJA,2014-15,902.413,27296.651,,,559.28,899.263,343.133,1830.4021,,,2729.67
SURGUJA,2015-16,1183.825,30383.013,,,773.211,1015.1577,410.614,2023.1436,,,3038.3
SURGUJA,2016-17,1311.383,36180.819,,,856.323,1186.5132,,,455.06,2431.5687,3618.08
SURGUJA,2017-18,1378.472,40314.405,,,906.52,1315.2635,,,471.952,2716.177,4031.44
SURYAPET,2017-18,1566.88,23653.109,,,587.824,559.5668,559.319,895.3998,419.737,910.3443,2365.31
TAMENGLONG,2009-10,10.418,389.246,,,2.25,1.221,8.168,37.7036,,,38.92
TAMENGLONG,2010-11,14.104,462.68,,,3.659,1.1179,10.445,45.1501,,,46.27
TAMENGLONG,2011-12,15.111,459.802,,,3.561,1.6742,11.55,44.306,,,45.98
TAMENGLONG,2012-13,22.249,663.435,,,4.69,2.2176,17.559,64.1259,,,66.34
TAMENGLONG,2013-14,28.676,813.312,,,9.648,6.2539,19.028,75.0773,,,81.33
TAMENGLONG,2014-15,36.205,881.365,,,13.791,10.4596,22.414,77.6769,,,88.14
TAMENGLONG,2015-16,44.502,826.047,,,17.918,10.7686,26.584,71.8361,,,82.6
TAMENGLONG,2016-17,67.411,1489.913,,,20.211,15.2529,47.2,133.7384,,,148.99
TAMENGLONG,2017-18,75.32,1502.143,,,22.37,14.3841,52.95,135.8302,,,150.21
TAPI,2009-10,274.473,6781.082,,,77.993,126.1583,196.48,551.9499,,,678.11
TAPI,2010-11,323.946,8833.169,,,99.802,171.4257,224.144,711.8912,,,883.32
TAPI,2011-12,371.133,10414.077,,,121.461,197.5562,249.672,843.8515,,,1041.41
TAPI,2012-13,440.545,12894.303,,,155.093,267.1082,285.452,1022.3221,,,1289.43
TAPI,2013-14,561.331,14850.802,,,221.894,294.5739,339.437,1190.5063,,,1485.08
TAPI,2014-15,684.657,16982.866,,,287.157,330.6357,397.5,1367.6509,,,1698.29
TAPI,2015-16,790.61,19240.017,,,322.303,376.1272,468.307,1547.8745,,,1924
TAPI,2016-17,920.201,23957.417,,,425.18,672.074,495.021,1723.6677,,,2395.74
TAPI,2017-18,934.195,25247.551,,,429.191,700.1658,505.004,1824.5893,,,2524.76
TARN TARAN,2009-10,593.881,18030.23,,,319.822,860.2094,274.059,942.8136,,,1803.02
TARN TARAN,2010-11,695.762,21156.818,,,361.251,912.7706,334.511,1202.9112,,,2115.68
TARN TARAN,2011-12,776.745,24405.979,,,411.237,1036.7938,365.508,1403.8041,,,2440.6
TARN TARAN,2012-13,900.64,28364.306,,,474.353,1220.6784,426.287,1615.7522,,,2836.43
TARN TARAN,2013-14,988.427,31873.389,,,525.375,1390.6821,463.052,1796.6568,,,3187.34
TARN TARAN,2014-15,1166.071,41890.844,,,636.036,1597.388,530.035,2591.6964,,,4189.08
TARN TARAN,2015-16,1410.465,43316.83,,,793.497,1844.2509,616.968,2487.4321,,,4331.68
TARN TARAN,2016-17,1596.899,49896.614,,,731.361,1693.6836,865.538,3295.9778,,,4989.66
TARN TARAN,2017-18,1659.134,51046.886,,,771.759,1742.0974,887.375,3362.5912,,,5104.69
TAWANG,2009-10,30.629,2854.382,,,30.629,285.4382,,,,,285.44
TAWANG,2010-11,32.729,4658.243,,,32.729,465.8243,,,,,465.82
TAWANG,2011-12,35.027,5222.927,,,35.027,522.2927,,,,,522.29
TAWANG,2012-13,36.773,6144.568,,,36.773,614.4568,,,,,614.46
TAWANG,2013-14,40.752,6071.471,,,40.752,607.1471,,,,,607.15
TAWANG,2014-15,48.441,6850.267,,,48.441,685.0267,,,,,685.03
TAWANG,2015-16,55.551,7565.104,,,55.551,756.5104,,,,,756.51
TAWANG,2016-17,61.707,9447.82,,,19.526,119.8378,42.181,824.9442,,,944.78
TAWANG,2017-18,68.955,9458.416,,,21.348,153.9062,47.607,791.9354,,,945.84
TEHRI GARHWAL,2009-10,367.384,11527.62,,,307.623,767.1944,59.761,385.5676,,,1152.76
TEHRI GARHWAL,2010-11,397.799,13118.35,,,333.38,889.4638,64.419,422.3712,,,1311.84
TEHRI GARHWAL,2011-12,438.024,15189.815,,,366.998,1005.6208,71.026,513.3607,,,1518.98
TEHRI GARHWAL,2012-13,490.932,17190.273,,,409.382,1128.5155,81.55,590.5118,,,1719.03
TEHRI GARHWAL,2013-14,588.13,19705.313,,,495.171,1336.2195,92.959,634.3118,,,1970.53
TEHRI GARHWAL,2014-15,705.55,22786.91,,,598.564,1562.1053,106.986,716.5857,,,2278.69
TEHRI GARHWAL,2015-16,797.807,24225.221,,,681.949,1746.5933,115.858,675.9288,,,2422.52
TEHRI GARHWAL,2016-17,865.751,31967.079,,,732.585,2048.4886,133.166,1148.2193,,,3196.71
TEHRI GARHWAL,2017-18,926.859,34244.114,,,789.101,2293.3099,137.758,1131.1015,,,3424.41
THANE,2009-10,6717.82,442358.727,2941.084,20131.8197,457.662,1014.6998,751.591,3391.4084,2567.483,19697.9448,44235.87
THANE,2010-11,7705.687,534140.65,3266.945,23053.9848,575.378,1264.8787,891.706,4216.5335,2971.658,24878.668,53414.06
THANE,2011-12,8878.345,656812.655,3626.076,29005.9432,701.057,1543.1751,1083.782,5257.2727,3467.43,29874.8745,65681.27
THANE,2012-13,10215.884,874411.583,4123.919,35246.4071,817.875,2306.1756,1291.624,6449.5423,3982.466,43439.0333,87441.16
THANE,2013-14,11675.021,1008145.414,4650.373,41719.5859,978.807,2298.3507,1480.636,8149.8424,4565.205,48646.7624,100814.54
THANE,2014-15,13281.18,1201260.879,5119.42,46838.0382,1219.887,2669.4757,1754.21,9317.1414,5187.663,61301.4326,120126.09
THANE,2015-16,11488.631,1199903.935,5495.417,53630.568,448.867,884.9486,465.916,2047.6516,5078.431,63427.2253,119990.39
THANE,2016-17,12406.932,1313821.006,8657.183,108341.1169,441.538,906.7291,369.008,1157.8262,2939.203,20976.4284,131382.1
THANE,2017-18,12834.938,1429385.189,8909.575,118611.3711,489.108,1074.1997,403.457,1415.3303,3032.798,21837.6178,142938.52
THANJAVUR,2009-10,1677.2,48480.432,,,445.41,850.4776,471.709,1070.3578,760.081,2927.2078,4848.04
THANJAVUR,2010-11,1813.376,55437.857,,,433.46,957.7172,487.146,1179.105,892.77,3406.9635,5543.79
THANJAVUR,2011-12,2014.566,65718.027,,,542.217,1159.6739,547.084,1359.0565,925.265,4053.0723,6571.8
THANJAVUR,2012-13,2453.4,72544.204,,,713.409,1311.5434,690.088,1534.8346,1049.903,4408.0424,7254.42
THANJAVUR,2013-14,3066.576,85378.478,,,953.69,1569.654,927.324,1826.376,1185.562,5141.8178,8537.85
THANJAVUR,2014-15,3461.952,96847.167,,,1048.798,1762.3583,1083.905,2212.0416,1329.249,5710.3168,9684.72
THANJAVUR,2015-16,3879.568,111743.703,,,1188.346,1947.2566,1214.781,2611.1709,1476.441,6615.9428,11174.37
THANJAVUR,2016-17,4096.811,126981.196,,,1269.392,2237.6476,1300.548,3059.5082,1526.871,7400.9638,12698.12
THANJAVUR,2017-18,4433.324,139555.631,,,1343.136,2386.5883,1387.162,3312.0999,1703.026,8256.8749,13955.56
THENI,2009-10,731.758,16008.079,,,107.691,154.1601,624.067,1446.6478,,,1600.81
THENI,2010-11,848.815,18328.767,,,103.857,168.9995,744.958,1663.8772,,,1832.88
THENI,2011-12,934.597,20193.354,,,109.33,165.5108,825.267,1853.8246,,,2019.34
THENI,2012-13,1132.238,21905.873,,,139.078,180.8577,993.16,2009.7296,,,2190.59
THENI,2013-14,1410.234,24539.233,,,185.885,220.9166,1224.349,2233.0067,,,2453.92
THENI,2014-15,1659.062,29003.449,,,221.992,276.4408,1437.07,2623.9041,,,2900.34
THENI,2015-16,1733.333,33626.388,,,216.012,292.9631,1517.321,3069.6757,,,3362.64
THENI,2016-17,1874.248,40589.774,,,180.968,295.9465,1693.28,3763.0309,,,4058.98
THENI,2017-18,2067.885,43685.834,,,202.115,318.4382,1865.77,4050.1452,,,4368.58
THIRUVALLUR,2009-10,2499.575,81118.298,,,642.566,1300.0634,1045.526,3605.5335,811.483,3206.2329,8111.83
THIRUVALLUR,2010-11,2634.896,97794.253,,,575.974,1485.1656,1190.992,4632.4307,867.93,3661.829,9779.43
THIRUVALLUR,2011-12,3036.818,114122.136,,,733.686,1662.3108,1350.461,5495.6254,952.671,4254.2774,11412.21
THIRUVALLUR,2012-13,3393.748,130990.382,,,704.255,1528.8801,971.462,3341.8987,1718.031,8228.2594,13099.04
THIRUVALLUR,2013-14,4124.302,152230.166,,,954.913,1802.7672,1207.725,3733.4993,1961.664,9686.7501,15223.02
THIRUVALLUR,2014-15,4819.549,179761.862,,,1137.089,2155.7061,1454.236,4290.2624,2228.224,11530.2177,17976.19
THIRUVALLUR,2015-16,5289.575,209377.867,1717.179,9874.9149,1293.468,2759.5806,1858.402,6576.8519,420.526,1726.4393,20937.79
THIRUVALLUR,2016-17,5607.5,233285.891,1721.765,10133.6234,1157.474,2545.2876,2228.011,8354.6842,500.25,2294.9939,23328.59
THIRUVALLUR,2017-18,5883.633,251300.134,1785.211,10799.5919,1225.507,2586.017,2359.307,9222.3369,513.608,2522.0676,25130.01
THIRUVANANTHAPURAM,2009-10,3380.391,244839.831,,,114.722,441.6525,1566.353,5337.0957,1699.316,18705.2349,24483.98
THIRUVANANTHAPURAM,2010-11,3718.144,279169.85,,,124.174,483.1162,1742.366,5905.132,1851.604,21528.7368,27916.98
THIRUVANANTHAPURAM,2011-12,4087.776,346240.413,,,138.695,573.4232,1942.04,7095.4494,2007.041,26955.1687,34624.04
THIRUVANANTHAPURAM,2012-13,5065.987,418740.462,,,189.75,622.3088,2461.734,7939.0595,2414.503,33312.6779,41874.05
THIRUVANANTHAPURAM,2013-14,6040.293,486431.158,,,228.176,701.7782,3086.363,9327.8996,2725.754,38613.438,48643.12
THIRUVANANTHAPURAM,2014-15,6641.001,542062.818,,,248.213,781.1164,3428.773,10804.4836,2964.015,42620.6818,54206.28
THIRUVANANTHAPURAM,2015-16,7177.436,594158.984,,,55.89,92.1395,3813.8,12433.5049,3307.746,46890.254,59415.9
THIRUVANANTHAPURAM,2016-17,7550.061,608854.693,,,56.321,112.4413,4028.169,14836.0808,3465.571,45936.9472,60885.47
THIRUVANANTHAPURAM,2017-18,7995.789,653514.215,,,59.842,129.5429,4297.009,15699.3721,3638.938,49522.5065,65351.42
THIRUVARUR,2009-10,829.119,17828.546,,,318.676,533.1549,510.443,1249.6997,,,1782.85
THIRUVARUR,2010-11,837.755,20336.747,,,301.309,558.2134,536.446,1475.4613,,,2033.67
THIRUVARUR,2011-12,956.64,24528.933,,,341.649,666.5495,614.991,1786.3438,,,2452.89
THIRUVARUR,2012-13,1182.966,26686.166,,,443.24,751.9923,739.726,1916.6243,,,2668.62
THIRUVARUR,2013-14,1490.112,30493.871,,,606.99,910.6737,883.122,2138.7134,,,3049.39
THIRUVARUR,2014-15,1635.675,33673.474,,,668.041,1030.7701,967.634,2336.5773,,,3367.35
THIRUVARUR,2015-16,1809.885,37710.681,,,697.823,1115.2388,1112.062,2655.8293,,,3771.07
THIRUVARUR,2016-17,1926.878,43820.058,,,752.262,1381.4367,1174.616,3000.5691,,,4382.01
THIRUVARUR,2017-18,1977.886,47345.121,,,788.043,1480.6946,1189.843,3253.8175,,,4734.51
THOUBAL,2009-10,51.848,696.573,,,9.64,5.1941,42.208,64.4632,,,69.66
THOUBAL,2010-11,56.859,1042.903,,,10.118,7.2278,46.741,97.0625,,,104.29
THOUBAL,2011-12,64.938,1288.251,,,9.954,7.9417,54.984,120.8834,,,128.83
THOUBAL,2012-13,116.339,1685.11,,,16.796,10.0766,99.543,158.4344,,,168.51
THOUBAL,2013-14,188.157,2087.972,,,35.318,13.8225,152.839,194.9747,,,208.8
THOUBAL,2014-15,285.289,2413.181,,,69.576,19.7212,215.713,221.5969,,,241.32
THOUBAL,2015-16,325.311,2632.723,,,77.226,24.6553,248.085,238.617,,,263.27
THOUBAL,2016-17,399.841,3237.546,,,88.648,32.997,311.193,290.7576,,,323.75
THOUBAL,2017-18,285.422,2422.003,,,99.592,31.464,185.83,210.7363,,,242.2
THRISSUR,2009-10,3660.085,164066.45,,,593.482,2188.5963,2120.876,8916.9367,945.727,5301.112,16406.64
THRISSUR,2010-11,3964.186,180099.205,,,635.3,2330.9448,2327.547,9606.2815,1001.339,6072.6942,18009.92
THRISSUR,2011-12,4246.694,218589.82,,,684.49,2754.0496,2504.751,11853.6373,1057.453,7251.2951,21858.98
THRISSUR,2012-13,4881.032,263698.099,,,786.478,3193.9722,2924.543,14303.6601,1170.011,8872.1776,26369.81
THRISSUR,2013-14,5835.584,312883.829,,,999.198,3885.4965,3539.466,16749.1136,1296.92,10653.7728,31288.38
THRISSUR,2014-15,6239.717,370142.725,,,1077.553,4631.8587,3801.069,19992.0144,1361.095,12390.3994,37014.27
THRISSUR,2015-16,6600.102,416398.996,,,1026.181,4438.7925,4074.086,22732.1886,1499.835,14468.9185,41639.9
THRISSUR,2016-17,6558.517,482341.236,,,830.088,4344.6152,4268.227,27328.2701,1460.202,16561.2383,48234.12
THRISSUR,2017-18,7303.117,529536.959,,,994.35,5054.2239,4717.601,29522.5993,1591.166,18376.8727,52953.7
TIKAMGARH,2009-10,363.726,9939.589,,,182.016,290.7813,181.71,703.1776,,,993.96
TIKAMGARH,2010-11,445.538,12234.958,,,220.128,347.889,225.41,875.6068,,,1223.5
TIKAMGARH,2011-12,534.124,14453.812,,,243.893,419.0782,290.231,1026.303,,,1445.38
TIKAMGARH,2012-13,433.554,16151.852,,,140.916,517.2051,292.638,1097.9801,,,1615.19
TIKAMGARH,2013-14,831.677,19476.875,,,381.7,586.6633,449.977,1361.0242,,,1947.69
TIKAMGARH,2014-15,1084.719,21169.701,,,498.048,629.0703,586.671,1487.8998,,,2116.97
TIKAMGARH,2015-16,1302.441,24544.465,,,599.955,774.4272,702.486,1680.0193,,,2454.45
TIKAMGARH,2016-17,1489.523,28122.156,,,625.736,741.9034,863.787,2070.3122,,,2812.22
TIKAMGARH,2017-18,1555.873,31956.866,,,650.004,893.1826,905.869,2302.504,,,3195.69
TINSUKIA,2009-10,649.557,19365.322,,,210.916,296.1187,177.138,589.6483,261.503,1050.7652,1936.53
TINSUKIA,2010-11,725.525,23994.775,,,238.928,365.4479,201.067,766.4778,285.53,1267.5518,2399.48
TINSUKIA,2011-12,805.919,27384.984,,,269.092,391.3212,224.205,889.8834,312.622,1457.2938,2738.5
TINSUKIA,2012-13,909.541,31175.711,,,311.432,488.9625,243.515,920.8166,354.594,1707.792,3117.57
TINSUKIA,2013-14,1017.724,35981.658,,,360.026,580.3483,267.219,1113.1066,390.479,1904.7109,3598.17
TINSUKIA,2014-15,1205.398,42653.038,,,455.387,719.9262,305.662,1294.5046,444.349,2250.873,4265.3
TINSUKIA,2015-16,1391.855,46701.967,,,533.206,837.6822,350.332,1418.1664,508.317,2414.3481,4670.2
TINSUKIA,2016-17,1751.588,54665.481,,,628.275,844.0211,554.568,1826.5077,568.745,2796.0193,5466.55
TINSUKIA,2017-18,1859.836,57749.753,,,688.844,921.4923,586.268,1945.4573,584.724,2908.0257,5774.98
TIRAP,2009-10,32.602,1220.933,,,32.602,122.0933,,,,,122.09
TIRAP,2010-11,34.926,1357.001,,,34.926,135.7001,,,,,135.7
TIRAP,2011-12,35.753,1935.94,,,35.753,193.594,,,,,193.59
TIRAP,2012-13,21.802,1585.879,,,21.802,158.5879,,,,,158.59
TIRAP,2013-14,24.899,1890.902,,,24.899,189.0902,,,,,189.09
TIRAP,2014-15,30.117,1925.208,,,30.117,192.5208,,,,,192.52
TIRAP,2015-16,34.856,2073.163,,,34.856,207.3163,,,,,207.32
TIRAP,2016-17,41.065,3088.409,,,41.065,308.8409,,,,,308.84
TIRAP,2017-18,44.044,3295.317,,,44.044,329.5317,,,,,329.53
TIRUCHIRAPALLI,2009-10,2364.437,88075.869,,,567.539,1056.1492,500.326,1471.5043,1296.572,6279.9334,8807.59
TIRUCHIRAPALLI,2010-11,2616.518,109053.338,,,613.554,1168.5395,588.551,1720.0933,1414.413,8016.701,10905.33
TIRUCHIRAPALLI,2011-12,2952.558,117022.617,,,717.93,1332.4745,706.587,2034.9167,1528.041,8334.8705,11702.26
TIRUCHIRAPALLI,2012-13,3458.335,129849.253,,,848.79,1493.5216,871.333,2328.017,1738.212,9163.3867,12984.93
TIRUCHIRAPALLI,2013-14,3983.324,149312.396,,,1008.836,1649.1816,1034.616,2756.5535,1939.872,10525.5045,14931.24
TIRUCHIRAPALLI,2014-15,4384.526,169099.168,,,1097.047,1938.792,1160.556,3087.0632,2126.923,11884.0616,16909.92
TIRUCHIRAPALLI,2015-16,4775.551,190897.993,,,1157.716,1853.604,1290.534,3635.7415,2327.301,13600.4538,19089.8
TIRUCHIRAPALLI,2016-17,5077.852,218715.609,,,1169.105,2113.8316,1444.657,4404.1856,2464.09,15353.5437,21871.56
TIRUCHIRAPALLI,2017-18,5676.569,233817.251,,,1232.027,2158.868,1529.799,4837.7689,2914.743,16385.0882,23381.73
TIRUNELVALI,2009-10,2354.631,61295.414,,,572.842,957.6493,1073.603,2350.1039,708.186,2821.7882,6129.54
TIRUNELVALI,2010-11,2595.236,70157.95,,,638.177,1022.6122,1177.734,2648.3865,779.325,3344.7963,7015.8
TIRUNELVALI,2011-12,3004.551,80297.244,,,793.334,1195.9345,1371.481,2998.7988,839.736,3834.9911,8029.72
TIRUNELVALI,2012-13,3475.92,90004.546,,,893.275,1331.5262,1619.282,3324.6953,963.363,4344.2331,9000.45
TIRUNELVALI,2013-14,4088.639,101444.552,,,1055.078,1535.2069,1924.75,3818.8393,1108.811,4790.409,10144.46
TIRUNELVALI,2014-15,4601.22,117504.368,,,1206.606,1867.9908,2168.178,4413.9993,1226.436,5468.4467,11750.44
TIRUNELVALI,2015-16,4867.682,132927.935,,,1235.548,2122.0938,2341.186,5088.9739,1290.948,6081.7258,13292.79
TIRUNELVALI,2016-17,5210.947,156467.904,,,1156.853,2205.7412,2683.433,6381.1471,1370.661,7059.9021,15646.79
TIRUNELVALI,2017-18,5489.019,166337.702,,,1232.085,2360.9993,2824.424,6781.8794,1432.51,7490.8915,16633.77
TIRUPPUR,2009-10,1642.739,68349.499,,,465.172,1390.0449,575.866,1874.658,601.701,3570.247,6834.95
TIRUPPUR,2010-11,1852.348,77446.891,,,518.495,1590.7149,652.998,2171.4234,680.855,3982.5508,7744.69
TIRUPPUR,2011-12,2034.199,89627.311,,,573.55,1808.5818,715.017,2502.4813,745.632,4651.668,8962.73
TIRUPPUR,2012-13,2392.944,94526.975,,,720.386,2079.6627,841.514,2722.5961,831.044,4650.4387,9452.7
TIRUPPUR,2013-14,2825.593,105562.155,,,888.827,2132.2979,997.149,3145.2551,939.617,5278.6625,10556.22
TIRUPPUR,2014-15,3416.927,127177.686,,,1083.838,2680.1299,1203.758,3666.7917,1129.331,6370.847,12717.77
TIRUPPUR,2015-16,3709.913,145838.271,,,1073.968,3025.2806,1385.233,4437.2161,1250.712,7121.3304,14583.83
TIRUPPUR,2016-17,4114.765,172764.166,,,997.099,3080.1167,1728.762,5962.4447,1388.904,8233.8552,17276.42
TIRUPPUR,2017-18,4439.726,178735.064,,,1062.887,3268.5587,1873.014,6398.9843,1503.825,8205.9634,17873.51
TIRUVANNAMALAI,2009-10,1254.744,20094.623,,,601.314,582.0343,430.595,688.5798,222.835,738.8482,2009.46
TIRUVANNAMALAI,2010-11,1222.638,23357.29,,,544.886,684.8356,429.861,794.5962,247.891,856.2972,2335.73
TIRUVANNAMALAI,2011-12,1384.919,28640.029,,,635.327,805.3929,476.31,940.7426,273.282,1117.8674,2864
TIRUVANNAMALAI,2012-13,1719.051,31974.005,,,811.009,918.3621,595.679,1086.6515,312.363,1192.3869,3197.4
TIRUVANNAMALAI,2013-14,2351.612,35476.599,,,1163.577,1035.0133,796.46,1251.5265,391.575,1261.1201,3547.66
TIRUVANNAMALAI,2014-15,2695.774,41056.725,,,1326.93,1197.084,930.544,1467.9271,438.3,1440.6614,4105.67
TIRUVANNAMALAI,2015-16,2952.525,46301.756,,,1395.212,1372.6055,1063.09,1672.0951,494.223,1585.475,4630.18
TIRUVANNAMALAI,2016-17,3190.764,55516.865,,,1387.587,1421.5526,1273.013,2289.1117,530.164,1841.0222,5551.69
TIRUVANNAMALAI,2017-18,3323.862,59408.878,,,1437.266,1422.7027,1325.49,2501.0247,561.106,2017.1604,5940.89
TONK,2009-10,520.3,10895.896,,,236.613,274.479,177.876,459.8231,105.811,355.2875,1089.59
TONK,2010-11,528.129,13039.247,,,231.717,317.0828,184.905,529.4906,111.507,457.3513,1303.92
TONK,2011-12,615.444,15721.727,,,269.845,424.3928,216.819,657.976,128.78,489.8039,1572.17
TONK,2012-13,729.237,19119.967,,,313.04,518.422,266.169,809.4559,150.028,584.1188,1912
TONK,2013-14,898.56,22603.634,,,396.756,647.699,322.155,951.245,179.649,661.4194,2260.36
TONK,2014-15,1172.46,26703.37,,,546.473,787.2336,380.351,1112.8108,245.636,770.2926,2670.34
TONK,2015-16,1499.428,29491.744,,,711.237,862.4992,478.527,1223.2617,309.664,863.4135,2949.17
TONK,2016-17,1613.165,35415.204,,,667.304,754.6987,611.882,1771.6093,333.979,1015.2124,3541.52
TONK,2017-18,1719.281,38831.444,,,705.591,847.2175,673.545,1939.5114,340.145,1096.4155,3883.14
TOOTHUKUDI,2009-10,1302.211,40624.548,,,409.233,795.1695,459.453,1144.582,433.525,2122.7033,4062.45
TOOTHUKUDI,2010-11,1479.431,51056.118,,,452.758,856.6429,523.454,1316.8444,503.219,2932.1245,5105.61
TOOTHUKUDI,2011-12,1736.759,59163.982,,,609.081,994.0133,592.978,1523.7108,534.7,3398.6741,5916.4
TOOTHUKUDI,2012-13,1937.126,73629.392,,,583.111,1043.1452,742.604,1791.8163,611.411,4527.9777,7362.94
TOOTHUKUDI,2013-14,2296.878,72214.07,,,712.843,1186.7943,885.181,2026.3513,698.854,4008.2614,7221.41
TOOTHUKUDI,2014-15,2610.757,89449.498,,,804.464,1380.7456,1004.203,2385.1722,802.09,5179.032,8944.95
TOOTHUKUDI,2015-16,2788.201,89963.375,,,844.158,1516.4829,1088.579,2813.4947,855.464,4666.3599,8996.34
TOOTHUKUDI,2016-17,2991.353,104329.334,,,823.269,1667.3505,1265.218,3584.565,902.866,5181.0179,10432.93
TOOTHUKUDI,2017-18,3149.827,111269.945,,,862.959,1760.7437,1345.023,3904.2956,941.845,5461.9552,11126.99
TUENSANG,2009-10,23.354,490.702,,,7.853,10.5706,15.501,38.4996,,,49.07
TUENSANG,2010-11,25.226,510.449,,,8.251,11.6891,16.975,39.3558,,,51.04
TUENSANG,2011-12,29.577,631.333,,,10.107,14.663,19.47,48.4703,,,63.13
TUENSANG,2012-13,32.036,734.211,,,10.445,22.0291,21.591,51.392,,,73.42
TUENSANG,2013-14,39.062,784.522,,,14.004,21.5466,25.058,56.9056,,,78.45
TUENSANG,2014-15,53.355,875.824,,,23.451,28.7865,29.904,58.7959,,,87.58
TUENSANG,2015-16,57.853,907.113,,,25.487,29.3982,32.366,61.3131,,,90.71
TUENSANG,2016-17,67.447,1249.953,,,31.512,43.9856,35.935,81.0097,,,125
TUENSANG,2017-18,72.247,1338.47,,,35.252,47.7078,36.995,86.1392,,,133.85
TUMKUR,2009-10,1479.412,29898.64,,,647.836,672.6485,485.49,1014.7368,346.086,1302.4787,2989.86
TUMKUR,2010-11,1607.64,36341.898,,,681.3,790.1264,545.068,1161.9991,381.272,1682.0643,3634.19
TUMKUR,2011-12,1789.375,40931.86,,,704.508,864.284,641.257,1336.1158,443.61,1892.7862,4093.19
TUMKUR,2012-13,2557.208,49227.844,,,1107.347,1166.7105,891.977,1502.1737,557.884,2253.9002,4922.78
TUMKUR,2013-14,3072.116,56174.463,,,1335.025,1236.0046,1083.633,1737.4296,653.458,2644.0121,5617.45
TUMKUR,2014-15,3620.293,64629.1,,,1612.767,1471.2904,1278.596,1988.9976,728.93,3002.622,6462.91
TUMKUR,2015-16,3840.457,75567.612,,,1730.045,1777.4162,1359.156,2339.0809,751.256,3440.2641,7556.76
TUMKUR,2016-17,4119.946,89363.844,,,1849.349,2125.9902,1502.068,2794.4178,768.529,4015.9764,8936.38
TUMKUR,2017-18,4409.249,97425.494,,,1982.75,2308.0886,1614.504,3064.1437,811.995,4370.3171,9742.55
UDAIPUR,2009-10,1446.478,80796.042,,,546.754,1429.7172,91.881,297.8686,807.843,6352.0184,8079.6
UDAIPUR,2010-11,1547.231,104170.982,,,594.114,1593.7856,100.693,334.7823,852.424,8488.5303,10417.1
UDAIPUR,2011-12,1707.32,126325.899,,,659.759,1877.2482,112.26,392.5189,935.301,10362.8228,12632.59
UDAIPUR,2012-13,1959.814,142285.442,,,793.344,2189.9837,149.956,498.8242,1016.514,11539.7363,14228.54
UDAIPUR,2013-14,2338.653,143145.856,,,1022.171,2585.4438,188.531,589.2332,1127.951,11139.9086,14314.59
UDAIPUR,2014-15,2959.675,185831.981,,,1345.085,3097.2186,246.499,692.2924,1368.091,14793.6871,18583.2
UDAIPUR,2015-16,3334.403,176990.561,,,1540.976,3228.3561,276.17,741.1412,1517.257,13729.5588,17699.06
UDAIPUR,2016-17,3998.16,219305.788,,,2060.933,4379.1901,344.681,944.172,1592.546,16607.2167,21930.58
UDAIPUR,2017-18,4155.355,228993.459,,,2201.555,4497.865,375.976,983.4952,1577.824,17417.9857,22899.35
UDALGURI,2009-10,265.427,3477.265,,,167.078,153.9201,98.349,193.8064,,,347.73
UDALGURI,2010-11,315.458,4174.941,,,190.255,179.394,125.203,238.1001,,,417.49
UDALGURI,2011-12,394.763,4592.479,,,236.093,189.034,158.67,270.2139,,,459.25
UDALGURI,2012-13,430.909,4951.492,,,255.48,204.8168,175.429,290.3324,,,495.15
UDALGURI,2013-14,479.752,6035.716,,,279.443,251.713,200.309,351.8586,,,603.57
UDALGURI,2014-15,600.187,6487.517,,,355.45,270.0103,244.737,378.7414,,,648.75
UDALGURI,2015-16,717.398,6938.77,,,466.35,320.887,251.048,372.99,,,693.88
UDALGURI,2016-17,958.372,8455.181,,,647.162,393.265,311.21,452.2531,,,845.52
UDALGURI,2017-18,1026.985,9575.396,,,700.245,440.2252,326.74,517.3144,,,957.54
UDHAM SINGH NAGAR,2009-10,877.923,33629.499,,,285.07,841.7725,592.853,2521.1774,,,3362.95
UDHAM SINGH NAGAR,2010-11,976.675,36856.485,,,309.949,983.1507,666.726,2702.4978,,,3685.65
UDHAM SINGH NAGAR,2011-12,1132.522,43314.256,,,352.865,1089.7477,779.657,3241.6779,,,4331.43
UDHAM SINGH NAGAR,2012-13,1299.189,54918.367,,,357.788,846.5272,941.401,4645.3095,,,5491.84
UDHAM SINGH NAGAR,2013-14,1552.96,61082.818,,,461.877,1005.4885,1091.083,5102.7933,,,6108.28
UDHAM SINGH NAGAR,2014-15,1966.259,72212.239,,,627.475,1260.3813,1338.784,5960.8426,,,7221.22
UDHAM SINGH NAGAR,2015-16,2377.131,79887.695,,,744.929,1345.4103,1632.202,6643.3592,,,7988.77
UDHAM SINGH NAGAR,2016-17,2782.353,95705.711,,,764.964,1553.5434,880.008,2413.1229,1137.381,5603.9048,9570.57
UDHAM SINGH NAGAR,2017-18,2917.62,101301.284,,,810.349,1680.4793,930.987,2517.5328,1176.284,5932.1163,10130.13
UDHAMPUR,2009-10,335.421,11033.151,,,162.5,410.2477,172.921,693.0674,,,1103.32
UDHAMPUR,2010-11,374.491,12624.326,,,181.063,483.3703,193.428,779.0623,,,1262.43
UDHAMPUR,2011-12,428.152,16052.175,,,220.176,640.0227,207.976,965.1948,,,1605.22
UDHAMPUR,2012-13,512.723,20087.878,,,262.764,792.1866,249.959,1216.6012,,,2008.79
UDHAMPUR,2013-14,558.603,23098.564,,,293.6,919.0256,265.003,1390.8308,,,2309.86
UDHAMPUR,2014-15,670.544,26997.941,,,374.915,1116.1472,295.629,1583.6469,,,2699.79
UDHAMPUR,2015-16,735.762,27995.325,,,403.71,1023.0329,332.052,1776.4996,,,2799.53
UDHAMPUR,2016-17,800.239,32492.01,,,441.591,1155.4928,358.648,2093.7082,,,3249.2
UDHAMPUR,2017-18,851.887,35335.586,,,474.282,1264.2801,377.605,2269.2785,,,3533.56
UDIPI,2009-10,2000.844,77887.449,,,983.726,2609.3489,507.163,1792.849,509.955,3386.547,7788.74
UDIPI,2010-11,2126.196,84824.748,,,1024.41,2867.1668,553.846,2043.8573,547.94,3571.4507,8482.47
UDIPI,2011-12,2342.833,98101.85,,,1120.004,3379.3286,616.809,2530.524,606.02,3900.3324,9810.19
UDIPI,2012-13,2619.968,112748.41,,,1252.558,3879.7039,688.967,2872.0462,678.443,4523.0909,11274.84
UDIPI,2013-14,2879.758,134136.008,,,1390.524,4567.9051,762.435,3406.5389,726.799,5439.1568,13413.6
UDIPI,2014-15,3242.256,155188.867,,,1604.143,5277.1456,847.228,3944.8088,790.885,6296.9323,15518.89
UDIPI,2015-16,3400.766,173428.986,,,1588.495,5331.5979,831.168,4193.0685,981.103,7818.2322,17342.9
UDIPI,2016-17,3429.18,200964.885,,,1551.721,6223.8438,881.512,5011.4478,995.947,8861.1969,20096.49
UDIPI,2017-18,3424.246,215723.699,,,1559.53,6666.7333,887.144,5296.8738,977.572,9608.7628,21572.37
UJJAIN,2009-10,1074.881,33028.3,,,225.004,359.5527,249.224,570.6554,600.653,2372.6219,3302.83
UJJAIN,2010-11,1152.445,36928.112,,,220.693,357.8289,283.809,689.5473,647.943,2645.435,3692.81
UJJAIN,2011-12,1308.167,42956.054,,,260.261,387.8624,328.982,762.8182,718.924,3144.9248,4295.61
UJJAIN,2012-13,1453.928,50107.219,,,297.655,439.0232,365.314,885.0314,790.959,3686.6673,5010.72
UJJAIN,2013-14,1734.298,58230.512,,,372.551,476.4912,444.661,1004.622,917.086,4341.938,5823.05
UJJAIN,2014-15,2159.056,67902.008,,,479.474,536.564,604.704,1200.5925,1074.878,5053.0443,6790.2
UJJAIN,2015-16,2598.543,76147.728,,,631.478,604.103,754.944,1346.8694,1212.121,5663.8004,7614.77
UJJAIN,2016-17,2831.84,92978.433,,,674.485,771.2659,614.263,1060.4301,1543.092,7466.1473,9297.84
UJJAIN,2017-18,3023.085,97923.85,,,753.54,739.6539,670.759,1059.4071,1598.786,7993.324,9792.38
UKHRUL,2009-10,20.021,650.755,,,0.401,0.035,19.62,65.0405,,,65.08
UKHRUL,2010-11,22.583,792.097,,,1.484,0.0386,21.099,79.1711,,,79.21
UKHRUL,2011-12,23.635,866.003,,,0.51,0.0587,23.125,86.5416,,,86.6
UKHRUL,2012-13,33.311,1095.189,,,0.686,0.0725,32.625,109.4464,,,109.52
UKHRUL,2013-14,50.535,1369.859,,,3.606,1.7374,46.929,135.2485,,,136.99
UKHRUL,2014-15,68.907,1440.158,,,5.359,3.3169,63.548,140.6989,,,144.02
UKHRUL,2015-16,85.932,1487.136,,,6.272,4.7398,79.66,143.9738,,,148.71
UKHRUL,2016-17,117.941,1748.172,,,7.664,6.8726,110.277,167.9446,,,174.82
UKHRUL,2017-18,134.455,2406.989,,,9.169,6.9027,125.286,233.7962,,,240.7
UMARIA,2009-10,161.386,6257.875,,,83.68,231.5526,77.706,394.2349,,,625.79
UMARIA,2010-11,273.518,7800.63,,,133.16,276.0292,140.358,504.0338,,,780.06
UMARIA,2011-12,391.906,9301.534,,,171.098,322.0936,220.808,608.0598,,,930.15
UMARIA,2012-13,438.243,11017.666,,,193.854,387.3688,244.389,714.3978,,,1101.77
UMARIA,2013-14,574.832,12309.053,,,256.471,430.0719,318.361,800.8334,,,1230.91
UMARIA,2014-15,673.121,13783.133,,,301.875,504.3594,371.246,873.9539,,,1378.31
UMARIA,2015-16,762.796,15171.528,,,327.014,504.5967,435.782,1012.5561,,,1517.15
UMARIA,2016-17,819.029,18618.407,,,356.766,632.2814,462.263,1229.5593,,,1861.84
UMARIA,2017-18,874.522,19797.346,,,394.039,704.8321,480.483,1274.9025,,,1979.73
UNA,2009-10,529.689,17294.132,,,409.236,1231.6901,120.453,497.7231,,,1729.41
UNA,2010-11,591.629,20540.749,,,455.092,1452.0565,136.537,602.0184,,,2054.07
UNA,2011-12,660.302,24937.318,,,505.549,1764.9799,154.753,728.7519,,,2493.73
UNA,2012-13,747.274,29666.568,,,568.963,2113.8893,178.311,852.7675,,,2966.66
UNA,2013-14,833.903,35050.457,,,631.795,2481.8354,202.108,1023.2103,,,3505.05
UNA,2014-15,926.001,40779.236,,,703.956,2917.3229,222.045,1160.6007,,,4077.92
UNA,2015-16,1009.443,45570.913,,,765.553,3225.9616,243.89,1331.1297,,,4557.09
UNA,2016-17,1100.055,53649.926,,,836.696,3837.1927,263.359,1527.7999,,,5364.99
UNA,2017-18,1136.131,57954.099,,,865.087,4135.8472,271.044,1659.5627,,,5795.41
UNAKOTI,2012-13,151.282,3901.059,,,62.913,96.3807,88.369,293.7252,,,390.11
UNAKOTI,2013-14,227.742,4619.56,,,109.668,123.0879,118.074,338.8681,,,461.96
UNAKOTI,2014-15,274.55,5244.853,,,121.693,135.831,152.857,388.6543,,,524.49
UNAKOTI,2015-16,257.653,4344.123,,,155.092,160.4453,102.561,273.967,,,434.41
UNAKOTI,2016-17,298.319,5444.009,,,169.485,198.2067,128.834,346.1942,,,544.4
UNAKOTI,2017-18,316.167,5707.056,,,180.705,219.218,135.462,351.4876,,,570.71
UNNAO,2009-10,1495.608,27171.944,,,948.679,1059.6518,296.966,486.0062,249.963,1171.5364,2717.19
UNNAO,2010-11,1676.942,31437.02,,,1056.266,1272.2194,331.357,555.2883,289.319,1316.1943,3143.7
UNNAO,2011-12,1834.266,36284.525,,,1147.665,1490.9099,364.543,651.0799,322.058,1486.4627,3628.45
UNNAO,2012-13,2024.708,43865.966,,,1253.581,1770.4333,407.157,783.139,363.97,1833.0243,4386.6
UNNAO,2013-14,2443.171,52074.178,,,1544.769,2156.8523,492.234,935.7065,406.168,2114.859,5207.42
UNNAO,2014-15,2801.819,60590.095,,,1760.68,2524.1531,577.167,1131.2166,463.972,2403.6398,6059.01
UNNAO,2015-16,3204.054,67223.183,,,2024.011,2797.201,656.71,1267.385,523.333,2657.7323,6722.32
UNNAO,2016-17,3421.168,81509.277,,,1947.195,3154.8389,903.605,1901.9998,570.368,3094.089,8150.93
UNNAO,2017-18,3700.169,88948.681,,,2132.633,3385.9083,980.088,2074.6685,587.448,3434.2913,8894.87
UPPER SIANG,2009-10,13.759,531.214,,,13.759,53.1214,,,,,53.12
UPPER SIANG,2010-11,14.95,611.056,,,14.95,61.1056,,,,,61.11
UPPER SIANG,2011-12,18.921,632.868,,,18.921,63.2868,,,,,63.29
UPPER SIANG,2012-13,17.466,828.22,,,17.466,82.822,,,,,82.82
UPPER SIANG,2013-14,19.169,911.738,,,19.169,91.1738,,,,,91.17
UPPER SIANG,2014-15,25.865,1184.854,,,25.865,118.4854,,,,,118.49
UPPER SIANG,2015-16,29.727,1100.449,,,29.727,110.0449,,,,,110.04
UPPER SIANG,2016-17,32.904,1625.91,,,32.904,162.591,,,,,162.59
UPPER SIANG,2017-18,35.562,2138.05,,,35.562,213.805,,,,,213.8
UPPER SUBANSIRI,2009-10,27.033,1056.974,,,13.301,22.796,13.732,82.9014,,,105.7
UPPER SUBANSIRI,2010-11,27.782,1109.51,,,12.385,23.2479,15.397,87.7031,,,110.95
UPPER SUBANSIRI,2011-12,36.908,1091.941,,,19.904,23.2401,17.004,85.954,,,109.19
UPPER SUBANSIRI,2012-13,34.406,1329.403,,,15.817,26.0706,18.589,106.8697,,,132.94
UPPER SUBANSIRI,2013-14,41.442,1657.211,,,18.153,41.8714,23.289,123.8497,,,165.72
UPPER SUBANSIRI,2014-15,49.633,1720.967,,,20.743,32.7415,28.89,139.3552,,,172.1
UPPER SUBANSIRI,2015-16,57.94,2491.061,,,23.258,125.5579,34.682,123.5482,,,249.11
UPPER SUBANSIRI,2016-17,68.617,3209.602,,,28.352,114.1653,40.265,206.7949,,,320.96
UPPER SUBANSIRI,2017-18,70.571,3365.337,,,29.683,109.3211,40.888,227.2126,,,336.53
UTTAR DINAJPUR,2009-10,670.643,14995.331,,,444.429,724.9105,77.144,193.5812,149.07,581.0414,1499.53
UTTAR DINAJPUR,2010-11,799.322,17293.621,,,540.413,819.008,98.232,236.7049,160.677,673.6492,1729.36
UTTAR DINAJPUR,2011-12,910.283,20781.14,,,606.272,963.8305,119.327,299.6808,184.684,814.6027,2078.11
UTTAR DINAJPUR,2012-13,1118.238,24722.861,,,749.396,1151.523,146.765,379.6167,222.077,941.1464,2472.29
UTTAR DINAJPUR,2013-14,1492.293,29554.108,,,1047.585,1335.5439,178.336,464.7872,266.372,1155.0797,2955.41
UTTAR DINAJPUR,2014-15,2236.058,34850.719,,,1606.478,1530.8346,304.677,567.3349,324.903,1386.9024,3485.07
UTTAR DINAJPUR,2015-16,3161.044,40093.93,,,2216.794,1778.1964,488.62,676.4894,455.63,1554.7072,4009.39
UTTAR DINAJPUR,2016-17,3806.129,47739.218,,,2572.728,2075.3597,712.47,930.2619,520.931,1768.3002,4773.92
UTTAR DINAJPUR,2017-18,4038.548,54166.017,,,2743.429,2288.1275,762.042,1153.4185,533.077,1975.0557,5416.6
UTTAR KANNAD,2009-10,1592.88,37204.208,,,562.765,986.7254,1030.115,2733.6954,,,3720.42
UTTAR KANNAD,2010-11,1612.126,42505.434,,,560.053,1117.659,1052.073,3132.8844,,,4250.54
UTTAR KANNAD,2011-12,1859.161,50911.207,,,624.162,1274.0413,1234.999,3817.0794,,,5091.12
UTTAR KANNAD,2012-13,2110.974,60202.629,,,689.622,1482.345,1421.352,4537.9179,,,6020.26
UTTAR KANNAD,2013-14,2347.413,71577.618,,,764.95,1742.5884,1582.463,5415.1734,,,7157.76
UTTAR KANNAD,2014-15,2794.996,83431.998,,,941.521,1987.7441,1853.475,6355.4557,,,8343.2
UTTAR KANNAD,2015-16,3009.817,94209.665,,,999.341,2141.6001,2010.476,7279.3664,,,9420.97
UTTAR KANNAD,2016-17,3145.146,108703.232,,,1029.665,2590.8831,2115.481,8279.4401,,,10870.32
UTTAR KANNAD,2017-18,3166.832,118582.236,,,1020.999,2763.1254,2145.833,9095.0982,,,11858.22
UTTAR KASHI,2009-10,138.492,4191.51,,,99.125,191.5603,39.367,227.5907,,,419.15
UTTAR KASHI,2010-11,158.019,5148.544,,,114.23,228.3938,43.789,286.4606,,,514.85
UTTAR KASHI,2011-12,181.696,5513.294,,,131.235,279.0367,50.461,272.2927,,,551.33
UTTAR KASHI,2012-13,207.034,6506.933,,,150.838,326.9748,56.196,323.7185,,,650.69
UTTAR KASHI,2013-14,255.315,7750.699,,,189.004,403.1939,66.311,371.876,,,775.07
UTTAR KASHI,2014-15,330.512,8921.982,,,248.653,446.8054,81.859,445.3928,,,892.2
UTTAR KASHI,2015-16,388.283,9249.301,,,293.19,489.7189,95.093,435.2112,,,924.93
UTTAR KASHI,2016-17,433.225,11133.995,,,326.807,616.6028,106.418,496.7967,,,1113.4
UTTAR KASHI,2017-18,456.956,13349.705,,,342.943,741.8849,114.013,593.0856,,,1334.97
VADODARA,2009-10,4350.064,271645.545,3157.714,23471.3653,807.893,2490.1912,384.457,1202.998,,,27164.55
VADODARA,2010-11,4698.888,339622.407,3393.464,29362.9636,904.35,3206.1002,401.074,1393.1769,,,33962.24
VADODARA,2011-12,5243.488,406869.493,3760.417,35103.9821,1033.595,3936.5636,449.476,1646.4036,,,40686.95
VADODARA,2012-13,5838.623,476071.221,4160.028,41162.7084,1163.952,4454.785,514.643,1989.6287,,,47607.12
VADODARA,2013-14,6562.261,558862.893,4561.049,48454.4329,1393.41,5141.061,607.802,2290.7954,,,55886.29
VADODARA,2014-15,7377.084,645066.183,4987.77,56235.3247,1669.634,5608.5691,719.68,2662.7245,,,64506.62
VADODARA,2015-16,7362.508,679278.635,5353.794,60009.2665,1339.07,5458.9463,669.644,2459.6507,,,67927.86
VADODARA,2016-17,7878.184,742509.176,5802.97,65918.1059,1308.997,5357.7476,766.217,2975.0641,,,74250.92
VADODARA,2017-18,7924.629,794102.236,5795.443,70628.7862,1356.386,5744.2568,772.8,3037.1806,,,79410.22
VAISHALI,2009-10,934.241,24666.551,,,567.799,1041.7728,155.241,431.312,211.201,993.5703,2466.66
VAISHALI,2010-11,1179.791,30521.356,,,682.045,1211.0126,225.079,504.5499,272.667,1336.5731,3052.14
VAISHALI,2011-12,1353.112,36197.003,,,815.202,1481.6122,260.759,629.9812,277.151,1508.1069,3619.7
VAISHALI,2012-13,1606.273,41863.664,,,971.034,1734.1674,317.694,742.1308,317.545,1710.0682,4186.37
VAISHALI,2013-14,1876.83,48563.656,,,1133.522,2076.1173,391.875,887.3792,351.433,1892.8691,4856.37
VAISHALI,2014-15,2437.296,56570.984,,,1524.685,2453.3531,510.273,1022.0207,402.338,2181.7246,5657.1
VAISHALI,2015-16,3097.466,64174.037,,,1902.312,2751.228,675.444,1145.1895,519.71,2520.9862,6417.4
VAISHALI,2016-17,3651.796,74904.615,,,1952.367,2755.0762,1120.627,1938.9171,578.802,2796.4682,7490.46
VAISHALI,2017-18,4142.442,80820.357,,,2197.262,3098.4123,1315.786,2217.5272,629.394,2766.0962,8082.04
VALSAD,2009-10,1296.576,46514.097,,,323.807,740.4388,972.769,3910.9709,,,4651.41
VALSAD,2010-11,1369.392,55827.577,,,343.559,927.9986,1025.833,4654.7591,,,5582.76
VALSAD,2011-12,1543.601,65638.036,,,418.245,1230.4872,1125.356,5333.3164,,,6563.8
VALSAD,2012-13,1744.021,77423.698,,,493.915,1458.7158,1250.106,6283.654,,,7742.37
VALSAD,2013-14,2023.988,90357.515,,,610.658,1731.1885,1413.33,7304.563,,,9035.75
VALSAD,2014-15,2341.876,107880.254,,,730.749,1993.8186,1611.127,8794.2068,,,10788.03
VALSAD,2015-16,2633.869,116686.188,,,848.901,2286.2561,1784.968,9382.3627,,,11668.62
VALSAD,2016-17,3012.107,139225.71,,,914.59,2604.5915,898.241,3563.4136,1199.276,7754.5659,13922.57
VALSAD,2017-18,3144.545,145176.148,,,967.131,2789.1239,945.25,3767.0253,1232.164,7961.4656,14517.61
VARANASI,2009-10,2920.098,122311.398,1900.591,10584.9955,826.874,1258.6476,192.633,387.4967,,,12231.14
VARANASI,2010-11,3301.878,147642.031,2108.67,12872.3766,981.308,1496.5751,211.9,395.2514,,,14764.2
VARANASI,2011-12,3546.759,175452.678,2172.442,15321.2112,1148.406,1747.8696,225.911,476.187,,,17545.27
VARANASI,2012-13,4032.459,210072.915,2459.926,18251.5336,1307.125,2153.6676,265.408,602.0903,,,21007.29
VARANASI,2013-14,4500.861,246446.392,2685.433,21360.9575,1518.209,2553.028,297.219,730.6537,,,24644.64
VARANASI,2014-15,5164.777,280914.598,3008.386,24194.5715,1810.163,3070.0615,346.228,826.8268,,,28091.46
VARANASI,2015-16,5816.282,290757.395,3378.274,24519.0077,2052.417,3632.6111,385.591,924.1207,,,29075.74
VARANASI,2016-17,6232.478,337214.016,3728.364,28232.7486,2036.125,4194.8138,467.989,1293.8392,,,33721.4
VARANASI,2017-18,6488.542,384188.281,3862.398,32157.4126,2133.25,4745.1433,492.894,1516.2722,,,38418.83
VELLORE,2009-10,2271.352,52546.248,,,690.987,932.2047,1142.54,2558.2003,437.825,1764.2198,5254.62
VELLORE,2010-11,2317.047,61231.544,,,715.325,1086.9803,1130.83,3071.2989,470.892,1964.8752,6123.15
VELLORE,2011-12,2578.764,71020.5,,,801.082,1259.3034,1282.203,3551.9126,495.479,2290.834,7102.05
VELLORE,2012-13,3096.504,79728.488,,,1014.965,1383.1061,1538.726,3983.1416,542.813,2606.6011,7972.85
VELLORE,2013-14,3983.407,92585.476,,,1378.407,1555.1545,1989.535,4722.1895,615.465,2981.2036,9258.55
VELLORE,2014-15,4650.933,106427.913,,,1624.949,1862.2206,2345.986,5307.0995,679.998,3473.4712,10642.79
VELLORE,2015-16,5082.138,122883.372,,,1746.014,2109.9175,2606.611,6192.9547,729.513,3985.465,12288.34
VELLORE,2016-17,5446.062,147830.111,,,1646.751,2174.2127,2725.151,7110.807,1074.16,5497.9914,14783.01
VELLORE,2017-18,5755.672,155832.311,,,1751.321,2307.3525,2888.659,7515.9191,1115.692,5759.9595,15583.23
VIDISHA,2009-10,438.871,11281.268,,,142.024,203.0653,135.324,306.6064,161.523,618.4551,1128.13
VIDISHA,2010-11,480.293,13074.596,,,162.923,230.8,138.108,364.3271,179.262,712.3325,1307.46
VIDISHA,2011-12,587.193,18832.624,,,203.877,273.0046,173.258,420.4537,210.058,1189.8041,1883.26
VIDISHA,2012-13,667.332,18556.755,,,231.682,302.7911,208.817,529.8671,226.833,1023.0173,1855.68
VIDISHA,2013-14,874.052,20517.845,,,306.259,358.1984,294.705,606.383,273.088,1087.2031,2051.78
VIDISHA,2014-15,1162.112,22366.128,,,433.721,381.3819,386.369,609.7175,342.022,1245.5134,2236.61
VIDISHA,2015-16,1439.348,25617.84,,,558.021,437.4384,491.803,711.9235,389.524,1412.4221,2561.78
VIDISHA,2016-17,1649.565,30153.11,,,547.416,463.9752,666.657,948.6168,435.492,1602.719,3015.31
VIDISHA,2017-18,1697.649,32416.51,,,561.043,477.9227,689.137,1024.0925,447.469,1739.6358,3241.65
VIKARABAD,2017-18,997.444,15974.297,,,524.21,565.9609,473.234,1031.4688,,,1597.43
VILLUPURAM,2009-10,1572.821,25418.523,,,836.386,915.1852,736.435,1626.6671,,,2541.85
VILLUPURAM,2010-11,1610.778,29300.311,,,831.936,1033.9255,778.842,1896.1056,,,2930.03
VILLUPURAM,2011-12,1796.97,34827.297,,,916.889,1215.7119,880.081,2267.0178,,,3482.73
VILLUPURAM,2012-13,2288.416,39106.553,,,1170.133,1422.7624,1118.283,2487.8929,,,3910.66
VILLUPURAM,2013-14,3249.269,43998.276,,,1783.976,1557.0597,1465.293,2842.7679,,,4399.83
VILLUPURAM,2014-15,3641.731,50444.997,,,1998.064,1801.1413,1643.667,3243.3584,,,5044.5
VILLUPURAM,2015-16,4144.658,56730.037,,,2197.28,1975.1613,1947.378,3697.8424,,,5673
VILLUPURAM,2016-17,4311.193,66747.087,,,2239.592,2263.7322,2071.601,4410.9765,,,6674.71
VILLUPURAM,2017-18,4525.158,71494.173,,,2351.516,2264.7959,2173.642,4884.6214,,,7149.42
VIRUDHUNAGAR,2009-10,1315.628,38041.193,,,294.673,530.8867,833.841,2577.9363,187.114,695.2963,3804.12
VIRUDHUNAGAR,2010-11,1438.859,43750.163,,,324.978,562.4338,909.929,3052.0454,203.952,760.5371,4375.02
VIRUDHUNAGAR,2011-12,1609.522,50088.44,,,371.638,648.3523,1018.725,3521.3328,219.159,839.1589,5008.84
VIRUDHUNAGAR,2012-13,1961.677,54633.364,,,481.481,743.454,1234.074,3758.5381,246.122,961.3443,5463.34
VIRUDHUNAGAR,2013-14,2332.717,64533.676,,,609.081,865.1591,1430.55,4485.2879,293.086,1102.9206,6453.37
VIRUDHUNAGAR,2014-15,2718.545,72989.337,,,737.108,1052.517,1641.51,4961.1112,339.927,1285.3055,7298.93
VIRUDHUNAGAR,2015-16,2982.672,84126.605,,,813.112,1196.4873,1800.906,5791.9305,368.654,1424.2427,8412.66
VIRUDHUNAGAR,2016-17,3224.104,105457.624,,,863.612,1396.769,1950.507,7409.6971,409.985,1739.2963,10545.76
VIRUDHUNAGAR,2017-18,3402.188,110763.287,,,913.148,1482.7482,2055.023,7703.7419,434.017,1889.8386,11076.33
VISHAKHAPATNAM,2009-10,3371.781,202475.731,1750.376,14646.9268,796.968,1376.4267,591.44,3338.3266,232.997,885.893,20247.57
VISHAKHAPATNAM,2010-11,3736.195,192797.956,1904.742,14865.4599,904.069,1498.8431,667.218,1966.8069,260.166,948.6857,19279.8
VISHAKHAPATNAM,2011-12,4109.414,235089.912,2477.977,19950.0328,903.522,1328.3405,727.915,2230.6179,,,23508.99
VISHAKHAPATNAM,2012-13,4798.883,263497.59,2822.54,22281.3461,1089.496,1528.1671,886.847,2540.2458,,,26349.76
VISHAKHAPATNAM,2013-14,6126.699,278364.153,3235.693,23427.5601,1475.429,1817.7654,1411.916,2584.4109,3.661,6.6789,27836.42
VISHAKHAPATNAM,2014-15,6866.749,325572.19,3695.736,27195.0906,1813.872,2241.7109,1349.216,3106.6455,7.925,13.772,32557.22
VISHAKHAPATNAM,2015-16,7413.803,356367.13,4073.276,29889.6317,1908.775,2537.4451,1362.845,2719.2566,68.907,490.3796,35636.71
VISHAKHAPATNAM,2016-17,8213.888,401417.863,4616.501,34050.516,2007.632,2883.5261,1589.755,3207.7442,,,40141.79
VISHAKHAPATNAM,2017-18,8334.297,425689.157,4705.374,36084.0564,2024.34,3123.1735,1604.583,3361.6858,,,42568.92
VIZIANAGARAM,2009-10,1666.173,21624.177,,,671.895,514.6598,632.124,632.806,362.154,1014.9519,2162.42
VIZIANAGARAM,2010-11,1870.751,24557.339,,,742.614,605.0963,685.816,708.7891,442.321,1141.8485,2455.73
VIZIANAGARAM,2011-12,2244.496,30250.201,,,833.804,718.7121,757.387,843.8132,653.305,1462.4948,3025.02
VIZIANAGARAM,2012-13,2391.804,36241.349,,,1032.279,877.768,872.558,1023.1564,486.967,1723.2105,3624.13
VIZIANAGARAM,2013-14,2818.13,40753.726,,,1267.237,1003.4554,1015.895,1198.7027,534.998,1873.2145,4075.37
VIZIANAGARAM,2014-15,4377.802,49838.28,,,1689.486,1290.468,1215.732,1440.2592,1472.584,2253.1008,4983.83
VIZIANAGARAM,2015-16,3689.607,59598.979,,,1530.42,1507.7061,1119.397,1840.8595,1039.79,2611.3323,5959.9
VIZIANAGARAM,2016-17,3876.607,72602.683,,,1589.167,1968.8392,1188.114,2235.2881,1099.326,3056.141,7260.27
VIZIANAGARAM,2017-18,3947.491,77875.143,,,1611.041,2150.7538,1223.493,2382.1758,1112.957,3254.5847,7787.51
WANAPARTHY,2017-18,718.834,11239.548,,,207.482,216.5003,511.352,907.4545,,,1123.95
WARANGAL,2009-10,2552.404,52897.064,,,644.364,630.9278,894.123,1067.7791,1013.917,3590.9995,5289.71
WARANGAL,2010-11,2896.599,57429.887,,,753.651,623.7579,1023.137,1132.3681,1119.811,3986.8627,5742.99
WARANGAL,2011-12,2989.825,65240.896,,,826.988,711.6516,1050.708,1258.0299,1112.129,4554.4081,6524.09
WARANGAL,2012-13,3559.047,75548.15,,,1043.579,881.4913,1244.256,1443.4316,1271.212,5229.8921,7554.82
WARANGAL,2013-14,4959.286,84730.168,,,1670.986,1019.8425,1657.565,1569.4761,1630.735,5883.6982,8473.02
WARANGAL,2014-15,5688.25,101625.129,,,1940.854,1225.603,1899.638,1919.2365,1847.758,7017.6734,10162.51
WARANGAL,2015-16,5671.843,116099.607,,,1875.889,1469.5817,1855.036,2223.1436,1940.918,7917.2354,11609.96
WARANGAL,2016-17,6198.312,152720.07,,,1773.095,1732.4345,2057.074,3111.3661,2368.143,10428.2064,15272.01
WARANGAL RURAL,2017-18,1043.749,10380.532,,,488.355,462.2588,555.394,575.7944,,,1038.05
WARANGAL URBAN,2017-18,2498.701,105378.02,,,191.26,201.0264,77.532,154.3341,2229.909,10182.4415,10537.8
WARDHA,2009-10,593.44,16550.005,,,223.58,394.5666,206.468,545.9802,163.392,714.4537,1655
WARDHA,2010-11,705.65,20225.268,,,264.769,445.3384,241.083,662.0283,199.798,915.1601,2022.53
WARDHA,2011-12,856.957,25863.308,,,319.263,677.9975,300.386,841.7779,237.308,1066.5554,2586.33
WARDHA,2012-13,1229.557,31358.135,,,482.328,756.6535,428.343,1032.8151,318.886,1346.3449,3135.81
WARDHA,2013-14,1415.799,38108.508,,,558.274,938.8066,492.883,1289.3151,364.642,1582.7291,3810.85
WARDHA,2014-15,1572.262,43515.158,,,621.148,1083.0077,556.898,1465.81,394.216,1802.6981,4351.52
WARDHA,2015-16,1726.201,49575.979,,,673.351,1205.9901,623.203,1683.0119,429.647,2068.5959,4957.6
WARDHA,2016-17,1872.226,60976.497,,,648.702,1294.1368,532.345,1613.0262,691.179,3190.4867,6097.65
WARDHA,2017-18,2003.19,68458.81,,,714.75,1441.6594,568.455,1769.8581,719.985,3634.3635,6845.88
WASHIM,2009-10,267.532,5122.476,,,90.754,96.4332,176.778,415.8144,,,512.25
WASHIM,2010-11,338.294,6760.771,,,115.864,117.5819,222.43,558.4952,,,676.08
WASHIM,2011-12,413.953,8278.115,,,138.756,150.1563,275.197,677.6552,,,827.81
WASHIM,2012-13,531.933,10148.367,,,187.606,164.6532,344.327,850.1835,,,1014.84
WASHIM,2013-14,694.75,12592.078,,,241.415,201.5822,453.335,1057.6256,,,1259.21
WASHIM,2014-15,848.763,13580.102,,,290.528,218.29,558.235,1139.7202,,,1358.01
WASHIM,2015-16,974.361,15640.326,,,324.987,240.0098,649.374,1324.0228,,,1564.03
WASHIM,2016-17,1075.231,18686.503,,,345.398,298.8263,729.833,1569.824,,,1868.65
WASHIM,2017-18,1144.747,20732.801,,,366.777,384.8864,777.97,1688.3937,,,2073.28
WAYANAD,2009-10,619.084,9557.201,,,96.984,85.5134,522.1,870.2067,,,955.72
WAYANAD,2010-11,697.459,10446.885,,,103.34,94.8285,594.119,949.86,,,1044.69
WAYANAD,2011-12,742.758,12872.362,,,102.96,113.4711,639.798,1173.7651,,,1287.24
WAYANAD,2012-13,938.093,15128.769,,,117.606,126.6784,820.487,1386.1985,,,1512.88
WAYANAD,2013-14,1133.293,18437.752,,,127.091,161.2095,1006.202,1682.5657,,,1843.78
WAYANAD,2014-15,1240.653,22128.71,,,138.455,185.1029,1102.198,2027.7681,,,2212.87
WAYANAD,2015-16,1292.636,24388.309,,,74.53,113.7043,1218.106,2325.1266,,,2438.83
WAYANAD,2016-17,1359.027,30497.461,,,38.078,64.5777,1320.949,2985.1684,,,3049.75
WAYANAD,2017-18,1467.411,31715.508,,,42.879,72.6096,1424.532,3098.9412,,,3171.55
WEST GARO HILLS,2009-10,154.859,4594.663,,,97.96,156.3496,56.899,303.1167,,,459.47
WEST GARO HILLS,2010-11,186.074,6108.654,,,122.478,200.1886,63.596,410.6768,,,610.87
WEST GARO HILLS,2011-12,227.22,7547.445,,,152.011,252.0421,75.209,502.7024,,,754.74
WEST GARO HILLS,2012-13,273.134,9284.537,,,189.51,306.562,83.624,621.8917,,,928.45
WEST GARO HILLS,2013-14,307.041,10278.434,,,218.096,369.5579,88.945,658.2855,,,1027.84
WEST GARO HILLS,2014-15,363.704,12075.945,,,262.665,420.8363,101.039,786.7582,,,1207.59
WEST GARO HILLS,2015-16,330.545,10735.28,,,220.97,294.7414,109.575,778.7866,,,1073.53
WEST GARO HILLS,2016-17,393.044,12616.061,,,274.203,359.7091,118.841,901.897,,,1261.61
WEST GARO HILLS,2017-18,395.632,13237.557,,,280.366,398.1264,115.266,925.6293,,,1323.76
WEST GODAVARI,2009-10,3085.529,60556.025,,,940.189,1331.9892,1320.845,2435.4077,824.495,2288.2056,6055.6
WEST GODAVARI,2010-11,3287.56,65994.013,,,984.512,1333.4283,1412.352,2661.0068,890.696,2604.9662,6599.4
WEST GODAVARI,2011-12,3614.862,78126.325,,,1088.981,1592.4936,1573.662,3152.362,952.219,3067.7769,7812.63
WEST GODAVARI,2012-13,4209.427,90367.095,,,1279.908,1882.6225,1862.214,3704.9551,1067.305,3449.1319,9036.71
WEST GODAVARI,2013-14,5427.593,105636.415,,,1816.197,2237.4179,2271.893,4366.2612,1339.503,3959.9624,10563.64
WEST GODAVARI,2014-15,5913.769,124672.753,,,1924.41,2560.9717,2536.869,5196.2989,1452.49,4710.0047,12467.28
WEST GODAVARI,2015-16,6413.567,138798.324,,,1814.549,2773.7465,3021.222,6033.6416,1577.796,5072.4443,13879.83
WEST GODAVARI,2016-17,7033.947,165347.617,,,1971.237,3340.9075,3346.952,7259.1615,1715.758,5934.6927,16534.76
WEST GODAVARI,2017-18,7169.3,175555.57,,,2032.789,3604.0927,3396.145,7565.4907,1740.366,6385.9736,17555.56
WEST KAMENG,2009-10,59.88,2665.026,,,59.88,266.5026,,,,,266.5
WEST KAMENG,2010-11,67.222,3073.437,,,67.222,307.3437,,,,,307.34
WEST KAMENG,2011-12,68.347,3242.401,,,68.347,324.2401,,,,,324.24
WEST KAMENG,2012-13,66.98,3606.249,,,66.98,360.6249,,,,,360.62
WEST KAMENG,2013-14,67.337,4212.817,,,67.337,421.2817,,,,,421.28
WEST KAMENG,2014-15,78.514,4796.323,,,78.514,479.6323,,,,,479.63
WEST KAMENG,2015-16,94.675,5287.403,,,94.675,528.7403,,,,,528.74
WEST KAMENG,2016-17,104.214,6786.009,,,104.214,678.6009,,,,,678.6
WEST KAMENG,2017-18,112.199,7662.518,,,112.199,766.2518,,,,,766.25
WEST KARBI ANGLONG,2017-18,265.344,2306.255,,,265.344,230.6255,,,,,230.63
WEST KHASI HILLS,2009-10,79.003,1906.018,,,49.715,85.3723,29.288,105.2295,,,190.6
WEST KHASI HILLS,2010-11,99.082,2460.604,,,64.671,109.4106,34.411,136.6498,,,246.06
WEST KHASI HILLS,2011-12,118.671,3466.89,,,77.532,137.4273,41.139,209.2617,,,346.69
WEST KHASI HILLS,2012-13,135.6,4351.091,,,87.94,170.4521,47.66,264.657,,,435.11
WEST KHASI HILLS,2013-14,158.585,5065.09,,,102.117,210.5988,56.468,295.9102,,,506.51
WEST KHASI HILLS,2014-15,196.891,5239.81,,,125.74,240.4988,71.151,283.4822,,,523.98
WEST KHASI HILLS,2015-16,173.404,3704.205,,,86.841,118.8301,86.563,251.5904,,,370.42
WEST KHASI HILLS,2016-17,194.499,5025.848,,,95.485,148.8426,99.014,353.7422,,,502.58
WEST KHASI HILLS,2017-18,204.701,5363.106,,,101.969,161.3229,102.732,374.9877,,,536.31
WEST NIMAR,2009-10,586.942,13514.498,,,267.35,352.8011,209.902,503.0102,109.69,495.6385,1351.45
WEST NIMAR,2010-11,677.745,15174.553,,,309.734,415.7064,241.645,573.17,126.366,528.5789,1517.46
WEST NIMAR,2011-12,798.802,17660.777,,,372.711,461.3167,280.362,668.3684,145.729,636.3926,1766.08
WEST NIMAR,2012-13,973.875,20678.921,,,448.963,555.2527,351.728,782.0866,173.184,730.5528,2067.89
WEST NIMAR,2013-14,1221.569,25516.345,,,566.535,622.0458,450.126,983.1573,204.908,946.4314,2551.63
WEST NIMAR,2014-15,1625.628,27363.863,,,781.191,636.2962,570.277,1001.4803,274.16,1098.6098,2736.39
WEST NIMAR,2015-16,2002.177,29438.03,,,1011.383,709.0031,664.51,1106.2779,326.284,1128.522,2943.8
WEST NIMAR,2016-17,2228.535,38412.848,,,1010.197,866.2098,833.545,1563.085,384.793,1411.99,3841.28
WEST NIMAR,2017-18,2350.265,40192.516,,,1061.855,918.7446,871.203,1603.2626,417.207,1497.2444,4019.25
WEST SIANG,2009-10,80.984,2971.137,,,46.029,119.8429,34.955,177.2708,,,297.11
WEST SIANG,2010-11,97.384,3379.515,,,64.318,130.6178,33.066,207.3337,,,337.95
WEST SIANG,2011-12,86.21,3501.252,,,50.507,144.1322,35.703,205.993,,,350.13
WEST SIANG,2012-13,75.523,3986.207,,,39.161,152.7041,36.362,245.9166,,,398.62
WEST SIANG,2013-14,89.528,4527.701,,,44.477,177.0471,45.051,275.723,,,452.77
WEST SIANG,2014-15,111.466,5077.355,,,55.585,192.1601,55.881,315.5754,,,507.74
WEST SIANG,2015-16,121.159,5303.52,,,60.837,195.8107,60.322,334.5413,,,530.35
WEST SIANG,2016-17,143.648,7563.34,,,73.923,281.3654,69.725,474.9686,,,756.33
WEST SIANG,2017-18,148.888,7951.872,,,73.992,305.9154,74.896,489.2718,,,795.19
WEST SIKKIM,2009-10,28.242,1048.439,,,28.242,104.8439,,,,,104.84
WEST SIKKIM,2010-11,34.732,1084.329,,,34.732,108.4329,,,,,108.43
WEST SIKKIM,2011-12,36.786,1341.462,,,36.786,134.1462,,,,,134.15
WEST SIKKIM,2012-13,57.322,1505.837,,,57.322,150.5837,,,,,150.58
WEST SIKKIM,2013-14,71.307,1826.431,,,71.307,182.6431,,,,,182.64
WEST SIKKIM,2014-15,90.056,2292.304,,,90.056,229.2304,,,,,229.23
WEST SIKKIM,2015-16,105.114,2743.822,,,105.114,274.3822,,,,,274.38
WEST SIKKIM,2016-17,118.879,3371.982,,,118.879,337.1982,,,,,337.2
WEST SIKKIM,2017-18,126.131,3730.695,,,126.131,373.0695,,,,,373.07
WEST TRIPURA,2009-10,1116.643,55237.847,,,286.971,843.1564,298.897,680.2456,530.775,4000.3827,5523.78
WEST TRIPURA,2010-11,1256.699,63876.15,,,355.551,1202.3067,333.699,779.9117,567.449,4405.3966,6387.62
WEST TRIPURA,2011-12,1351.681,78336.954,,,395.608,1431.1952,362.871,989.5286,593.202,5412.9716,7833.7
WEST TRIPURA,2012-13,1053.951,77832.442,,,272.309,1480.6808,114.238,231.3779,667.404,6071.1855,7783.24
WEST TRIPURA,2013-14,1289.272,87186.668,,,394.495,1595.2095,147.79,298.0666,746.987,6825.3907,8718.67
WEST TRIPURA,2014-15,1479.409,99230.719,,,469.278,1677.4082,171.335,358.9372,838.796,7886.7265,9923.07
WEST TRIPURA,2015-16,2174.959,121245.28,,,518.599,1958.8659,718.48,1718.8486,937.88,8446.8135,12124.53
WEST TRIPURA,2016-17,2402.99,143106.724,,,522.922,2432.4431,701.279,1780.0165,1178.789,10098.2128,14310.67
WEST TRIPURA,2017-18,2528.147,153514.328,,,556.114,2835.3234,743.865,1899.6528,1228.168,10616.4566,15351.43
WOKHA,2009-10,27.016,620.102,,,7.497,10.0789,19.519,51.9313,,,62.01
WOKHA,2010-11,29.997,786.052,,,7.982,12.9146,22.015,65.6906,,,78.61
WOKHA,2011-12,35.763,1061.648,,,9.373,17.2151,26.39,88.9497,,,106.16
WOKHA,2012-13,40.571,1241.478,,,10.426,20.7879,30.145,103.3599,,,124.15
WOKHA,2013-14,43.224,1179.349,,,11.399,22.6905,31.825,95.2444,,,117.93
WOKHA,2014-15,54.302,1267.983,,,15.319,24.8154,38.983,101.9829,,,126.8
WOKHA,2015-16,59.873,1203.987,,,14.934,25.9841,44.939,94.4146,,,120.4
WOKHA,2016-17,67.002,1522.699,,,16.581,28.7441,50.421,123.5258,,,152.27
WOKHA,2017-18,69.66,1824.218,,,17.704,35.2096,51.956,147.2122,,,182.42
YADADRI,2017-18,1097.695,18040.561,,,432.768,478.621,664.927,1325.4351,,,1804.06
YADGIR,2010-11,404.409,7077.02,,,145.492,174.5837,258.917,533.1183,,,707.7
YADGIR,2011-12,439.181,8463.74,,,181.058,212.5627,258.123,633.8113,,,846.37
YADGIR,2012-13,544.108,10776.429,,,218.339,243.5891,325.769,834.0538,,,1077.64
YADGIR,2013-14,669.746,14390.41,,,210.768,302.1246,458.978,1136.9164,,,1439.04
YADGIR,2014-15,818.561,15334.749,,,258.429,287.0367,560.132,1246.4382,,,1533.47
YADGIR,2015-16,959.319,19470.661,,,318.839,400.4545,640.48,1546.6116,,,1947.07
YADGIR,2016-17,1227.787,25454.13,,,401.811,504.7599,825.976,2040.6531,,,2545.41
YADGIR,2017-18,1298.829,23996.626,,,433.579,540.5553,865.25,1859.1073,,,2399.66
YAMUNANAGAR,2009-10,1018.457,35462.497,,,310.067,685.706,93.107,212.0371,615.283,2648.5066,3546.25
YAMUNANAGAR,2010-11,1145.148,40170.756,,,364.483,822.5099,103.707,237.862,676.958,2956.7037,4017.08
YAMUNANAGAR,2011-12,1215.613,47753.463,,,400.226,981.6028,109.789,281.8937,705.598,3511.8498,4775.35
YAMUNANAGAR,2012-13,1348.221,54322.703,,,440.617,1110.2144,129.862,310.5958,777.742,4011.4601,5432.27
YAMUNANAGAR,2013-14,1512.089,64035.081,,,522.934,1344.0052,151.385,378.8444,837.77,4680.6585,6403.51
YAMUNANAGAR,2014-15,1797.328,74750.055,,,660.233,1572.8505,175.974,428.3244,961.121,5473.8306,7475.01
YAMUNANAGAR,2015-16,2093.006,79299.579,,,796.379,1684.9501,201.16,448.1046,1095.467,5796.9032,7929.96
YAMUNANAGAR,2016-17,2308.725,96870.352,,,699.533,1610.5876,418.227,1110.2054,1190.965,6966.2422,9687.04
YAMUNANAGAR,2017-18,2400.656,105218.914,,,745.788,1748.609,443.724,1216.508,1211.144,7556.7744,10521.89
YANAM,2009-10,37.774,862.963,,,,,37.774,86.2963,,,86.3
YANAM,2010-11,38.361,994.059,,,,,38.361,99.4059,,,99.41
YANAM,2011-12,42.387,1089.174,,,,,42.387,108.9174,,,108.92
YANAM,2012-13,56.874,1245.566,,,,,56.874,124.5566,,,124.56
YANAM,2013-14,75.361,1528.864,,,,,75.361,152.8864,,,152.89
YANAM,2014-15,85.625,1804.753,,,,,85.625,180.4753,,,180.48
YANAM,2015-16,92.895,1987.219,,,,,92.895,198.7219,,,198.72
YANAM,2016-17,101.082,2470.817,,,,,101.082,247.0817,,,247.08
YANAM,2017-18,108.457,2687.076,,,,,108.457,268.7076,,,268.71
YAVATMAL,2009-10,812.467,19580.166,,,266.138,390.0689,372.664,861.2867,173.665,706.661,1958.02
YAVATMAL,2010-11,995.971,23850.166,,,337.549,468.7865,459.189,1046.1642,199.233,870.0659,2385.02
YAVATMAL,2011-12,1168.678,30043.267,,,389.697,601.6874,554.572,1358.5565,224.409,1044.0828,3004.33
YAVATMAL,2012-13,1474.436,33426.669,,,497.86,660.1062,723.933,1496.7617,252.643,1185.799,3342.67
YAVATMAL,2013-14,1715.578,38094.974,,,594.873,727.6245,851.761,1734.3418,268.944,1347.5311,3809.5
YAVATMAL,2014-15,2155.78,44616.406,,,751.826,858.5469,1097.724,2084.9639,306.23,1518.1298,4461.64
YAVATMAL,2015-16,2512.815,49928.497,,,895.873,933.1103,1262.643,2356.7146,354.299,1703.0248,4992.85
YAVATMAL,2016-17,2783.854,64165.458,,,989.03,1241.0969,1406.861,2966.384,387.963,2209.0649,6416.55
YAVATMAL,2017-18,2937.865,70024.893,,,1062.164,1271.6977,1475.244,3231.2475,400.457,2499.5441,7002.49
ZUNHEBOTO,2009-10,20.596,448.162,,,6.427,12.6157,14.169,32.2005,,,44.82
ZUNHEBOTO,2010-11,23.545,835.115,,,7.436,36.2577,16.109,47.2538,,,83.51
ZUNHEBOTO,2011-12,27.24,881.629,,,8.327,41.1684,18.913,46.9945,,,88.16
ZUNHEBOTO,2012-13,30.143,1054.953,,,10.01,55.2092,20.133,50.2861,,,105.5
ZUNHEBOTO,2013-14,32.683,998.543,,,10.459,45.7814,22.224,54.0729,,,99.85
ZUNHEBOTO,2014-15,50.861,1063.723,,,20.064,51.17,30.797,55.2023,,,106.37
ZUNHEBOTO,2015-16,54.123,1003.812,,,21.563,44.383,32.56,55.9982,,,100.38
ZUNHEBOTO,2016-17,60.383,1614.197,,,24.581,86.899,35.802,74.5207,,,161.42
ZUNHEBOTO,2017-18,62.21,2007.684,,,24.111,118.877,38.099,81.8914,,,200.77
